Month,SiteID,SiteName,Region,Role,FTE,AnnualSalary,OvertimeHours,OvertimeCost,AbsenceDays,BasePayroll,TotalPayroll
2025-01-01,S001,Preston Care & Education Centre,North,Support Worker,16.7,25000,55.4,887.82,7.3,34791.666666666664,35679.486666666664
2025-01-01,S001,Preston Care & Education Centre,North,Manager,17.7,43000,54.7,1507.76,8.7,63425.0,64932.76
2025-01-01,S001,Preston Care & Education Centre,North,Senior Support Worker,9.3,29000,50.6,940.64,4.9,22475.0,23415.64
2025-01-01,S001,Preston Care & Education Centre,North,Registered Nurse,19.5,41000,87.0,2286.54,8.7,66625.0,68911.54
2025-01-01,S001,Preston Care & Education Centre,North,Administrator,4.1,27000,11.0,190.38,3.8,9224.999999999998,9415.379999999997
2025-01-01,S001,Preston Care & Education Centre,North,Team Leader,10.6,35000,30.7,688.78,7.0,30916.666666666668,31605.446666666667
2025-01-01,S002,Manchester Care & Education Centre,North,Senior Support Worker,13.8,29000,50.2,933.21,6.9,33350.0,34283.21
2025-01-01,S002,Manchester Care & Education Centre,North,Driver,18.3,28000,102.6,1841.54,10.4,42700.0,44541.54
2025-01-01,S002,Manchester Care & Education Centre,North,Registered Nurse,11.1,41000,42.6,1119.62,5.2,37925.0,39044.62
2025-01-01,S002,Manchester Care & Education Centre,North,Administrator,7.8,27000,30.5,527.88,4.2,17550.0,18077.88
2025-01-01,S002,Manchester Care & Education Centre,North,Team Leader,8.8,35000,47.0,1054.49,4.4,25666.666666666668,26721.15666666667
2025-01-01,S003,Leeds Care & Education Centre,North,Administrator,12.7,27000,62.6,1083.46,8.0,28575.0,29658.46
2025-01-01,S003,Leeds Care & Education Centre,North,Senior Support Worker,18.5,29000,84.6,1572.69,9.6,44708.333333333336,46281.02333333334
2025-01-01,S003,Leeds Care & Education Centre,North,Driver,15.0,28000,25.8,463.08,4.9,35000.0,35463.08
2025-01-01,S003,Leeds Care & Education Centre,North,Registered Nurse,13.4,41000,61.4,1613.72,6.6,45783.333333333336,47397.05333333334
2025-01-01,S003,Leeds Care & Education Centre,North,Team Leader,16.8,35000,54.2,1216.03,8.6,49000.0,50216.03
2025-01-01,S004,Newcastle Care & Education Centre,North,Team Leader,8.3,35000,32.4,726.92,5.3,24208.333333333332,24935.25333333333
2025-01-01,S004,Newcastle Care & Education Centre,North,Manager,18.0,43000,74.3,2048.01,8.3,64500.0,66548.01
2025-01-01,S004,Newcastle Care & Education Centre,North,Driver,9.5,28000,52.1,935.13,4.5,22166.666666666668,23101.79666666667
2025-01-01,S004,Newcastle Care & Education Centre,North,Support Worker,5.5,25000,26.3,421.47,2.3,11458.333333333334,11879.803333333333
2025-01-01,S005,Sheffield Care & Education Centre,North,Support Worker,18.3,25000,55.4,887.82,9.2,38125.0,39012.82
2025-01-01,S005,Sheffield Care & Education Centre,North,Manager,19.1,43000,76.8,2116.92,10.0,68441.66666666667,70558.58666666667
2025-01-01,S005,Sheffield Care & Education Centre,North,Team Leader,15.4,35000,55.4,1242.95,5.9,44916.666666666664,46159.61666666666
2025-01-01,S005,Sheffield Care & Education Centre,North,Administrator,4.1,27000,13.7,237.12,2.8,9224.999999999998,9462.119999999999
2025-01-01,S005,Sheffield Care & Education Centre,North,Registered Nurse,9.6,41000,34.1,896.22,4.6,32800.0,33696.22
2025-01-01,S006,Birmingham Care & Education Centre,Midlands,Driver,17.4,28000,95.3,1710.51,8.0,40599.99999999999,42310.509999999995
2025-01-01,S006,Birmingham Care & Education Centre,Midlands,Registered Nurse,4.0,41000,6.7,176.09,1.8,13666.666666666666,13842.756666666666
2025-01-01,S006,Birmingham Care & Education Centre,Midlands,Senior Support Worker,7.2,29000,23.6,438.72,2.6,17400.0,17838.72
2025-01-01,S006,Birmingham Care & Education Centre,Midlands,Administrator,13.8,27000,51.6,893.08,7.4,31050.0,31943.08
2025-01-01,S007,Nottingham Care & Education Centre,Midlands,Registered Nurse,19.3,41000,76.9,2021.09,10.0,65941.66666666667,67962.75666666667
2025-01-01,S007,Nottingham Care & Education Centre,Midlands,Manager,11.2,43000,75.3,2075.58,5.3,40133.33333333333,42208.91333333333
2025-01-01,S007,Nottingham Care & Education Centre,Midlands,Team Leader,8.3,35000,36.7,823.4,3.6,24208.333333333332,25031.733333333334
2025-01-01,S007,Nottingham Care & Education Centre,Midlands,Senior Support Worker,18.0,29000,49.1,912.76,8.4,43500.0,44412.76
2025-01-01,S007,Nottingham Care & Education Centre,Midlands,Administrator,6.4,27000,21.0,363.46,3.6,14400.0,14763.46
2025-01-01,S008,Leicester Care & Education Centre,Midlands,Senior Support Worker,15.5,29000,116.6,2167.56,7.0,37458.333333333336,39625.89333333333
2025-01-01,S008,Leicester Care & Education Centre,Midlands,Manager,6.3,43000,21.3,587.12,3.1,22575.0,23162.12
2025-01-01,S008,Leicester Care & Education Centre,Midlands,Administrator,16.6,27000,76.3,1320.58,8.6,37350.00000000001,38670.58000000001
2025-01-01,S008,Leicester Care & Education Centre,Midlands,Support Worker,7.8,25000,46.2,740.38,1.5,16250.0,16990.38
2025-01-01,S008,Leicester Care & Education Centre,Midlands,Driver,16.4,28000,6.9,123.85,7.7,38266.666666666664,38390.51666666666
2025-01-01,S008,Leicester Care & Education Centre,Midlands,Team Leader,10.2,35000,57.6,1292.31,3.5,29750.0,31042.31
2025-01-01,S009,Derby Care & Education Centre,Midlands,Registered Nurse,8.0,41000,0.0,0.0,4.6,27333.333333333332,27333.333333333332
2025-01-01,S009,Derby Care & Education Centre,Midlands,Driver,3.5,28000,15.3,274.62,0.7,8166.666666666667,8441.286666666667
2025-01-01,S009,Derby Care & Education Centre,Midlands,Senior Support Worker,13.9,29000,35.1,652.5,6.0,33591.666666666664,34244.166666666664
2025-01-01,S009,Derby Care & Education Centre,Midlands,Manager,10.2,43000,42.5,1171.47,4.5,36549.99999999999,37721.469999999994
2025-01-01,S010,Coventry Care & Education Centre,Midlands,Team Leader,5.7,35000,27.0,605.77,0.0,16625.0,17230.77
2025-01-01,S010,Coventry Care & Education Centre,Midlands,Senior Support Worker,10.6,29000,28.8,535.38,4.2,25616.666666666668,26152.04666666667
2025-01-01,S010,Coventry Care & Education Centre,Midlands,Driver,8.3,28000,30.0,538.46,3.6,19366.666666666668,19905.126666666667
2025-01-01,S010,Coventry Care & Education Centre,Midlands,Manager,18.9,43000,98.2,2706.79,7.6,67724.99999999999,70431.78999999998
2025-01-01,S010,Coventry Care & Education Centre,Midlands,Registered Nurse,10.8,41000,43.9,1153.78,6.0,36900.00000000001,38053.780000000006
2025-01-01,S011,London Care & Education Centre,South,Administrator,5.8,27000,39.4,681.92,2.4,13050.0,13731.92
2025-01-01,S011,London Care & Education Centre,South,Manager,5.2,43000,23.3,642.24,0.8,18633.333333333332,19275.573333333334
2025-01-01,S011,London Care & Education Centre,South,Team Leader,19.3,35000,8.0,179.49,10.5,56291.666666666664,56471.15666666666
2025-01-01,S011,London Care & Education Centre,South,Registered Nurse,5.1,41000,20.4,536.15,3.7,17424.999999999996,17961.149999999998
2025-01-01,S012,Bristol Care & Education Centre,South,Manager,17.1,43000,33.2,915.13,9.1,61275.00000000001,62190.130000000005
2025-01-01,S012,Bristol Care & Education Centre,South,Team Leader,9.4,35000,64.0,1435.9,5.1,27416.666666666668,28852.56666666667
2025-01-01,S012,Bristol Care & Education Centre,South,Registered Nurse,3.4,41000,15.0,394.23,1.7,11616.666666666666,12010.896666666666
2025-01-01,S012,Bristol Care & Education Centre,South,Senior Support Worker,10.4,29000,17.1,317.88,6.6,25133.333333333332,25451.213333333333
2025-01-01,S012,Bristol Care & Education Centre,South,Administrator,8.5,27000,26.2,453.46,4.8,19125.0,19578.46
2025-01-01,S013,Reading Care & Education Centre,South,Registered Nurse,8.5,41000,14.1,370.58,3.1,29041.666666666668,29412.24666666667
2025-01-01,S013,Reading Care & Education Centre,South,Manager,15.9,43000,97.8,2695.77,7.6,56975.0,59670.77
2025-01-01,S013,Reading Care & Education Centre,South,Support Worker,3.7,25000,22.9,366.99,1.8,7708.333333333333,8075.323333333333
2025-01-01,S013,Reading Care & Education Centre,South,Driver,11.7,28000,14.5,260.26,6.7,27300.0,27560.26
2025-01-01,S014,Southampton Care & Education Centre,South,Administrator,5.4,27000,16.8,290.77,3.4,12150.0,12440.77
2025-01-01,S014,Southampton Care & Education Centre,South,Driver,4.7,28000,19.0,341.03,0.8,10966.666666666666,11307.696666666667
2025-01-01,S014,Southampton Care & Education Centre,South,Senior Support Worker,5.8,29000,24.6,457.31,5.1,14016.666666666666,14473.976666666666
2025-01-01,S014,Southampton Care & Education Centre,South,Team Leader,15.1,35000,71.6,1606.41,7.5,44041.666666666664,45648.07666666667
2025-01-01,S014,Southampton Care & Education Centre,South,Support Worker,4.6,25000,25.8,413.46,2.5,9583.333333333332,9996.793333333331
2025-01-01,S014,Southampton Care & Education Centre,South,Registered Nurse,9.1,41000,39.3,1032.88,3.5,31091.666666666668,32124.54666666667
2025-01-01,S015,Brighton Care & Education Centre,South,Registered Nurse,11.4,41000,49.6,1303.59,6.7,38950.0,40253.59
2025-01-01,S015,Brighton Care & Education Centre,South,Support Worker,12.3,25000,33.8,541.67,7.6,25625.0,26166.67
2025-01-01,S015,Brighton Care & Education Centre,South,Team Leader,11.9,35000,46.0,1032.05,5.1,34708.333333333336,35740.38333333334
2025-01-01,S015,Brighton Care & Education Centre,South,Driver,13.9,28000,76.4,1371.28,6.7,32433.333333333332,33804.613333333335
2025-01-01,S015,Brighton Care & Education Centre,South,Administrator,9.7,27000,49.9,863.65,4.6,21824.999999999996,22688.649999999998
2025-01-01,S016,Cardiff Care & Education Centre,Wales,Manager,5.7,43000,22.3,614.68,3.3,20425.0,21039.68
2025-01-01,S016,Cardiff Care & Education Centre,Wales,Support Worker,16.0,25000,71.0,1137.82,6.0,33333.333333333336,34471.153333333335
2025-01-01,S016,Cardiff Care & Education Centre,Wales,Senior Support Worker,17.8,29000,41.3,767.76,9.8,43016.666666666664,43784.426666666666
2025-01-01,S016,Cardiff Care & Education Centre,Wales,Team Leader,6.9,35000,26.2,587.82,2.9,20125.0,20712.82
2025-01-01,S017,Swansea Care & Education Centre,Wales,Administrator,3.9,27000,7.7,133.27,0.9,8775.0,8908.27
2025-01-01,S017,Swansea Care & Education Centre,Wales,Driver,17.3,28000,16.7,299.74,8.5,40366.666666666664,40666.40666666666
2025-01-01,S017,Swansea Care & Education Centre,Wales,Manager,6.8,43000,21.1,581.6,2.4,24366.666666666668,24948.266666666666
2025-01-01,S017,Swansea Care & Education Centre,Wales,Support Worker,3.7,25000,14.4,230.77,2.2,7708.333333333333,7939.1033333333335
2025-01-01,S018,Newport Care & Education Centre,Wales,Driver,11.5,28000,82.1,1473.59,4.2,26833.333333333332,28306.923333333332
2025-01-01,S018,Newport Care & Education Centre,Wales,Senior Support Worker,8.5,29000,48.8,907.18,5.2,20541.666666666668,21448.846666666668
2025-01-01,S018,Newport Care & Education Centre,Wales,Administrator,15.9,27000,45.0,778.85,8.2,35775.0,36553.85
2025-01-01,S018,Newport Care & Education Centre,Wales,Manager,14.4,43000,47.7,1314.81,7.4,51600.0,52914.81
2025-01-01,S019,Wrexham Care & Education Centre,Wales,Manager,14.4,43000,90.2,2486.28,7.8,51600.0,54086.28
2025-01-01,S019,Wrexham Care & Education Centre,Wales,Registered Nurse,14.9,41000,71.0,1866.03,7.0,50908.333333333336,52774.363333333335
2025-01-01,S019,Wrexham Care & Education Centre,Wales,Team Leader,12.4,35000,22.0,493.59,6.0,36166.666666666664,36660.25666666666
2025-01-01,S019,Wrexham Care & Education Centre,Wales,Support Worker,3.7,25000,21.5,344.55,0.3,7708.333333333333,8052.883333333333
2025-01-01,S020,Bangor Care & Education Centre,Wales,Support Worker,14.9,25000,36.0,576.92,7.6,31041.666666666668,31618.586666666666
2025-01-01,S020,Bangor Care & Education Centre,Wales,Senior Support Worker,12.9,29000,32.5,604.17,5.7,31175.0,31779.17
2025-01-01,S020,Bangor Care & Education Centre,Wales,Administrator,9.3,27000,31.3,541.73,3.3,20925.000000000004,21466.730000000003
2025-01-01,S020,Bangor Care & Education Centre,Wales,Team Leader,18.3,35000,46.5,1043.27,9.9,53375.0,54418.27
2025-01-01,S020,Bangor Care & Education Centre,Wales,Driver,5.8,28000,11.8,211.79,1.3,13533.333333333334,13745.123333333335
2025-01-01,S020,Bangor Care & Education Centre,Wales,Manager,6.6,43000,20.2,556.79,4.0,23650.0,24206.79
2025-02-01,S001,Preston Care & Education Centre,North,Support Worker,11.7,25000,43.3,693.91,5.4,24375.0,25068.91
2025-02-01,S001,Preston Care & Education Centre,North,Administrator,5.7,27000,23.2,401.54,1.1,12825.0,13226.54
2025-02-01,S001,Preston Care & Education Centre,North,Manager,6.4,43000,30.3,835.19,3.6,22933.333333333332,23768.52333333333
2025-02-01,S001,Preston Care & Education Centre,North,Registered Nurse,13.3,41000,45.0,1182.69,7.7,45441.666666666664,46624.35666666667
2025-02-01,S001,Preston Care & Education Centre,North,Senior Support Worker,8.7,29000,20.1,373.65,5.5,21024.999999999996,21398.649999999998
2025-02-01,S001,Preston Care & Education Centre,North,Team Leader,8.6,35000,36.4,816.67,4.0,25083.333333333332,25900.00333333333
2025-02-01,S002,Manchester Care & Education Centre,North,Team Leader,10.6,35000,42.1,944.55,5.2,30916.666666666668,31861.216666666667
2025-02-01,S002,Manchester Care & Education Centre,North,Support Worker,19.5,25000,113.7,1822.12,8.7,40625.0,42447.12
2025-02-01,S002,Manchester Care & Education Centre,North,Registered Nurse,14.4,41000,41.1,1080.19,8.2,49200.0,50280.19
2025-02-01,S002,Manchester Care & Education Centre,North,Driver,16.1,28000,50.0,897.44,9.0,37566.66666666667,38464.106666666674
2025-02-01,S002,Manchester Care & Education Centre,North,Administrator,6.5,27000,42.6,737.31,2.8,14625.0,15362.31
2025-02-01,S003,Leeds Care & Education Centre,North,Support Worker,6.4,25000,32.1,514.42,2.0,13333.333333333334,13847.753333333334
2025-02-01,S003,Leeds Care & Education Centre,North,Team Leader,12.7,35000,65.2,1462.82,6.5,37041.666666666664,38504.486666666664
2025-02-01,S003,Leeds Care & Education Centre,North,Driver,15.7,28000,73.9,1326.41,7.2,36633.333333333336,37959.74333333334
2025-02-01,S003,Leeds Care & Education Centre,North,Senior Support Worker,17.2,29000,25.9,481.47,9.1,41566.666666666664,42048.136666666665
2025-02-01,S004,Newcastle Care & Education Centre,North,Senior Support Worker,14.0,29000,12.7,236.09,6.7,33833.333333333336,34069.42333333333
2025-02-01,S004,Newcastle Care & Education Centre,North,Manager,6.9,43000,37.3,1028.14,3.6,24725.0,25753.14
2025-02-01,S004,Newcastle Care & Education Centre,North,Registered Nurse,18.1,41000,125.3,3293.14,10.1,61841.66666666668,65134.80666666668
2025-02-01,S004,Newcastle Care & Education Centre,North,Administrator,17.3,27000,52.2,903.46,8.7,38925.0,39828.46
2025-02-01,S004,Newcastle Care & Education Centre,North,Driver,6.7,28000,26.3,472.05,1.8,15633.333333333334,16105.383333333333
2025-02-01,S004,Newcastle Care & Education Centre,North,Support Worker,3.4,25000,8.8,141.03,1.1,7083.333333333333,7224.363333333333
2025-02-01,S005,Sheffield Care & Education Centre,North,Senior Support Worker,11.5,29000,10.9,202.63,5.8,27791.666666666668,27994.29666666667
2025-02-01,S005,Sheffield Care & Education Centre,North,Driver,15.2,28000,55.1,988.97,5.9,35466.666666666664,36455.636666666665
2025-02-01,S005,Sheffield Care & Education Centre,North,Registered Nurse,15.2,41000,70.0,1839.74,8.3,51933.333333333336,53773.073333333334
2025-02-01,S005,Sheffield Care & Education Centre,North,Administrator,10.8,27000,46.9,811.73,5.1,24300.0,25111.73
2025-02-01,S006,Birmingham Care & Education Centre,Midlands,Manager,13.1,43000,64.0,1764.1,7.2,46941.666666666664,48705.76666666666
2025-02-01,S006,Birmingham Care & Education Centre,Midlands,Senior Support Worker,16.5,29000,73.6,1368.21,7.4,39875.0,41243.21
2025-02-01,S006,Birmingham Care & Education Centre,Midlands,Team Leader,14.3,35000,63.1,1415.71,8.3,41708.333333333336,43124.043333333335
2025-02-01,S006,Birmingham Care & Education Centre,Midlands,Driver,18.9,28000,58.7,1053.59,11.5,44100.0,45153.59
2025-02-01,S006,Birmingham Care & Education Centre,Midlands,Registered Nurse,4.3,41000,13.8,362.69,2.2,14691.666666666666,15054.356666666667
2025-02-01,S007,Nottingham Care & Education Centre,Midlands,Support Worker,17.6,25000,52.6,842.95,9.0,36666.66666666667,37509.61666666667
2025-02-01,S007,Nottingham Care & Education Centre,Midlands,Driver,19.1,28000,26.5,475.64,9.0,44566.666666666664,45042.306666666664
2025-02-01,S007,Nottingham Care & Education Centre,Midlands,Manager,18.8,43000,44.4,1223.85,9.5,67366.66666666667,68590.51666666668
2025-02-01,S007,Nottingham Care & Education Centre,Midlands,Administrator,8.2,27000,45.0,778.85,4.7,18449.999999999996,19228.849999999995
2025-02-01,S008,Leicester Care & Education Centre,Midlands,Administrator,9.3,27000,4.1,70.96,6.7,20925.000000000004,20995.960000000003
2025-02-01,S008,Leicester Care & Education Centre,Midlands,Manager,14.0,43000,62.2,1714.49,6.2,50166.666666666664,51881.15666666666
2025-02-01,S008,Leicester Care & Education Centre,Midlands,Senior Support Worker,19.5,29000,82.6,1535.51,9.9,47125.0,48660.51
2025-02-01,S008,Leicester Care & Education Centre,Midlands,Support Worker,15.6,25000,46.8,750.0,8.0,32500.0,33250.0
2025-02-01,S008,Leicester Care & Education Centre,Midlands,Team Leader,9.3,35000,28.7,643.91,4.2,27125.0,27768.91
2025-02-01,S009,Derby Care & Education Centre,Midlands,Team Leader,18.3,35000,54.4,1220.51,7.7,53375.0,54595.51
2025-02-01,S009,Derby Care & Education Centre,Midlands,Administrator,8.1,27000,34.2,591.92,4.6,18225.0,18816.92
2025-02-01,S009,Derby Care & Education Centre,Midlands,Support Worker,7.5,25000,35.8,573.72,4.6,15625.0,16198.72
2025-02-01,S009,Derby Care & Education Centre,Midlands,Registered Nurse,18.8,41000,84.3,2215.58,8.9,64233.333333333336,66448.91333333333
2025-02-01,S009,Derby Care & Education Centre,Midlands,Manager,18.1,43000,95.2,2624.1,7.7,64858.33333333334,67482.43333333335
2025-02-01,S010,Coventry Care & Education Centre,Midlands,Support Worker,6.0,25000,15.9,254.81,2.0,12500.0,12754.81
2025-02-01,S010,Coventry Care & Education Centre,Midlands,Administrator,4.9,27000,27.5,475.96,3.4,11025.0,11500.96
2025-02-01,S010,Coventry Care & Education Centre,Midlands,Driver,15.3,28000,72.4,1299.49,8.7,35700.0,36999.49
2025-02-01,S010,Coventry Care & Education Centre,Midlands,Team Leader,10.7,35000,28.7,643.91,5.7,31208.333333333332,31852.243333333332
2025-02-01,S011,London Care & Education Centre,South,Administrator,4.1,27000,15.6,270.0,2.9,9224.999999999998,9494.999999999998
2025-02-01,S011,London Care & Education Centre,South,Manager,14.8,43000,56.6,1560.13,7.0,53033.333333333336,54593.46333333333
2025-02-01,S011,London Care & Education Centre,South,Registered Nurse,6.7,41000,32.2,846.28,4.2,22891.666666666668,23737.946666666667
2025-02-01,S011,London Care & Education Centre,South,Driver,9.8,28000,29.4,527.69,4.8,22866.666666666668,23394.356666666667
2025-02-01,S011,London Care & Education Centre,South,Support Worker,9.4,25000,22.7,363.78,2.2,19583.333333333332,19947.11333333333
2025-02-01,S011,London Care & Education Centre,South,Senior Support Worker,3.6,29000,15.5,288.14,2.4,8700.0,8988.14
2025-02-01,S012,Bristol Care & Education Centre,South,Driver,12.8,28000,56.2,1008.72,4.5,29866.666666666668,30875.38666666667
2025-02-01,S012,Bristol Care & Education Centre,South,Team Leader,3.7,35000,12.9,289.42,0.0,10791.666666666666,11081.086666666666
2025-02-01,S012,Bristol Care & Education Centre,South,Administrator,4.1,27000,24.8,429.23,1.0,9224.999999999998,9654.229999999998
2025-02-01,S012,Bristol Care & Education Centre,South,Senior Support Worker,16.1,29000,94.7,1760.45,9.0,38908.333333333336,40668.78333333333
2025-02-01,S012,Bristol Care & Education Centre,South,Support Worker,7.8,25000,20.7,331.73,2.8,16250.0,16581.73
2025-02-01,S013,Reading Care & Education Centre,South,Administrator,14.4,27000,65.2,1128.46,6.4,32400.0,33528.46
2025-02-01,S013,Reading Care & Education Centre,South,Team Leader,19.4,35000,80.6,1808.33,9.2,56583.333333333336,58391.66333333334
2025-02-01,S013,Reading Care & Education Centre,South,Senior Support Worker,6.2,29000,8.2,152.44,0.9,14983.333333333334,15135.773333333334
2025-02-01,S013,Reading Care & Education Centre,South,Registered Nurse,14.7,41000,63.8,1676.79,6.8,50225.0,51901.79
2025-02-01,S013,Reading Care & Education Centre,South,Support Worker,16.8,25000,53.3,854.17,9.1,35000.0,35854.17
2025-02-01,S014,Southampton Care & Education Centre,South,Support Worker,7.9,25000,45.5,729.17,3.7,16458.333333333332,17187.50333333333
2025-02-01,S014,Southampton Care & Education Centre,South,Manager,4.5,43000,15.7,432.76,2.8,16125.0,16557.76
2025-02-01,S014,Southampton Care & Education Centre,South,Team Leader,9.2,35000,18.1,406.09,4.8,26833.333333333332,27239.423333333332
2025-02-01,S014,Southampton Care & Education Centre,South,Administrator,17.0,27000,82.1,1420.96,9.2,38250.0,39670.96
2025-02-01,S014,Southampton Care & Education Centre,South,Driver,12.3,28000,13.5,242.31,5.4,28700.0,28942.31
2025-02-01,S014,Southampton Care & Education Centre,South,Registered Nurse,9.3,41000,24.9,654.42,4.7,31775.000000000004,32429.420000000002
2025-02-01,S015,Brighton Care & Education Centre,South,Administrator,15.5,27000,73.2,1266.92,9.2,34875.0,36141.92
2025-02-01,S015,Brighton Care & Education Centre,South,Manager,8.9,43000,29.0,799.36,4.0,31891.666666666668,32691.02666666667
2025-02-01,S015,Brighton Care & Education Centre,South,Driver,6.0,28000,34.3,615.64,3.3,14000.0,14615.64
2025-02-01,S015,Brighton Care & Education Centre,South,Senior Support Worker,9.8,29000,57.8,1074.49,5.2,23683.333333333332,24757.823333333334
2025-02-01,S015,Brighton Care & Education Centre,South,Team Leader,10.9,35000,24.7,554.17,4.1,31791.666666666668,32345.836666666666
2025-02-01,S016,Cardiff Care & Education Centre,Wales,Driver,12.2,28000,20.4,366.15,6.8,28466.666666666668,28832.81666666667
2025-02-01,S016,Cardiff Care & Education Centre,Wales,Registered Nurse,9.1,41000,52.6,1382.44,6.4,31091.666666666668,32474.106666666667
2025-02-01,S016,Cardiff Care & Education Centre,Wales,Senior Support Worker,10.3,29000,54.2,1007.56,6.3,24891.666666666668,25899.22666666667
2025-02-01,S016,Cardiff Care & Education Centre,Wales,Team Leader,13.2,35000,41.3,926.6,5.4,38500.0,39426.6
2025-02-01,S016,Cardiff Care & Education Centre,Wales,Administrator,18.0,27000,95.0,1644.23,9.4,40500.0,42144.23
2025-02-01,S017,Swansea Care & Education Centre,Wales,Registered Nurse,17.7,41000,73.7,1936.99,9.2,60475.0,62411.99
2025-02-01,S017,Swansea Care & Education Centre,Wales,Administrator,5.8,27000,26.0,450.0,4.2,13050.0,13500.0
2025-02-01,S017,Swansea Care & Education Centre,Wales,Team Leader,3.7,35000,22.0,493.59,2.4,10791.666666666666,11285.256666666666
2025-02-01,S017,Swansea Care & Education Centre,Wales,Manager,11.6,43000,61.1,1684.17,6.3,41566.666666666664,43250.83666666666
2025-02-01,S017,Swansea Care & Education Centre,Wales,Driver,17.6,28000,58.2,1044.62,9.6,41066.66666666667,42111.286666666674
2025-02-01,S018,Newport Care & Education Centre,Wales,Senior Support Worker,19.6,29000,37.4,695.26,10.9,47366.666666666664,48061.926666666666
2025-02-01,S018,Newport Care & Education Centre,Wales,Manager,16.5,43000,36.4,1003.33,8.5,59125.0,60128.33
2025-02-01,S018,Newport Care & Education Centre,Wales,Registered Nurse,17.0,41000,46.4,1219.49,9.1,58083.333333333336,59302.823333333334
2025-02-01,S018,Newport Care & Education Centre,Wales,Driver,9.7,28000,38.3,687.44,3.3,22633.333333333332,23320.77333333333
2025-02-01,S018,Newport Care & Education Centre,Wales,Administrator,17.0,27000,78.7,1362.12,7.9,38250.0,39612.12
2025-02-01,S018,Newport Care & Education Centre,Wales,Support Worker,18.0,25000,95.8,1535.26,9.0,37500.0,39035.26
2025-02-01,S019,Wrexham Care & Education Centre,Wales,Manager,7.3,43000,33.5,923.4,2.7,26158.333333333332,27081.733333333334
2025-02-01,S019,Wrexham Care & Education Centre,Wales,Support Worker,12.4,25000,38.6,618.59,5.7,25833.333333333332,26451.923333333332
2025-02-01,S019,Wrexham Care & Education Centre,Wales,Driver,19.0,28000,100.4,1802.05,11.2,44333.333333333336,46135.38333333334
2025-02-01,S019,Wrexham Care & Education Centre,Wales,Administrator,15.6,27000,43.6,754.62,8.9,35100.0,35854.62
2025-02-01,S019,Wrexham Care & Education Centre,Wales,Registered Nurse,14.6,41000,10.9,286.47,6.1,49883.333333333336,50169.80333333334
2025-02-01,S019,Wrexham Care & Education Centre,Wales,Team Leader,16.4,35000,42.0,942.31,6.8,47833.333333333336,48775.64333333333
2025-02-01,S020,Bangor Care & Education Centre,Wales,Support Worker,14.2,25000,23.1,370.19,7.5,29583.333333333332,29953.52333333333
2025-02-01,S020,Bangor Care & Education Centre,Wales,Registered Nurse,9.7,41000,35.7,938.27,5.2,33141.666666666664,34079.93666666666
2025-02-01,S020,Bangor Care & Education Centre,Wales,Administrator,12.8,27000,64.5,1116.35,6.7,28800.0,29916.35
2025-02-01,S020,Bangor Care & Education Centre,Wales,Team Leader,15.7,35000,78.3,1756.73,7.8,45791.666666666664,47548.39666666667
2025-02-01,S020,Bangor Care & Education Centre,Wales,Manager,14.7,43000,32.6,898.59,8.4,52675.0,53573.59
2025-03-01,S001,Preston Care & Education Centre,North,Senior Support Worker,17.2,29000,53.6,996.41,7.7,41566.666666666664,42563.07666666667
2025-03-01,S001,Preston Care & Education Centre,North,Administrator,18.2,27000,67.9,1175.19,8.2,40950.0,42125.19
2025-03-01,S001,Preston Care & Education Centre,North,Team Leader,6.2,35000,20.9,468.91,3.4,18083.333333333332,18552.243333333332
2025-03-01,S001,Preston Care & Education Centre,North,Driver,3.0,28000,13.6,244.1,0.6,7000.0,7244.1
2025-03-01,S002,Manchester Care & Education Centre,North,Driver,7.1,28000,23.2,416.41,4.6,16566.666666666668,16983.076666666668
2025-03-01,S002,Manchester Care & Education Centre,North,Support Worker,9.9,25000,47.0,753.21,7.0,20625.0,21378.21
2025-03-01,S002,Manchester Care & Education Centre,North,Team Leader,17.0,35000,98.1,2200.96,9.6,49583.333333333336,51784.293333333335
2025-03-01,S002,Manchester Care & Education Centre,North,Senior Support Worker,12.2,29000,23.4,435.0,6.9,29483.333333333332,29918.333333333332
2025-03-01,S002,Manchester Care & Education Centre,North,Administrator,4.6,27000,18.0,311.54,1.7,10349.999999999998,10661.539999999999
2025-03-01,S002,Manchester Care & Education Centre,North,Manager,16.8,43000,71.4,1968.08,9.3,60200.0,62168.08
2025-03-01,S003,Leeds Care & Education Centre,North,Support Worker,6.5,25000,30.9,495.19,2.4,13541.666666666666,14036.856666666667
2025-03-01,S003,Leeds Care & Education Centre,North,Driver,17.1,28000,87.4,1568.72,7.9,39900.00000000001,41468.72000000001
2025-03-01,S003,Leeds Care & Education Centre,North,Registered Nurse,14.6,41000,63.1,1658.4,7.0,49883.333333333336,51541.73333333334
2025-03-01,S003,Leeds Care & Education Centre,North,Administrator,4.1,27000,15.1,261.35,2.8,9224.999999999998,9486.349999999999
2025-03-01,S004,Newcastle Care & Education Centre,North,Support Worker,14.9,25000,36.4,583.33,9.4,31041.666666666668,31624.99666666667
2025-03-01,S004,Newcastle Care & Education Centre,North,Team Leader,8.1,35000,10.3,231.09,3.5,23625.0,23856.09
2025-03-01,S004,Newcastle Care & Education Centre,North,Registered Nurse,9.6,41000,43.7,1148.53,5.4,32800.0,33948.53
2025-03-01,S004,Newcastle Care & Education Centre,North,Administrator,6.5,27000,25.0,432.69,3.2,14625.0,15057.69
2025-03-01,S004,Newcastle Care & Education Centre,North,Driver,10.3,28000,47.5,852.56,4.9,24033.333333333332,24885.893333333333
2025-03-01,S005,Sheffield Care & Education Centre,North,Team Leader,19.6,35000,119.4,2678.85,10.6,57166.666666666664,59845.51666666666
2025-03-01,S005,Sheffield Care & Education Centre,North,Administrator,11.5,27000,61.1,1057.5,4.8,25875.0,26932.5
2025-03-01,S005,Sheffield Care & Education Centre,North,Manager,9.0,43000,34.9,961.99,4.2,32250.0,33211.99
2025-03-01,S005,Sheffield Care & Education Centre,North,Support Worker,7.3,25000,18.2,291.67,4.0,15208.333333333334,15500.003333333334
2025-03-01,S005,Sheffield Care & Education Centre,North,Registered Nurse,11.1,41000,35.4,930.38,6.2,37925.0,38855.38
2025-03-01,S005,Sheffield Care & Education Centre,North,Senior Support Worker,16.6,29000,39.8,739.87,10.0,40116.66666666667,40856.536666666674
2025-03-01,S006,Birmingham Care & Education Centre,Midlands,Driver,19.9,28000,52.8,947.69,10.2,46433.333333333336,47381.02333333334
2025-03-01,S006,Birmingham Care & Education Centre,Midlands,Support Worker,9.5,25000,49.3,790.06,4.2,19791.666666666668,20581.72666666667
2025-03-01,S006,Birmingham Care & Education Centre,Midlands,Team Leader,19.4,35000,102.4,2297.44,8.5,56583.333333333336,58880.77333333334
2025-03-01,S006,Birmingham Care & Education Centre,Midlands,Registered Nurse,15.9,41000,98.2,2580.9,8.0,54325.0,56905.9
2025-03-01,S006,Birmingham Care & Education Centre,Midlands,Manager,4.5,43000,14.0,385.9,2.0,16125.0,16510.9
2025-03-01,S006,Birmingham Care & Education Centre,Midlands,Senior Support Worker,7.3,29000,38.1,708.27,3.1,17641.666666666668,18349.93666666667
2025-03-01,S007,Nottingham Care & Education Centre,Midlands,Support Worker,9.5,25000,27.3,437.5,4.5,19791.666666666668,20229.166666666668
2025-03-01,S007,Nottingham Care & Education Centre,Midlands,Senior Support Worker,8.7,29000,19.4,360.64,6.2,21024.999999999996,21385.639999999996
2025-03-01,S007,Nottingham Care & Education Centre,Midlands,Driver,13.3,28000,41.9,752.05,7.5,31033.333333333332,31785.38333333333
2025-03-01,S007,Nottingham Care & Education Centre,Midlands,Team Leader,11.0,35000,47.5,1065.71,4.5,32083.333333333332,33149.043333333335
2025-03-01,S008,Leicester Care & Education Centre,Midlands,Registered Nurse,10.0,41000,39.9,1048.65,5.8,34166.666666666664,35215.316666666666
2025-03-01,S008,Leicester Care & Education Centre,Midlands,Manager,3.2,43000,11.9,328.01,2.8,11466.666666666666,11794.676666666666
2025-03-01,S008,Leicester Care & Education Centre,Midlands,Team Leader,5.2,35000,28.8,646.15,3.5,15166.666666666666,15812.816666666666
2025-03-01,S008,Leicester Care & Education Centre,Midlands,Senior Support Worker,17.7,29000,58.6,1089.36,7.8,42775.0,43864.36
2025-03-01,S008,Leicester Care & Education Centre,Midlands,Driver,16.3,28000,50.2,901.03,8.3,38033.333333333336,38934.363333333335
2025-03-01,S009,Derby Care & Education Centre,Midlands,Team Leader,14.9,35000,71.8,1610.9,5.3,43458.333333333336,45069.23333333334
2025-03-01,S009,Derby Care & Education Centre,Midlands,Support Worker,9.6,25000,38.3,613.78,5.0,20000.0,20613.78
2025-03-01,S009,Derby Care & Education Centre,Midlands,Manager,18.7,43000,67.0,1846.79,10.6,67008.33333333333,68855.12333333332
2025-03-01,S009,Derby Care & Education Centre,Midlands,Senior Support Worker,14.1,29000,65.3,1213.91,8.4,34075.0,35288.91
2025-03-01,S009,Derby Care & Education Centre,Midlands,Driver,3.8,28000,14.0,251.28,2.8,8866.666666666666,9117.946666666667
2025-03-01,S009,Derby Care & Education Centre,Midlands,Registered Nurse,13.0,41000,83.9,2205.06,7.8,44416.666666666664,46621.72666666666
2025-03-01,S010,Coventry Care & Education Centre,Midlands,Manager,3.7,43000,8.7,239.81,1.6,13258.333333333334,13498.143333333333
2025-03-01,S010,Coventry Care & Education Centre,Midlands,Team Leader,13.2,35000,46.0,1032.05,7.1,38500.0,39532.05
2025-03-01,S010,Coventry Care & Education Centre,Midlands,Senior Support Worker,10.3,29000,51.8,962.95,4.3,24891.666666666668,25854.61666666667
2025-03-01,S010,Coventry Care & Education Centre,Midlands,Administrator,14.7,27000,60.3,1043.65,5.3,33075.0,34118.65
2025-03-01,S010,Coventry Care & Education Centre,Midlands,Driver,19.5,28000,120.2,2157.44,9.2,45500.0,47657.44
2025-03-01,S010,Coventry Care & Education Centre,Midlands,Support Worker,4.3,25000,17.6,282.05,1.8,8958.333333333334,9240.383333333333
2025-03-01,S011,London Care & Education Centre,South,Team Leader,16.7,35000,95.5,2142.63,5.5,48708.333333333336,50850.96333333333
2025-03-01,S011,London Care & Education Centre,South,Senior Support Worker,18.4,29000,73.1,1358.91,9.1,44466.666666666664,45825.57666666667
2025-03-01,S011,London Care & Education Centre,South,Support Worker,16.1,25000,53.4,855.77,9.8,33541.66666666667,34397.43666666667
2025-03-01,S011,London Care & Education Centre,South,Driver,3.7,28000,9.9,177.69,2.6,8633.333333333334,8811.023333333334
2025-03-01,S011,London Care & Education Centre,South,Registered Nurse,6.1,41000,27.7,728.01,4.3,20841.666666666664,21569.676666666663
2025-03-01,S012,Bristol Care & Education Centre,South,Driver,15.1,28000,45.3,813.08,6.8,35233.333333333336,36046.41333333334
2025-03-01,S012,Bristol Care & Education Centre,South,Administrator,16.7,27000,94.3,1632.12,8.8,37575.0,39207.12
2025-03-01,S012,Bristol Care & Education Centre,South,Manager,19.1,43000,32.1,884.81,9.0,68441.66666666667,69326.47666666667
2025-03-01,S012,Bristol Care & Education Centre,South,Team Leader,5.0,35000,22.9,513.78,3.3,14583.333333333334,15097.113333333335
2025-03-01,S012,Bristol Care & Education Centre,South,Support Worker,5.8,25000,17.3,277.24,0.0,12083.333333333334,12360.573333333334
2025-03-01,S013,Reading Care & Education Centre,South,Administrator,10.4,27000,49.8,861.92,4.0,23400.0,24261.92
2025-03-01,S013,Reading Care & Education Centre,South,Manager,9.2,43000,9.0,248.08,1.8,32966.666666666664,33214.746666666666
2025-03-01,S013,Reading Care & Education Centre,South,Driver,14.9,28000,77.8,1396.41,7.6,34766.666666666664,36163.07666666667
2025-03-01,S013,Reading Care & Education Centre,South,Support Worker,3.3,25000,12.1,193.91,3.0,6875.0,7068.91
2025-03-01,S014,Southampton Care & Education Centre,South,Administrator,3.6,27000,17.8,308.08,3.4,8100.0,8408.08
2025-03-01,S014,Southampton Care & Education Centre,South,Registered Nurse,10.4,41000,19.9,523.01,5.2,35533.333333333336,36056.34333333334
2025-03-01,S014,Southampton Care & Education Centre,South,Manager,14.9,43000,23.5,647.76,7.2,53391.666666666664,54039.426666666666
2025-03-01,S014,Southampton Care & Education Centre,South,Support Worker,4.1,25000,14.9,238.78,2.7,8541.666666666666,8780.446666666667
2025-03-01,S014,Southampton Care & Education Centre,South,Senior Support Worker,4.5,29000,18.3,340.19,2.9,10875.0,11215.19
2025-03-01,S014,Southampton Care & Education Centre,South,Driver,17.9,28000,90.5,1624.36,11.1,41766.666666666664,43391.026666666665
2025-03-01,S015,Brighton Care & Education Centre,South,Registered Nurse,3.4,41000,12.0,315.38,0.8,11616.666666666666,11932.046666666665
2025-03-01,S015,Brighton Care & Education Centre,South,Team Leader,4.5,35000,19.7,441.99,1.4,13125.0,13566.99
2025-03-01,S015,Brighton Care & Education Centre,South,Administrator,6.2,27000,38.6,668.08,2.8,13950.0,14618.08
2025-03-01,S015,Brighton Care & Education Centre,South,Senior Support Worker,6.3,29000,19.9,369.94,2.7,15225.0,15594.94
2025-03-01,S015,Brighton Care & Education Centre,South,Support Worker,14.2,25000,72.1,1155.45,6.9,29583.333333333332,30738.783333333333
2025-03-01,S015,Brighton Care & Education Centre,South,Driver,12.3,28000,37.4,671.28,7.8,28700.0,29371.28
2025-03-01,S016,Cardiff Care & Education Centre,Wales,Registered Nurse,5.0,41000,13.6,357.44,2.5,17083.333333333332,17440.77333333333
2025-03-01,S016,Cardiff Care & Education Centre,Wales,Team Leader,3.7,35000,18.4,412.82,0.2,10791.666666666666,11204.486666666666
2025-03-01,S016,Cardiff Care & Education Centre,Wales,Support Worker,6.4,25000,30.2,483.97,2.1,13333.333333333334,13817.303333333333
2025-03-01,S016,Cardiff Care & Education Centre,Wales,Senior Support Worker,8.1,29000,42.4,788.21,3.1,19575.0,20363.21
2025-03-01,S016,Cardiff Care & Education Centre,Wales,Driver,15.7,28000,79.1,1419.74,9.0,36633.333333333336,38053.073333333334
2025-03-01,S016,Cardiff Care & Education Centre,Wales,Administrator,9.6,27000,50.8,879.23,5.1,21600.0,22479.23
2025-03-01,S017,Swansea Care & Education Centre,Wales,Support Worker,14.3,25000,52.2,836.54,6.6,29791.666666666668,30628.20666666667
2025-03-01,S017,Swansea Care & Education Centre,Wales,Manager,13.0,43000,80.7,2224.42,5.8,46583.333333333336,48807.753333333334
2025-03-01,S017,Swansea Care & Education Centre,Wales,Driver,3.2,28000,7.8,140.0,2.3,7466.666666666667,7606.666666666667
2025-03-01,S017,Swansea Care & Education Centre,Wales,Administrator,18.0,27000,50.5,874.04,8.0,40500.0,41374.04
2025-03-01,S017,Swansea Care & Education Centre,Wales,Registered Nurse,5.3,41000,9.7,254.94,2.2,18108.333333333332,18363.27333333333
2025-03-01,S018,Newport Care & Education Centre,Wales,Driver,14.3,28000,55.4,994.36,7.4,33366.666666666664,34361.026666666665
2025-03-01,S018,Newport Care & Education Centre,Wales,Team Leader,11.1,35000,60.2,1350.64,6.1,32375.0,33725.64
2025-03-01,S018,Newport Care & Education Centre,Wales,Senior Support Worker,6.6,29000,24.5,455.45,3.1,15950.0,16405.45
2025-03-01,S018,Newport Care & Education Centre,Wales,Manager,5.9,43000,28.1,774.55,4.2,21141.666666666668,21916.216666666667
2025-03-01,S019,Wrexham Care & Education Centre,Wales,Administrator,17.6,27000,73.7,1275.58,8.3,39600.00000000001,40875.58000000001
2025-03-01,S019,Wrexham Care & Education Centre,Wales,Driver,5.5,28000,13.8,247.69,1.3,12833.333333333334,13081.023333333334
2025-03-01,S019,Wrexham Care & Education Centre,Wales,Manager,15.9,43000,79.5,2191.35,8.5,56975.0,59166.35
2025-03-01,S019,Wrexham Care & Education Centre,Wales,Support Worker,11.1,25000,54.0,865.38,5.4,23125.0,23990.38
2025-03-01,S019,Wrexham Care & Education Centre,Wales,Team Leader,19.8,35000,121.0,2714.74,9.4,57750.0,60464.74
2025-03-01,S019,Wrexham Care & Education Centre,Wales,Registered Nurse,4.2,41000,22.8,599.23,2.1,14350.0,14949.23
2025-03-01,S020,Bangor Care & Education Centre,Wales,Senior Support Worker,18.9,29000,58.4,1085.64,10.0,45675.0,46760.64
2025-03-01,S020,Bangor Care & Education Centre,Wales,Administrator,17.1,27000,78.9,1365.58,8.9,38475.00000000001,39840.58000000001
2025-03-01,S020,Bangor Care & Education Centre,Wales,Team Leader,9.9,35000,40.8,915.38,4.9,28875.0,29790.38
2025-03-01,S020,Bangor Care & Education Centre,Wales,Registered Nurse,15.8,41000,119.8,3148.59,9.1,53983.333333333336,57131.92333333334
2025-04-01,S001,Preston Care & Education Centre,North,Driver,6.3,28000,32.0,574.36,3.3,14700.0,15274.36
2025-04-01,S001,Preston Care & Education Centre,North,Registered Nurse,15.4,41000,84.9,2231.35,8.2,52616.666666666664,54848.01666666666
2025-04-01,S001,Preston Care & Education Centre,North,Team Leader,9.4,35000,38.0,852.56,4.4,27416.666666666668,28269.22666666667
2025-04-01,S001,Preston Care & Education Centre,North,Support Worker,10.6,25000,41.1,658.65,2.1,22083.333333333332,22741.983333333334
2025-04-01,S002,Manchester Care & Education Centre,North,Administrator,14.0,27000,60.4,1045.38,6.5,31500.0,32545.38
2025-04-01,S002,Manchester Care & Education Centre,North,Senior Support Worker,15.8,29000,100.9,1875.71,7.9,38183.333333333336,40059.043333333335
2025-04-01,S002,Manchester Care & Education Centre,North,Team Leader,5.7,35000,12.6,282.69,2.8,16625.0,16907.69
2025-04-01,S002,Manchester Care & Education Centre,North,Manager,13.2,43000,32.1,884.81,7.1,47300.0,48184.81
2025-04-01,S003,Leeds Care & Education Centre,North,Team Leader,4.1,35000,18.2,408.33,3.0,11958.333333333334,12366.663333333334
2025-04-01,S003,Leeds Care & Education Centre,North,Support Worker,4.4,25000,12.4,198.72,2.2,9166.666666666668,9365.386666666667
2025-04-01,S003,Leeds Care & Education Centre,North,Driver,18.2,28000,35.5,637.18,9.8,42466.666666666664,43103.846666666665
2025-04-01,S003,Leeds Care & Education Centre,North,Administrator,5.5,27000,26.3,455.19,3.2,12375.0,12830.19
2025-04-01,S003,Leeds Care & Education Centre,North,Senior Support Worker,13.9,29000,55.6,1033.59,7.4,33591.666666666664,34625.25666666666
2025-04-01,S004,Newcastle Care & Education Centre,North,Registered Nurse,16.7,41000,107.0,2812.18,8.1,57058.333333333336,59870.513333333336
2025-04-01,S004,Newcastle Care & Education Centre,North,Team Leader,18.6,35000,78.3,1756.73,8.2,54250.0,56006.73
2025-04-01,S004,Newcastle Care & Education Centre,North,Driver,8.2,28000,22.1,396.67,4.2,19133.333333333332,19530.00333333333
2025-04-01,S004,Newcastle Care & Education Centre,North,Administrator,12.1,27000,68.4,1183.85,5.8,27225.0,28408.85
2025-04-01,S004,Newcastle Care & Education Centre,North,Manager,8.6,43000,31.4,865.51,3.9,30816.666666666668,31682.176666666666
2025-04-01,S005,Sheffield Care & Education Centre,North,Driver,15.9,28000,50.8,911.79,8.2,37100.0,38011.79
2025-04-01,S005,Sheffield Care & Education Centre,North,Team Leader,17.3,35000,30.3,679.81,9.9,50458.333333333336,51138.14333333333
2025-04-01,S005,Sheffield Care & Education Centre,North,Manager,13.0,43000,39.0,1075.0,7.2,46583.333333333336,47658.333333333336
2025-04-01,S005,Sheffield Care & Education Centre,North,Administrator,12.5,27000,26.2,453.46,6.9,28125.0,28578.46
2025-04-01,S005,Sheffield Care & Education Centre,North,Senior Support Worker,14.6,29000,73.1,1358.91,7.7,35283.333333333336,36642.24333333334
2025-04-01,S006,Birmingham Care & Education Centre,Midlands,Administrator,14.8,27000,37.1,642.12,7.6,33300.0,33942.12
2025-04-01,S006,Birmingham Care & Education Centre,Midlands,Manager,19.6,43000,43.6,1201.79,9.5,70233.33333333334,71435.12333333334
2025-04-01,S006,Birmingham Care & Education Centre,Midlands,Senior Support Worker,12.1,29000,67.1,1247.37,6.8,29241.666666666668,30489.036666666667
2025-04-01,S006,Birmingham Care & Education Centre,Midlands,Team Leader,13.5,35000,54.3,1218.27,5.8,39375.0,40593.27
2025-04-01,S006,Birmingham Care & Education Centre,Midlands,Driver,4.1,28000,20.4,366.15,2.1,9566.666666666666,9932.816666666666
2025-04-01,S006,Birmingham Care & Education Centre,Midlands,Support Worker,13.7,25000,7.1,113.78,7.6,28541.666666666668,28655.446666666667
2025-04-01,S007,Nottingham Care & Education Centre,Midlands,Driver,18.8,28000,74.5,1337.18,10.6,43866.666666666664,45203.846666666665
2025-04-01,S007,Nottingham Care & Education Centre,Midlands,Registered Nurse,8.5,41000,20.0,525.64,1.1,29041.666666666668,29567.306666666667
2025-04-01,S007,Nottingham Care & Education Centre,Midlands,Manager,7.1,43000,31.4,865.51,3.8,25441.666666666668,26307.176666666666
2025-04-01,S007,Nottingham Care & Education Centre,Midlands,Senior Support Worker,6.3,29000,9.2,171.03,2.2,15225.0,15396.03
2025-04-01,S007,Nottingham Care & Education Centre,Midlands,Team Leader,19.5,35000,158.6,3558.33,9.4,56875.0,60433.33
2025-04-01,S008,Leicester Care & Education Centre,Midlands,Driver,7.7,28000,39.2,703.59,3.2,17966.666666666668,18670.256666666668
2025-04-01,S008,Leicester Care & Education Centre,Midlands,Registered Nurse,13.2,41000,11.4,299.62,6.4,45100.0,45399.62
2025-04-01,S008,Leicester Care & Education Centre,Midlands,Manager,14.4,43000,51.9,1430.58,6.8,51600.0,53030.58
2025-04-01,S008,Leicester Care & Education Centre,Midlands,Team Leader,6.2,35000,23.7,531.73,3.4,18083.333333333332,18615.06333333333
2025-04-01,S009,Derby Care & Education Centre,Midlands,Driver,15.1,28000,57.0,1023.08,6.3,35233.333333333336,36256.41333333334
2025-04-01,S009,Derby Care & Education Centre,Midlands,Senior Support Worker,12.4,29000,58.6,1089.36,4.3,29966.666666666668,31056.02666666667
2025-04-01,S009,Derby Care & Education Centre,Midlands,Registered Nurse,6.5,41000,6.0,157.69,4.0,22208.333333333332,22366.02333333333
2025-04-01,S009,Derby Care & Education Centre,Midlands,Administrator,10.9,27000,51.9,898.27,5.4,24525.0,25423.27
2025-04-01,S009,Derby Care & Education Centre,Midlands,Manager,11.8,43000,22.5,620.19,5.2,42283.333333333336,42903.52333333334
2025-04-01,S009,Derby Care & Education Centre,Midlands,Team Leader,5.0,35000,18.0,403.85,0.9,14583.333333333334,14987.183333333334
2025-04-01,S010,Coventry Care & Education Centre,Midlands,Registered Nurse,6.1,41000,17.6,462.56,3.7,20841.666666666664,21304.226666666666
2025-04-01,S010,Coventry Care & Education Centre,Midlands,Administrator,14.0,27000,86.0,1488.46,6.6,31500.0,32988.46
2025-04-01,S010,Coventry Care & Education Centre,Midlands,Senior Support Worker,11.4,29000,58.5,1087.5,3.8,27550.0,28637.5
2025-04-01,S010,Coventry Care & Education Centre,Midlands,Manager,7.2,43000,35.9,989.55,2.8,25800.0,26789.55
2025-04-01,S010,Coventry Care & Education Centre,Midlands,Driver,11.2,28000,50.0,897.44,5.4,26133.333333333332,27030.77333333333
2025-04-01,S010,Coventry Care & Education Centre,Midlands,Team Leader,7.6,35000,45.5,1020.83,2.9,22166.666666666668,23187.49666666667
2025-04-01,S011,London Care & Education Centre,South,Team Leader,7.3,35000,36.1,809.94,3.4,21291.666666666668,22101.606666666667
2025-04-01,S011,London Care & Education Centre,South,Manager,19.4,43000,73.0,2012.18,9.5,69516.66666666666,71528.84666666665
2025-04-01,S011,London Care & Education Centre,South,Registered Nurse,16.8,41000,45.9,1206.35,8.4,57400.0,58606.35
2025-04-01,S011,London Care & Education Centre,South,Senior Support Worker,19.7,29000,76.9,1429.55,10.1,47608.333333333336,49037.88333333334
2025-04-01,S011,London Care & Education Centre,South,Driver,3.1,28000,12.8,229.74,2.3,7233.333333333333,7463.073333333333
2025-04-01,S011,London Care & Education Centre,South,Support Worker,6.2,25000,33.4,535.26,2.0,12916.666666666666,13451.926666666666
2025-04-01,S012,Bristol Care & Education Centre,South,Team Leader,12.6,35000,66.8,1498.72,5.1,36750.0,38248.72
2025-04-01,S012,Bristol Care & Education Centre,South,Driver,6.4,28000,31.2,560.0,3.8,14933.333333333334,15493.333333333334
2025-04-01,S012,Bristol Care & Education Centre,South,Manager,3.9,43000,4.4,121.28,2.0,13975.0,14096.28
2025-04-01,S012,Bristol Care & Education Centre,South,Registered Nurse,10.3,41000,34.0,893.59,4.4,35191.66666666667,36085.25666666667
2025-04-01,S012,Bristol Care & Education Centre,South,Administrator,19.7,27000,118.7,2054.42,9.2,44325.0,46379.42
2025-04-01,S013,Reading Care & Education Centre,South,Support Worker,5.4,25000,15.1,241.99,2.8,11250.0,11491.99
2025-04-01,S013,Reading Care & Education Centre,South,Team Leader,5.1,35000,25.6,574.36,2.4,14875.0,15449.36
2025-04-01,S013,Reading Care & Education Centre,South,Administrator,15.9,27000,91.4,1581.92,8.5,35775.0,37356.92
2025-04-01,S013,Reading Care & Education Centre,South,Manager,19.9,43000,14.6,402.44,9.4,71308.33333333333,71710.77333333333
2025-04-01,S013,Reading Care & Education Centre,South,Senior Support Worker,3.7,29000,11.7,217.5,2.3,8941.666666666666,9159.166666666666
2025-04-01,S013,Reading Care & Education Centre,South,Driver,4.2,28000,0.3,5.38,4.6,9800.0,9805.38
2025-04-01,S014,Southampton Care & Education Centre,South,Manager,16.3,43000,78.2,2155.51,8.3,58408.333333333336,60563.84333333334
2025-04-01,S014,Southampton Care & Education Centre,South,Driver,18.7,28000,107.9,1936.67,11.7,43633.333333333336,45570.003333333334
2025-04-01,S014,Southampton Care & Education Centre,South,Registered Nurse,14.7,41000,78.0,2050.0,8.3,50225.0,52275.0
2025-04-01,S014,Southampton Care & Education Centre,South,Senior Support Worker,6.5,29000,27.3,507.5,3.1,15708.333333333334,16215.833333333334
2025-04-01,S015,Brighton Care & Education Centre,South,Manager,7.8,43000,25.6,705.64,3.1,27950.0,28655.64
2025-04-01,S015,Brighton Care & Education Centre,South,Support Worker,7.1,25000,21.1,338.14,2.2,14791.666666666666,15129.806666666665
2025-04-01,S015,Brighton Care & Education Centre,South,Administrator,6.7,27000,26.0,450.0,1.7,15075.0,15525.0
2025-04-01,S015,Brighton Care & Education Centre,South,Driver,13.3,28000,57.0,1023.08,6.6,31033.333333333332,32056.413333333334
2025-04-01,S015,Brighton Care & Education Centre,South,Senior Support Worker,15.8,29000,66.7,1239.94,7.4,38183.333333333336,39423.27333333334
2025-04-01,S015,Brighton Care & Education Centre,South,Registered Nurse,18.8,41000,162.0,4257.69,10.8,64233.333333333336,68491.02333333333
2025-04-01,S016,Cardiff Care & Education Centre,Wales,Driver,12.9,28000,27.5,493.59,6.7,30100.0,30593.59
2025-04-01,S016,Cardiff Care & Education Centre,Wales,Senior Support Worker,16.0,29000,49.4,918.33,7.0,38666.666666666664,39584.996666666666
2025-04-01,S016,Cardiff Care & Education Centre,Wales,Administrator,5.9,27000,11.7,202.5,3.4,13275.0,13477.5
2025-04-01,S016,Cardiff Care & Education Centre,Wales,Support Worker,19.4,25000,57.8,926.28,10.7,40416.666666666664,41342.94666666666
2025-04-01,S016,Cardiff Care & Education Centre,Wales,Registered Nurse,9.5,41000,52.2,1371.92,6.1,32458.333333333332,33830.253333333334
2025-04-01,S017,Swansea Care & Education Centre,Wales,Manager,16.8,43000,45.7,1259.68,8.9,60200.0,61459.68
2025-04-01,S017,Swansea Care & Education Centre,Wales,Support Worker,5.1,25000,25.2,403.85,2.1,10624.999999999998,11028.849999999999
2025-04-01,S017,Swansea Care & Education Centre,Wales,Senior Support Worker,7.2,29000,20.5,381.09,5.2,17400.0,17781.09
2025-04-01,S017,Swansea Care & Education Centre,Wales,Administrator,9.9,27000,43.0,744.23,5.6,22275.0,23019.23
2025-04-01,S017,Swansea Care & Education Centre,Wales,Registered Nurse,7.1,41000,19.6,515.13,2.3,24258.333333333332,24773.463333333333
2025-04-01,S017,Swansea Care & Education Centre,Wales,Driver,13.4,28000,42.2,757.44,6.6,31266.666666666668,32024.106666666667
2025-04-01,S018,Newport Care & Education Centre,Wales,Senior Support Worker,7.1,29000,17.1,317.88,3.5,17158.333333333332,17476.213333333333
2025-04-01,S018,Newport Care & Education Centre,Wales,Registered Nurse,8.2,41000,12.0,315.38,3.0,28016.66666666666,28332.04666666666
2025-04-01,S018,Newport Care & Education Centre,Wales,Support Worker,12.9,25000,64.6,1035.26,7.1,26875.0,27910.26
2025-04-01,S018,Newport Care & Education Centre,Wales,Manager,13.2,43000,45.0,1240.38,5.6,47300.0,48540.38
2025-04-01,S019,Wrexham Care & Education Centre,Wales,Team Leader,9.9,35000,24.3,545.19,4.6,28875.0,29420.19
2025-04-01,S019,Wrexham Care & Education Centre,Wales,Senior Support Worker,10.6,29000,52.6,977.82,6.2,25616.666666666668,26594.486666666668
2025-04-01,S019,Wrexham Care & Education Centre,Wales,Administrator,5.6,27000,18.2,315.0,1.6,12600.0,12915.0
2025-04-01,S019,Wrexham Care & Education Centre,Wales,Support Worker,18.1,25000,79.7,1277.24,8.2,37708.333333333336,38985.573333333334
2025-04-01,S019,Wrexham Care & Education Centre,Wales,Driver,17.5,28000,56.4,1012.31,10.1,40833.333333333336,41845.64333333333
2025-04-01,S020,Bangor Care & Education Centre,Wales,Support Worker,11.4,25000,59.7,956.73,5.9,23750.0,24706.73
2025-04-01,S020,Bangor Care & Education Centre,Wales,Manager,16.4,43000,34.3,945.45,8.4,58766.66666666666,59712.116666666654
2025-04-01,S020,Bangor Care & Education Centre,Wales,Registered Nurse,11.9,41000,66.6,1750.38,5.6,40658.333333333336,42408.71333333333
2025-04-01,S020,Bangor Care & Education Centre,Wales,Senior Support Worker,8.5,29000,51.2,951.79,5.5,20541.666666666668,21493.45666666667
2025-04-01,S020,Bangor Care & Education Centre,Wales,Administrator,11.5,27000,74.7,1292.88,6.1,25875.0,27167.88
2025-05-01,S001,Preston Care & Education Centre,North,Team Leader,15.0,35000,73.2,1642.31,8.9,43750.0,45392.31
2025-05-01,S001,Preston Care & Education Centre,North,Driver,13.2,28000,61.7,1107.44,6.1,30800.0,31907.44
2025-05-01,S001,Preston Care & Education Centre,North,Manager,14.9,43000,49.6,1367.18,7.7,53391.666666666664,54758.846666666665
2025-05-01,S001,Preston Care & Education Centre,North,Senior Support Worker,9.4,29000,19.4,360.64,4.6,22716.666666666668,23077.306666666667
2025-05-01,S001,Preston Care & Education Centre,North,Administrator,16.4,27000,92.6,1602.69,6.0,36899.99999999999,38502.689999999995
2025-05-01,S001,Preston Care & Education Centre,North,Support Worker,6.5,25000,41.0,657.05,4.4,13541.666666666666,14198.716666666665
2025-05-01,S002,Manchester Care & Education Centre,North,Registered Nurse,7.9,41000,26.2,688.59,4.5,26991.666666666668,27680.256666666668
2025-05-01,S002,Manchester Care & Education Centre,North,Team Leader,6.9,35000,27.6,619.23,4.7,20125.0,20744.23
2025-05-01,S002,Manchester Care & Education Centre,North,Driver,13.2,28000,72.3,1297.69,5.2,30800.0,32097.69
2025-05-01,S002,Manchester Care & Education Centre,North,Senior Support Worker,11.0,29000,53.7,998.27,5.3,26583.333333333332,27581.603333333333
2025-05-01,S002,Manchester Care & Education Centre,North,Manager,3.4,43000,14.0,385.9,1.0,12183.333333333334,12569.233333333334
2025-05-01,S003,Leeds Care & Education Centre,North,Senior Support Worker,9.6,29000,63.6,1182.31,5.8,23200.0,24382.31
2025-05-01,S003,Leeds Care & Education Centre,North,Administrator,8.9,27000,25.7,444.81,3.1,20025.0,20469.81
2025-05-01,S003,Leeds Care & Education Centre,North,Support Worker,9.5,25000,32.5,520.83,5.2,19791.666666666668,20312.49666666667
2025-05-01,S003,Leeds Care & Education Centre,North,Team Leader,11.3,35000,49.3,1106.09,6.9,32958.333333333336,34064.42333333333
2025-05-01,S003,Leeds Care & Education Centre,North,Registered Nurse,15.3,41000,79.3,2084.17,8.6,52275.0,54359.17
2025-05-01,S003,Leeds Care & Education Centre,North,Manager,18.5,43000,83.1,2290.58,7.9,66291.66666666667,68582.24666666667
2025-05-01,S004,Newcastle Care & Education Centre,North,Team Leader,7.6,35000,28.2,632.69,4.9,22166.666666666668,22799.356666666667
2025-05-01,S004,Newcastle Care & Education Centre,North,Registered Nurse,18.5,41000,72.6,1908.08,9.8,63208.333333333336,65116.41333333334
2025-05-01,S004,Newcastle Care & Education Centre,North,Administrator,7.4,27000,26.1,451.73,2.7,16650.0,17101.73
2025-05-01,S004,Newcastle Care & Education Centre,North,Senior Support Worker,5.7,29000,21.7,403.4,3.2,13775.0,14178.4
2025-05-01,S005,Sheffield Care & Education Centre,North,Driver,17.4,28000,52.5,942.31,8.5,40599.99999999999,41542.30999999999
2025-05-01,S005,Sheffield Care & Education Centre,North,Manager,19.6,43000,50.8,1400.26,10.9,70233.33333333334,71633.59333333334
2025-05-01,S005,Sheffield Care & Education Centre,North,Administrator,9.2,27000,32.7,565.96,6.1,20699.999999999996,21265.959999999995
2025-05-01,S005,Sheffield Care & Education Centre,North,Senior Support Worker,15.9,29000,100.1,1860.83,7.9,38425.0,40285.83
2025-05-01,S006,Birmingham Care & Education Centre,Midlands,Administrator,7.3,27000,18.2,315.0,1.6,16425.0,16740.0
2025-05-01,S006,Birmingham Care & Education Centre,Midlands,Senior Support Worker,11.9,29000,21.3,395.96,4.6,28758.333333333332,29154.29333333333
2025-05-01,S006,Birmingham Care & Education Centre,Midlands,Support Worker,7.3,25000,44.3,709.94,3.8,15208.333333333334,15918.273333333334
2025-05-01,S006,Birmingham Care & Education Centre,Midlands,Manager,5.5,43000,25.2,694.62,0.5,19708.333333333332,20402.95333333333
2025-05-01,S007,Nottingham Care & Education Centre,Midlands,Driver,6.9,28000,15.2,272.82,4.3,16100.0,16372.82
2025-05-01,S007,Nottingham Care & Education Centre,Midlands,Team Leader,8.3,35000,36.8,825.64,4.0,24208.333333333332,25033.97333333333
2025-05-01,S007,Nottingham Care & Education Centre,Midlands,Registered Nurse,11.8,41000,57.2,1503.33,7.5,40316.66666666667,41819.99666666667
2025-05-01,S007,Nottingham Care & Education Centre,Midlands,Senior Support Worker,6.9,29000,25.3,470.32,3.5,16675.0,17145.32
2025-05-01,S008,Leicester Care & Education Centre,Midlands,Manager,7.9,43000,33.9,934.42,6.3,28308.333333333332,29242.75333333333
2025-05-01,S008,Leicester Care & Education Centre,Midlands,Support Worker,11.0,25000,9.4,150.64,6.2,22916.666666666668,23067.306666666667
2025-05-01,S008,Leicester Care & Education Centre,Midlands,Driver,10.2,28000,39.0,700.0,5.7,23800.0,24500.0
2025-05-01,S008,Leicester Care & Education Centre,Midlands,Senior Support Worker,5.9,29000,17.8,330.9,2.9,14258.333333333334,14589.233333333334
2025-05-01,S009,Derby Care & Education Centre,Midlands,Driver,4.1,28000,20.8,373.33,5.2,9566.666666666666,9939.996666666666
2025-05-01,S009,Derby Care & Education Centre,Midlands,Senior Support Worker,4.7,29000,24.5,455.45,1.5,11358.333333333334,11813.783333333335
2025-05-01,S009,Derby Care & Education Centre,Midlands,Manager,16.9,43000,56.9,1568.4,8.0,60558.33333333332,62126.73333333332
2025-05-01,S009,Derby Care & Education Centre,Midlands,Support Worker,6.0,25000,7.8,125.0,2.7,12500.0,12625.0
2025-05-01,S010,Coventry Care & Education Centre,Midlands,Driver,15.3,28000,78.0,1400.0,6.4,35700.0,37100.0
2025-05-01,S010,Coventry Care & Education Centre,Midlands,Team Leader,5.6,35000,31.2,700.0,3.3,16333.333333333334,17033.333333333336
2025-05-01,S010,Coventry Care & Education Centre,Midlands,Manager,18.8,43000,54.5,1502.24,9.3,67366.66666666667,68868.90666666668
2025-05-01,S010,Coventry Care & Education Centre,Midlands,Registered Nurse,7.2,41000,46.1,1211.6,4.3,24600.0,25811.6
2025-05-01,S011,London Care & Education Centre,South,Registered Nurse,11.5,41000,46.2,1214.23,5.5,39291.666666666664,40505.89666666667
2025-05-01,S011,London Care & Education Centre,South,Senior Support Worker,18.2,29000,74.9,1392.37,8.6,43983.333333333336,45375.70333333334
2025-05-01,S011,London Care & Education Centre,South,Driver,9.7,28000,8.2,147.18,6.9,22633.333333333332,22780.513333333332
2025-05-01,S011,London Care & Education Centre,South,Support Worker,5.8,25000,24.6,394.23,3.3,12083.333333333334,12477.563333333334
2025-05-01,S012,Bristol Care & Education Centre,South,Senior Support Worker,16.3,29000,63.8,1186.03,7.4,39391.666666666664,40577.69666666666
2025-05-01,S012,Bristol Care & Education Centre,South,Driver,10.9,28000,40.6,728.72,3.9,25433.333333333332,26162.053333333333
2025-05-01,S012,Bristol Care & Education Centre,South,Administrator,10.7,27000,79.3,1372.5,4.1,24075.0,25447.5
2025-05-01,S012,Bristol Care & Education Centre,South,Registered Nurse,15.1,41000,37.0,972.44,7.1,51591.666666666664,52564.10666666667
2025-05-01,S012,Bristol Care & Education Centre,South,Team Leader,15.1,35000,89.6,2010.26,7.6,44041.666666666664,46051.926666666666
2025-05-01,S013,Reading Care & Education Centre,South,Administrator,19.7,27000,42.3,732.12,11.1,44325.0,45057.12
2025-05-01,S013,Reading Care & Education Centre,South,Manager,5.3,43000,27.0,744.23,3.2,18991.666666666668,19735.896666666667
2025-05-01,S013,Reading Care & Education Centre,South,Support Worker,7.9,25000,40.1,642.63,6.3,16458.333333333332,17100.963333333333
2025-05-01,S013,Reading Care & Education Centre,South,Driver,12.0,28000,87.3,1566.92,5.3,28000.0,29566.92
2025-05-01,S014,Southampton Care & Education Centre,South,Administrator,10.9,27000,70.2,1215.0,5.8,24525.0,25740.0
2025-05-01,S014,Southampton Care & Education Centre,South,Team Leader,14.0,35000,66.5,1491.99,5.3,40833.333333333336,42325.323333333334
2025-05-01,S014,Southampton Care & Education Centre,South,Manager,11.8,43000,44.2,1218.33,5.1,42283.333333333336,43501.66333333334
2025-05-01,S014,Southampton Care & Education Centre,South,Driver,16.4,28000,86.0,1543.59,9.3,38266.666666666664,39810.25666666666
2025-05-01,S014,Southampton Care & Education Centre,South,Registered Nurse,12.8,41000,11.4,299.62,6.4,43733.333333333336,44032.95333333334
2025-05-01,S015,Brighton Care & Education Centre,South,Team Leader,5.1,35000,29.0,650.64,2.4,14875.0,15525.64
2025-05-01,S015,Brighton Care & Education Centre,South,Registered Nurse,3.6,41000,18.3,480.96,2.2,12300.0,12780.96
2025-05-01,S015,Brighton Care & Education Centre,South,Manager,4.2,43000,19.0,523.72,1.8,15050.0,15573.72
2025-05-01,S015,Brighton Care & Education Centre,South,Driver,19.9,28000,43.3,777.18,8.8,46433.333333333336,47210.513333333336
2025-05-01,S015,Brighton Care & Education Centre,South,Support Worker,17.3,25000,87.6,1403.85,8.7,36041.666666666664,37445.51666666666
2025-05-01,S015,Brighton Care & Education Centre,South,Senior Support Worker,5.0,29000,19.0,353.21,2.1,12083.333333333334,12436.543333333333
2025-05-01,S016,Cardiff Care & Education Centre,Wales,Team Leader,8.3,35000,29.4,659.62,5.2,24208.333333333332,24867.95333333333
2025-05-01,S016,Cardiff Care & Education Centre,Wales,Driver,6.4,28000,22.4,402.05,1.9,14933.333333333334,15335.383333333333
2025-05-01,S016,Cardiff Care & Education Centre,Wales,Registered Nurse,3.3,41000,16.9,444.17,1.4,11275.0,11719.17
2025-05-01,S016,Cardiff Care & Education Centre,Wales,Manager,10.4,43000,42.1,1160.45,6.8,37266.666666666664,38427.11666666666
2025-05-01,S016,Cardiff Care & Education Centre,Wales,Support Worker,13.9,25000,55.2,884.62,7.2,28958.333333333332,29842.95333333333
2025-05-01,S017,Swansea Care & Education Centre,Wales,Team Leader,9.7,35000,21.6,484.62,4.6,28291.666666666668,28776.286666666667
2025-05-01,S017,Swansea Care & Education Centre,Wales,Manager,5.4,43000,26.5,730.45,1.1,19350.000000000004,20080.450000000004
2025-05-01,S017,Swansea Care & Education Centre,Wales,Senior Support Worker,18.3,29000,78.7,1463.01,9.3,44225.0,45688.01
2025-05-01,S017,Swansea Care & Education Centre,Wales,Registered Nurse,18.4,41000,74.7,1963.27,10.2,62866.66666666666,64829.936666666654
2025-05-01,S018,Newport Care & Education Centre,Wales,Team Leader,18.0,35000,81.0,1817.31,10.5,52500.0,54317.31
2025-05-01,S018,Newport Care & Education Centre,Wales,Driver,10.9,28000,27.4,491.79,5.6,25433.333333333332,25925.123333333333
2025-05-01,S018,Newport Care & Education Centre,Wales,Administrator,10.1,27000,41.7,721.73,4.0,22725.0,23446.73
2025-05-01,S018,Newport Care & Education Centre,Wales,Manager,3.9,43000,21.2,584.36,4.3,13975.0,14559.36
2025-05-01,S018,Newport Care & Education Centre,Wales,Senior Support Worker,19.1,29000,75.9,1410.96,10.1,46158.333333333336,47569.293333333335
2025-05-01,S019,Wrexham Care & Education Centre,Wales,Support Worker,18.5,25000,76.3,1222.76,8.5,38541.666666666664,39764.426666666666
2025-05-01,S019,Wrexham Care & Education Centre,Wales,Registered Nurse,18.1,41000,23.0,604.49,8.3,61841.66666666668,62446.15666666668
2025-05-01,S019,Wrexham Care & Education Centre,Wales,Administrator,17.8,27000,34.0,588.46,10.6,40050.0,40638.46
2025-05-01,S019,Wrexham Care & Education Centre,Wales,Driver,4.3,28000,16.5,296.15,1.8,10033.333333333334,10329.483333333334
2025-05-01,S019,Wrexham Care & Education Centre,Wales,Senior Support Worker,8.0,29000,42.7,793.78,2.9,19333.333333333332,20127.11333333333
2025-05-01,S019,Wrexham Care & Education Centre,Wales,Manager,17.0,43000,48.4,1334.1,8.6,60916.666666666664,62250.76666666666
2025-05-01,S020,Bangor Care & Education Centre,Wales,Team Leader,6.3,35000,34.9,783.01,3.7,18375.0,19158.01
2025-05-01,S020,Bangor Care & Education Centre,Wales,Support Worker,18.7,25000,81.8,1310.9,9.4,38958.333333333336,40269.23333333334
2025-05-01,S020,Bangor Care & Education Centre,Wales,Driver,5.8,28000,26.7,479.23,3.1,13533.333333333334,14012.563333333334
2025-05-01,S020,Bangor Care & Education Centre,Wales,Administrator,19.9,27000,48.9,846.35,10.0,44775.0,45621.35
2025-05-01,S020,Bangor Care & Education Centre,Wales,Senior Support Worker,5.5,29000,13.1,243.53,2.8,13291.666666666666,13535.196666666667
2025-05-01,S020,Bangor Care & Education Centre,Wales,Registered Nurse,15.1,41000,49.5,1300.96,10.1,51591.666666666664,52892.62666666666
2025-06-01,S001,Preston Care & Education Centre,North,Support Worker,11.9,25000,46.9,751.6,4.5,24791.666666666668,25543.266666666666
2025-06-01,S001,Preston Care & Education Centre,North,Driver,3.4,28000,12.9,231.54,2.2,7933.333333333333,8164.873333333333
2025-06-01,S001,Preston Care & Education Centre,North,Manager,9.9,43000,64.4,1775.13,4.4,35475.0,37250.13
2025-06-01,S001,Preston Care & Education Centre,North,Senior Support Worker,16.6,29000,27.0,501.92,9.1,40116.66666666667,40618.58666666667
2025-06-01,S001,Preston Care & Education Centre,North,Registered Nurse,10.8,41000,20.8,546.67,5.0,36900.00000000001,37446.670000000006
2025-06-01,S002,Manchester Care & Education Centre,North,Registered Nurse,18.0,41000,65.0,1708.33,8.9,61500.0,63208.33
2025-06-01,S002,Manchester Care & Education Centre,North,Driver,15.9,28000,80.0,1435.9,7.3,37100.0,38535.9
2025-06-01,S002,Manchester Care & Education Centre,North,Administrator,10.4,27000,37.3,645.58,5.2,23400.0,24045.58
2025-06-01,S002,Manchester Care & Education Centre,North,Support Worker,11.7,25000,49.4,791.67,5.9,24375.0,25166.67
2025-06-01,S002,Manchester Care & Education Centre,North,Manager,14.3,43000,66.6,1835.77,8.0,51241.666666666664,53077.43666666666
2025-06-01,S002,Manchester Care & Education Centre,North,Team Leader,12.3,35000,56.4,1265.38,6.6,35875.0,37140.38
2025-06-01,S003,Leeds Care & Education Centre,North,Manager,14.2,43000,23.1,636.73,7.2,50883.333333333336,51520.06333333334
2025-06-01,S003,Leeds Care & Education Centre,North,Driver,10.5,28000,49.6,890.26,6.0,24500.0,25390.26
2025-06-01,S003,Leeds Care & Education Centre,North,Support Worker,15.3,25000,45.3,725.96,7.0,31875.0,32600.96
2025-06-01,S003,Leeds Care & Education Centre,North,Senior Support Worker,7.5,29000,23.5,436.86,4.3,18125.0,18561.86
2025-06-01,S003,Leeds Care & Education Centre,North,Team Leader,5.4,35000,30.0,673.08,2.3,15750.0,16423.08
2025-06-01,S003,Leeds Care & Education Centre,North,Registered Nurse,18.6,41000,99.7,2620.32,9.4,63550.00000000001,66170.32
2025-06-01,S004,Newcastle Care & Education Centre,North,Manager,6.7,43000,25.6,705.64,3.1,24008.333333333332,24713.97333333333
2025-06-01,S004,Newcastle Care & Education Centre,North,Team Leader,3.7,35000,18.9,424.04,2.2,10791.666666666666,11215.706666666667
2025-06-01,S004,Newcastle Care & Education Centre,North,Registered Nurse,3.2,41000,23.7,622.88,0.7,10933.333333333334,11556.213333333333
2025-06-01,S004,Newcastle Care & Education Centre,North,Administrator,5.3,27000,25.3,437.88,2.1,11925.0,12362.88
2025-06-01,S005,Sheffield Care & Education Centre,North,Manager,12.3,43000,33.2,915.13,6.1,44075.0,44990.13
2025-06-01,S005,Sheffield Care & Education Centre,North,Senior Support Worker,7.3,29000,30.7,570.71,6.6,17641.666666666668,18212.376666666667
2025-06-01,S005,Sheffield Care & Education Centre,North,Team Leader,18.6,35000,69.3,1554.81,8.2,54250.0,55804.81
2025-06-01,S005,Sheffield Care & Education Centre,North,Administrator,3.0,27000,13.2,228.46,0.0,6750.0,6978.46
2025-06-01,S005,Sheffield Care & Education Centre,North,Driver,4.1,28000,15.8,283.59,2.1,9566.666666666666,9850.256666666666
2025-06-01,S006,Birmingham Care & Education Centre,Midlands,Registered Nurse,6.7,41000,34.8,914.62,4.3,22891.666666666668,23806.286666666667
2025-06-01,S006,Birmingham Care & Education Centre,Midlands,Administrator,18.6,27000,60.4,1045.38,9.1,41850.00000000001,42895.380000000005
2025-06-01,S006,Birmingham Care & Education Centre,Midlands,Team Leader,5.8,35000,16.5,370.19,1.8,16916.666666666668,17286.856666666667
2025-06-01,S006,Birmingham Care & Education Centre,Midlands,Support Worker,14.4,25000,64.3,1030.45,5.9,30000.0,31030.45
2025-06-01,S007,Nottingham Care & Education Centre,Midlands,Support Worker,13.5,25000,45.6,730.77,5.8,28125.0,28855.77
2025-06-01,S007,Nottingham Care & Education Centre,Midlands,Administrator,19.7,27000,95.0,1644.23,11.7,44325.0,45969.23
2025-06-01,S007,Nottingham Care & Education Centre,Midlands,Team Leader,17.5,35000,35.8,803.21,6.9,51041.666666666664,51844.87666666666
2025-06-01,S007,Nottingham Care & Education Centre,Midlands,Registered Nurse,19.2,41000,73.2,1923.85,9.6,65600.0,67523.85
2025-06-01,S008,Leicester Care & Education Centre,Midlands,Manager,14.3,43000,61.9,1706.22,6.7,51241.666666666664,52947.886666666665
2025-06-01,S008,Leicester Care & Education Centre,Midlands,Driver,12.0,28000,44.4,796.92,6.4,28000.0,28796.92
2025-06-01,S008,Leicester Care & Education Centre,Midlands,Administrator,14.4,27000,80.1,1386.35,5.2,32400.0,33786.35
2025-06-01,S008,Leicester Care & Education Centre,Midlands,Registered Nurse,17.2,41000,59.3,1558.53,8.8,58766.666666666664,60325.19666666666
2025-06-01,S008,Leicester Care & Education Centre,Midlands,Team Leader,13.0,35000,34.1,765.06,8.2,37916.666666666664,38681.72666666666
2025-06-01,S009,Derby Care & Education Centre,Midlands,Registered Nurse,11.2,41000,34.1,896.22,5.6,38266.666666666664,39162.886666666665
2025-06-01,S009,Derby Care & Education Centre,Midlands,Manager,8.6,43000,41.6,1146.67,3.7,30816.666666666668,31963.33666666667
2025-06-01,S009,Derby Care & Education Centre,Midlands,Senior Support Worker,11.7,29000,14.4,267.69,5.4,28275.0,28542.69
2025-06-01,S009,Derby Care & Education Centre,Midlands,Administrator,11.5,27000,63.8,1104.23,5.4,25875.0,26979.23
2025-06-01,S009,Derby Care & Education Centre,Midlands,Support Worker,15.3,25000,41.8,669.87,8.6,31875.0,32544.87
2025-06-01,S009,Derby Care & Education Centre,Midlands,Team Leader,9.9,35000,34.7,778.53,4.4,28875.0,29653.53
2025-06-01,S010,Coventry Care & Education Centre,Midlands,Registered Nurse,17.4,41000,73.5,1931.73,9.5,59449.99999999999,61381.729999999996
2025-06-01,S010,Coventry Care & Education Centre,Midlands,Driver,6.7,28000,50.7,910.0,4.2,15633.333333333334,16543.333333333336
2025-06-01,S010,Coventry Care & Education Centre,Midlands,Support Worker,19.3,25000,110.8,1775.64,9.1,40208.333333333336,41983.973333333335
2025-06-01,S010,Coventry Care & Education Centre,Midlands,Senior Support Worker,10.9,29000,26.8,498.21,5.5,26341.666666666668,26839.876666666667
2025-06-01,S010,Coventry Care & Education Centre,Midlands,Administrator,5.6,27000,23.3,403.27,1.7,12600.0,13003.27
2025-06-01,S010,Coventry Care & Education Centre,Midlands,Manager,4.7,43000,17.6,485.13,2.7,16841.666666666668,17326.79666666667
2025-06-01,S011,London Care & Education Centre,South,Manager,8.1,43000,36.8,1014.36,4.6,29025.0,30039.36
2025-06-01,S011,London Care & Education Centre,South,Registered Nurse,7.1,41000,31.5,827.88,3.0,24258.333333333332,25086.213333333333
2025-06-01,S011,London Care & Education Centre,South,Team Leader,13.6,35000,43.9,984.94,5.6,39666.666666666664,40651.60666666667
2025-06-01,S011,London Care & Education Centre,South,Driver,19.1,28000,127.5,2288.46,9.6,44566.666666666664,46855.12666666666
2025-06-01,S011,London Care & Education Centre,South,Senior Support Worker,14.3,29000,52.4,974.1,6.2,34558.333333333336,35532.433333333334
2025-06-01,S011,London Care & Education Centre,South,Administrator,16.2,27000,136.1,2355.58,7.0,36450.0,38805.58
2025-06-01,S012,Bristol Care & Education Centre,South,Team Leader,10.0,35000,33.6,753.85,5.4,29166.666666666668,29920.516666666666
2025-06-01,S012,Bristol Care & Education Centre,South,Driver,19.6,28000,96.0,1723.08,10.8,45733.333333333336,47456.41333333334
2025-06-01,S012,Bristol Care & Education Centre,South,Administrator,8.7,27000,58.4,1010.77,4.9,19574.999999999996,20585.769999999997
2025-06-01,S012,Bristol Care & Education Centre,South,Senior Support Worker,9.3,29000,22.5,418.27,4.4,22475.0,22893.27
2025-06-01,S013,Reading Care & Education Centre,South,Senior Support Worker,6.6,29000,29.4,546.54,5.4,15950.0,16496.54
2025-06-01,S013,Reading Care & Education Centre,South,Team Leader,10.3,35000,19.6,439.74,6.4,30041.666666666668,30481.40666666667
2025-06-01,S013,Reading Care & Education Centre,South,Administrator,7.0,27000,29.9,517.5,4.3,15750.0,16267.5
2025-06-01,S013,Reading Care & Education Centre,South,Manager,7.1,43000,27.3,752.5,2.7,25441.666666666668,26194.166666666668
2025-06-01,S013,Reading Care & Education Centre,South,Registered Nurse,16.7,41000,85.6,2249.74,9.0,57058.333333333336,59308.073333333334
2025-06-01,S014,Southampton Care & Education Centre,South,Senior Support Worker,4.7,29000,25.7,477.76,2.3,11358.333333333334,11836.093333333334
2025-06-01,S014,Southampton Care & Education Centre,South,Manager,4.4,43000,13.6,374.87,0.6,15766.66666666667,16141.53666666667
2025-06-01,S014,Southampton Care & Education Centre,South,Registered Nurse,15.5,41000,81.1,2131.47,8.2,52958.333333333336,55089.80333333334
2025-06-01,S014,Southampton Care & Education Centre,South,Team Leader,5.6,35000,14.3,320.83,2.3,16333.333333333334,16654.163333333334
2025-06-01,S014,Southampton Care & Education Centre,South,Support Worker,10.3,25000,34.0,544.87,3.7,21458.333333333336,22003.203333333335
2025-06-01,S015,Brighton Care & Education Centre,South,Driver,3.0,28000,8.3,148.97,0.4,7000.0,7148.97
2025-06-01,S015,Brighton Care & Education Centre,South,Administrator,6.0,27000,20.3,351.35,2.3,13500.0,13851.35
2025-06-01,S015,Brighton Care & Education Centre,South,Senior Support Worker,5.3,29000,8.3,154.29,4.7,12808.333333333334,12962.623333333335
2025-06-01,S015,Brighton Care & Education Centre,South,Support Worker,19.7,25000,115.8,1855.77,9.1,41041.666666666664,42897.43666666666
2025-06-01,S016,Cardiff Care & Education Centre,Wales,Administrator,5.8,27000,25.6,443.08,3.3,13050.0,13493.08
2025-06-01,S016,Cardiff Care & Education Centre,Wales,Driver,8.3,28000,48.0,861.54,3.3,19366.666666666668,20228.20666666667
2025-06-01,S016,Cardiff Care & Education Centre,Wales,Registered Nurse,4.7,41000,26.5,696.47,1.8,16058.333333333334,16754.803333333333
2025-06-01,S016,Cardiff Care & Education Centre,Wales,Support Worker,19.9,25000,39.7,636.22,10.7,41458.33333333333,42094.55333333333
2025-06-01,S016,Cardiff Care & Education Centre,Wales,Team Leader,4.4,35000,26.1,585.58,4.8,12833.333333333334,13418.913333333334
2025-06-01,S017,Swansea Care & Education Centre,Wales,Manager,18.2,43000,40.0,1102.56,9.8,65216.666666666664,66319.22666666667
2025-06-01,S017,Swansea Care & Education Centre,Wales,Support Worker,17.0,25000,57.6,923.08,9.3,35416.666666666664,36339.746666666666
2025-06-01,S017,Swansea Care & Education Centre,Wales,Senior Support Worker,11.3,29000,20.3,377.37,4.4,27308.333333333332,27685.70333333333
2025-06-01,S017,Swansea Care & Education Centre,Wales,Driver,7.5,28000,21.3,382.31,3.8,17500.0,17882.31
2025-06-01,S018,Newport Care & Education Centre,Wales,Manager,4.1,43000,12.5,344.55,2.7,14691.666666666664,15036.216666666664
2025-06-01,S018,Newport Care & Education Centre,Wales,Driver,13.3,28000,73.7,1322.82,7.2,31033.333333333332,32356.153333333332
2025-06-01,S018,Newport Care & Education Centre,Wales,Support Worker,7.4,25000,47.6,762.82,4.1,15416.666666666666,16179.486666666666
2025-06-01,S018,Newport Care & Education Centre,Wales,Registered Nurse,13.9,41000,30.2,793.72,8.3,47491.666666666664,48285.386666666665
2025-06-01,S018,Newport Care & Education Centre,Wales,Administrator,14.9,27000,46.1,797.88,8.4,33525.0,34322.88
2025-06-01,S019,Wrexham Care & Education Centre,Wales,Team Leader,3.5,35000,22.3,500.32,2.2,10208.333333333334,10708.653333333334
2025-06-01,S019,Wrexham Care & Education Centre,Wales,Manager,17.5,43000,30.7,846.22,7.8,62708.333333333336,63554.55333333334
2025-06-01,S019,Wrexham Care & Education Centre,Wales,Senior Support Worker,14.3,29000,85.6,1591.28,7.0,34558.333333333336,36149.613333333335
2025-06-01,S019,Wrexham Care & Education Centre,Wales,Registered Nurse,14.8,41000,61.0,1603.21,8.2,50566.666666666664,52169.87666666666
2025-06-01,S020,Bangor Care & Education Centre,Wales,Registered Nurse,15.0,41000,75.7,1989.55,7.8,51250.0,53239.55
2025-06-01,S020,Bangor Care & Education Centre,Wales,Manager,9.8,43000,36.1,995.06,4.6,35116.66666666667,36111.72666666667
2025-06-01,S020,Bangor Care & Education Centre,Wales,Driver,16.7,28000,88.3,1584.87,8.9,38966.666666666664,40551.53666666667
2025-06-01,S020,Bangor Care & Education Centre,Wales,Administrator,7.0,27000,25.3,437.88,4.6,15750.0,16187.88
2025-06-01,S020,Bangor Care & Education Centre,Wales,Team Leader,19.7,35000,75.0,1682.69,9.0,57458.333333333336,59141.02333333334
2025-07-01,S001,Preston Care & Education Centre,North,Administrator,5.5,27000,15.7,271.73,1.8,12375.0,12646.73
2025-07-01,S001,Preston Care & Education Centre,North,Registered Nurse,5.6,41000,20.1,528.27,4.0,19133.333333333332,19661.603333333333
2025-07-01,S001,Preston Care & Education Centre,North,Senior Support Worker,4.4,29000,12.3,228.65,2.4,10633.333333333334,10861.983333333334
2025-07-01,S001,Preston Care & Education Centre,North,Manager,13.0,43000,39.2,1080.51,6.2,46583.333333333336,47663.84333333334
2025-07-01,S001,Preston Care & Education Centre,North,Team Leader,5.0,35000,8.7,195.19,2.3,14583.333333333334,14778.523333333334
2025-07-01,S002,Manchester Care & Education Centre,North,Team Leader,7.8,35000,28.9,648.4,4.4,22750.0,23398.4
2025-07-01,S002,Manchester Care & Education Centre,North,Senior Support Worker,8.7,29000,37.7,700.83,3.2,21024.999999999996,21725.829999999998
2025-07-01,S002,Manchester Care & Education Centre,North,Administrator,8.4,27000,47.3,818.65,4.4,18900.0,19718.65
2025-07-01,S002,Manchester Care & Education Centre,North,Support Worker,7.1,25000,30.5,488.78,3.5,14791.666666666666,15280.446666666667
2025-07-01,S003,Leeds Care & Education Centre,North,Team Leader,6.6,35000,21.3,477.88,3.5,19250.0,19727.88
2025-07-01,S003,Leeds Care & Education Centre,North,Driver,11.0,28000,51.8,929.74,3.8,25666.666666666668,26596.40666666667
2025-07-01,S003,Leeds Care & Education Centre,North,Support Worker,3.6,25000,11.5,184.29,1.5,7500.0,7684.29
2025-07-01,S003,Leeds Care & Education Centre,North,Registered Nurse,5.7,41000,25.0,657.05,4.0,19475.0,20132.05
2025-07-01,S003,Leeds Care & Education Centre,North,Administrator,6.3,27000,17.9,309.81,2.7,14175.0,14484.81
2025-07-01,S004,Newcastle Care & Education Centre,North,Support Worker,6.2,25000,20.0,320.51,2.3,12916.666666666666,13237.176666666666
2025-07-01,S004,Newcastle Care & Education Centre,North,Driver,11.5,28000,40.0,717.95,6.5,26833.333333333332,27551.283333333333
2025-07-01,S004,Newcastle Care & Education Centre,North,Registered Nurse,14.2,41000,34.4,904.1,7.5,48516.666666666664,49420.76666666666
2025-07-01,S004,Newcastle Care & Education Centre,North,Team Leader,9.8,35000,14.2,318.59,4.3,28583.333333333332,28901.923333333332
2025-07-01,S005,Sheffield Care & Education Centre,North,Driver,14.2,28000,49.8,893.85,8.8,33133.333333333336,34027.183333333334
2025-07-01,S005,Sheffield Care & Education Centre,North,Registered Nurse,19.3,41000,69.2,1818.72,7.4,65941.66666666667,67760.38666666667
2025-07-01,S005,Sheffield Care & Education Centre,North,Team Leader,15.8,35000,15.8,354.49,7.9,46083.333333333336,46437.823333333334
2025-07-01,S005,Sheffield Care & Education Centre,North,Senior Support Worker,17.8,29000,87.6,1628.46,9.3,43016.666666666664,44645.12666666666
2025-07-01,S005,Sheffield Care & Education Centre,North,Manager,6.1,43000,25.9,713.91,4.2,21858.333333333332,22572.243333333332
2025-07-01,S005,Sheffield Care & Education Centre,North,Administrator,17.8,27000,56.8,983.08,9.8,40050.0,41033.08
2025-07-01,S006,Birmingham Care & Education Centre,Midlands,Registered Nurse,17.9,41000,27.8,730.64,8.0,61158.33333333332,61888.97333333332
2025-07-01,S006,Birmingham Care & Education Centre,Midlands,Team Leader,8.7,35000,11.2,251.28,4.1,25375.0,25626.28
2025-07-01,S006,Birmingham Care & Education Centre,Midlands,Support Worker,3.7,25000,14.5,232.37,2.0,7708.333333333333,7940.703333333333
2025-07-01,S006,Birmingham Care & Education Centre,Midlands,Administrator,5.4,27000,22.1,382.5,1.8,12150.0,12532.5
2025-07-01,S007,Nottingham Care & Education Centre,Midlands,Manager,10.1,43000,37.5,1033.65,3.6,36191.666666666664,37225.316666666666
2025-07-01,S007,Nottingham Care & Education Centre,Midlands,Team Leader,16.1,35000,97.3,2183.01,7.7,46958.333333333336,49141.34333333334
2025-07-01,S007,Nottingham Care & Education Centre,Midlands,Registered Nurse,13.7,41000,44.8,1177.44,8.4,46808.333333333336,47985.77333333334
2025-07-01,S007,Nottingham Care & Education Centre,Midlands,Senior Support Worker,15.1,29000,32.3,600.45,6.4,36491.666666666664,37092.11666666666
2025-07-01,S007,Nottingham Care & Education Centre,Midlands,Driver,16.6,28000,39.1,701.79,8.2,38733.333333333336,39435.12333333334
2025-07-01,S007,Nottingham Care & Education Centre,Midlands,Support Worker,9.3,25000,43.2,692.31,5.4,19375.000000000004,20067.310000000005
2025-07-01,S008,Leicester Care & Education Centre,Midlands,Support Worker,6.6,25000,51.9,831.73,1.1,13750.0,14581.73
2025-07-01,S008,Leicester Care & Education Centre,Midlands,Team Leader,8.7,35000,42.7,958.01,3.8,25375.0,26333.01
2025-07-01,S008,Leicester Care & Education Centre,Midlands,Manager,14.2,43000,44.3,1221.09,6.5,50883.333333333336,52104.42333333333
2025-07-01,S008,Leicester Care & Education Centre,Midlands,Senior Support Worker,15.5,29000,40.9,760.32,9.4,37458.333333333336,38218.653333333335
2025-07-01,S009,Derby Care & Education Centre,Midlands,Registered Nurse,10.7,41000,56.3,1479.68,5.4,36558.33333333333,38038.01333333333
2025-07-01,S009,Derby Care & Education Centre,Midlands,Manager,15.2,43000,91.6,2524.87,6.1,54466.666666666664,56991.53666666667
2025-07-01,S009,Derby Care & Education Centre,Midlands,Team Leader,12.3,35000,24.6,551.92,4.0,35875.0,36426.92
2025-07-01,S009,Derby Care & Education Centre,Midlands,Senior Support Worker,12.2,29000,36.0,669.23,6.3,29483.333333333332,30152.56333333333
2025-07-01,S009,Derby Care & Education Centre,Midlands,Administrator,15.8,27000,65.6,1135.38,8.0,35550.0,36685.38
2025-07-01,S009,Derby Care & Education Centre,Midlands,Support Worker,3.8,25000,7.2,115.38,2.7,7916.666666666667,8032.046666666667
2025-07-01,S010,Coventry Care & Education Centre,Midlands,Support Worker,17.1,25000,74.5,1193.91,9.3,35625.00000000001,36818.91000000001
2025-07-01,S010,Coventry Care & Education Centre,Midlands,Team Leader,10.1,35000,11.7,262.5,5.4,29458.333333333332,29720.833333333332
2025-07-01,S010,Coventry Care & Education Centre,Midlands,Manager,10.9,43000,24.2,667.05,5.1,39058.333333333336,39725.38333333334
2025-07-01,S010,Coventry Care & Education Centre,Midlands,Driver,18.0,28000,86.4,1550.77,9.1,42000.0,43550.77
2025-07-01,S010,Coventry Care & Education Centre,Midlands,Senior Support Worker,12.7,29000,34.6,643.21,6.4,30691.666666666668,31334.876666666667
2025-07-01,S011,London Care & Education Centre,South,Driver,8.1,28000,13.8,247.69,5.2,18900.0,19147.69
2025-07-01,S011,London Care & Education Centre,South,Manager,14.1,43000,52.1,1436.09,8.2,50525.0,51961.09
2025-07-01,S011,London Care & Education Centre,South,Senior Support Worker,3.7,29000,11.9,221.22,1.3,8941.666666666666,9162.886666666665
2025-07-01,S011,London Care & Education Centre,South,Team Leader,6.9,35000,19.7,441.99,4.3,20125.0,20566.99
2025-07-01,S011,London Care & Education Centre,South,Administrator,18.4,27000,54.0,934.62,9.8,41399.99999999999,42334.619999999995
2025-07-01,S012,Bristol Care & Education Centre,South,Team Leader,6.8,35000,23.3,522.76,1.4,19833.333333333332,20356.09333333333
2025-07-01,S012,Bristol Care & Education Centre,South,Registered Nurse,17.0,41000,53.5,1406.09,7.3,58083.333333333336,59489.42333333333
2025-07-01,S012,Bristol Care & Education Centre,South,Support Worker,7.1,25000,28.8,461.54,2.4,14791.666666666666,15253.206666666667
2025-07-01,S012,Bristol Care & Education Centre,South,Senior Support Worker,3.0,29000,16.2,301.15,1.4,7250.0,7551.15
2025-07-01,S012,Bristol Care & Education Centre,South,Manager,3.8,43000,14.2,391.41,2.6,13616.666666666666,14008.076666666666
2025-07-01,S013,Reading Care & Education Centre,South,Driver,3.3,28000,18.0,323.08,1.6,7700.0,8023.08
2025-07-01,S013,Reading Care & Education Centre,South,Registered Nurse,17.8,41000,50.6,1329.87,7.1,60816.666666666664,62146.53666666667
2025-07-01,S013,Reading Care & Education Centre,South,Manager,15.5,43000,46.0,1267.95,7.1,55541.666666666664,56809.61666666666
2025-07-01,S013,Reading Care & Education Centre,South,Team Leader,16.0,35000,66.6,1494.23,7.7,46666.666666666664,48160.89666666667
2025-07-01,S014,Southampton Care & Education Centre,South,Driver,6.6,28000,33.2,595.9,2.7,15400.0,15995.9
2025-07-01,S014,Southampton Care & Education Centre,South,Manager,14.2,43000,55.6,1532.56,8.3,50883.333333333336,52415.89333333333
2025-07-01,S014,Southampton Care & Education Centre,South,Support Worker,7.9,25000,35.7,572.12,3.9,16458.333333333332,17030.45333333333
2025-07-01,S014,Southampton Care & Education Centre,South,Team Leader,5.0,35000,15.5,347.76,1.9,14583.333333333334,14931.093333333334
2025-07-01,S014,Southampton Care & Education Centre,South,Registered Nurse,7.0,41000,19.1,501.99,3.0,23916.666666666668,24418.65666666667
2025-07-01,S015,Brighton Care & Education Centre,South,Manager,14.2,43000,72.9,2009.42,6.9,50883.333333333336,52892.753333333334
2025-07-01,S015,Brighton Care & Education Centre,South,Administrator,3.2,27000,6.3,109.04,3.4,7200.0,7309.04
2025-07-01,S015,Brighton Care & Education Centre,South,Registered Nurse,10.3,41000,46.1,1211.6,3.7,35191.66666666667,36403.26666666667
2025-07-01,S015,Brighton Care & Education Centre,South,Senior Support Worker,8.6,29000,28.7,533.53,4.4,20783.333333333332,21316.86333333333
2025-07-01,S015,Brighton Care & Education Centre,South,Driver,7.2,28000,47.2,847.18,2.5,16800.0,17647.18
2025-07-01,S016,Cardiff Care & Education Centre,Wales,Support Worker,14.2,25000,77.6,1243.59,8.5,29583.333333333332,30826.923333333332
2025-07-01,S016,Cardiff Care & Education Centre,Wales,Driver,14.4,28000,44.0,789.74,6.9,33600.0,34389.74
2025-07-01,S016,Cardiff Care & Education Centre,Wales,Senior Support Worker,10.1,29000,24.7,459.17,4.8,24408.333333333332,24867.50333333333
2025-07-01,S016,Cardiff Care & Education Centre,Wales,Registered Nurse,18.4,41000,72.6,1908.08,9.9,62866.66666666666,64774.74666666666
2025-07-01,S016,Cardiff Care & Education Centre,Wales,Administrator,6.5,27000,36.6,633.46,2.5,14625.0,15258.46
2025-07-01,S017,Swansea Care & Education Centre,Wales,Registered Nurse,20.0,41000,21.0,551.92,10.0,68333.33333333333,68885.25333333333
2025-07-01,S017,Swansea Care & Education Centre,Wales,Support Worker,14.8,25000,65.7,1052.88,7.6,30833.333333333332,31886.213333333333
2025-07-01,S017,Swansea Care & Education Centre,Wales,Driver,13.9,28000,48.8,875.9,7.1,32433.333333333332,33309.23333333333
2025-07-01,S017,Swansea Care & Education Centre,Wales,Manager,4.3,43000,27.0,744.23,2.5,15408.333333333334,16152.563333333334
2025-07-01,S018,Newport Care & Education Centre,Wales,Driver,4.1,28000,14.1,253.08,1.5,9566.666666666666,9819.746666666666
2025-07-01,S018,Newport Care & Education Centre,Wales,Support Worker,16.1,25000,60.3,966.35,9.7,33541.66666666667,34508.01666666667
2025-07-01,S018,Newport Care & Education Centre,Wales,Administrator,15.9,27000,59.2,1024.62,7.9,35775.0,36799.62
2025-07-01,S018,Newport Care & Education Centre,Wales,Senior Support Worker,7.6,29000,24.9,462.88,4.9,18366.666666666668,18829.54666666667
2025-07-01,S019,Wrexham Care & Education Centre,Wales,Support Worker,11.5,25000,79.8,1278.85,6.2,23958.333333333332,25237.18333333333
2025-07-01,S019,Wrexham Care & Education Centre,Wales,Team Leader,17.2,35000,70.9,1590.71,8.6,50166.666666666664,51757.37666666666
2025-07-01,S019,Wrexham Care & Education Centre,Wales,Registered Nurse,12.1,41000,5.1,134.04,6.8,41341.666666666664,41475.706666666665
2025-07-01,S019,Wrexham Care & Education Centre,Wales,Driver,11.7,28000,49.2,883.08,6.3,27300.0,28183.08
2025-07-01,S020,Bangor Care & Education Centre,Wales,Administrator,16.4,27000,48.1,832.5,7.8,36899.99999999999,37732.49999999999
2025-07-01,S020,Bangor Care & Education Centre,Wales,Manager,9.0,43000,30.5,840.71,5.5,32250.0,33090.71
2025-07-01,S020,Bangor Care & Education Centre,Wales,Registered Nurse,9.6,41000,32.9,864.68,6.9,32800.0,33664.68
2025-07-01,S020,Bangor Care & Education Centre,Wales,Support Worker,6.2,25000,28.8,461.54,1.8,12916.666666666666,13378.206666666667
2025-07-01,S020,Bangor Care & Education Centre,Wales,Senior Support Worker,19.1,29000,72.7,1351.47,8.9,46158.333333333336,47509.80333333334
2025-08-01,S001,Preston Care & Education Centre,North,Support Worker,8.8,25000,6.2,99.36,6.0,18333.333333333336,18432.693333333336
2025-08-01,S001,Preston Care & Education Centre,North,Manager,11.9,43000,60.2,1659.36,6.5,42641.666666666664,44301.026666666665
2025-08-01,S001,Preston Care & Education Centre,North,Driver,14.7,28000,62.4,1120.0,6.0,34300.0,35420.0
2025-08-01,S001,Preston Care & Education Centre,North,Administrator,6.3,27000,20.6,356.54,4.0,14175.0,14531.54
2025-08-01,S001,Preston Care & Education Centre,North,Team Leader,19.8,35000,48.0,1076.92,7.4,57750.0,58826.92
2025-08-01,S001,Preston Care & Education Centre,North,Registered Nurse,15.9,41000,58.2,1529.62,7.8,54325.0,55854.62
2025-08-01,S002,Manchester Care & Education Centre,North,Support Worker,16.7,25000,70.2,1125.0,9.1,34791.666666666664,35916.666666666664
2025-08-01,S002,Manchester Care & Education Centre,North,Registered Nurse,16.2,41000,80.3,2110.45,8.4,55350.0,57460.45
2025-08-01,S002,Manchester Care & Education Centre,North,Team Leader,9.8,35000,56.8,1274.36,3.4,28583.333333333332,29857.693333333333
2025-08-01,S002,Manchester Care & Education Centre,North,Manager,5.8,43000,27.6,760.77,3.5,20783.333333333332,21544.103333333333
2025-08-01,S002,Manchester Care & Education Centre,North,Driver,13.6,28000,29.1,522.31,5.3,31733.333333333332,32255.643333333333
2025-08-01,S003,Leeds Care & Education Centre,North,Driver,18.9,28000,54.5,978.21,8.8,44100.0,45078.21
2025-08-01,S003,Leeds Care & Education Centre,North,Manager,16.3,43000,83.6,2304.36,7.5,58408.333333333336,60712.693333333336
2025-08-01,S003,Leeds Care & Education Centre,North,Support Worker,12.5,25000,33.9,543.27,5.6,26041.666666666668,26584.93666666667
2025-08-01,S003,Leeds Care & Education Centre,North,Senior Support Worker,10.8,29000,61.3,1139.55,5.4,26100.0,27239.55
2025-08-01,S003,Leeds Care & Education Centre,North,Registered Nurse,8.5,41000,31.7,833.14,4.1,29041.666666666668,29874.806666666667
2025-08-01,S004,Newcastle Care & Education Centre,North,Senior Support Worker,3.1,29000,18.4,342.05,0.8,7491.666666666667,7833.716666666667
2025-08-01,S004,Newcastle Care & Education Centre,North,Support Worker,9.0,25000,53.8,862.18,4.7,18750.0,19612.18
2025-08-01,S004,Newcastle Care & Education Centre,North,Administrator,19.8,27000,74.4,1287.69,12.4,44550.0,45837.69
2025-08-01,S004,Newcastle Care & Education Centre,North,Team Leader,18.9,35000,45.7,1025.32,9.1,55125.0,56150.32
2025-08-01,S004,Newcastle Care & Education Centre,North,Manager,14.0,43000,30.1,829.68,8.0,50166.666666666664,50996.346666666665
2025-08-01,S005,Sheffield Care & Education Centre,North,Administrator,5.3,27000,34.6,598.85,4.3,11925.0,12523.85
2025-08-01,S005,Sheffield Care & Education Centre,North,Support Worker,4.6,25000,26.8,429.49,2.1,9583.333333333332,10012.823333333332
2025-08-01,S005,Sheffield Care & Education Centre,North,Registered Nurse,11.8,41000,40.7,1069.68,4.2,40316.66666666667,41386.34666666667
2025-08-01,S005,Sheffield Care & Education Centre,North,Team Leader,16.0,35000,112.9,2533.01,8.5,46666.666666666664,49199.676666666666
2025-08-01,S005,Sheffield Care & Education Centre,North,Driver,13.1,28000,42.7,766.41,7.9,30566.666666666668,31333.076666666668
2025-08-01,S006,Birmingham Care & Education Centre,Midlands,Team Leader,13.6,35000,34.6,776.28,7.2,39666.666666666664,40442.94666666666
2025-08-01,S006,Birmingham Care & Education Centre,Midlands,Manager,3.6,43000,13.5,372.12,2.4,12900.0,13272.12
2025-08-01,S006,Birmingham Care & Education Centre,Midlands,Administrator,17.2,27000,67.2,1163.08,7.1,38700.0,39863.08
2025-08-01,S006,Birmingham Care & Education Centre,Midlands,Registered Nurse,8.4,41000,34.6,909.36,5.2,28700.0,29609.36
2025-08-01,S006,Birmingham Care & Education Centre,Midlands,Support Worker,8.3,25000,32.8,525.64,4.9,17291.666666666668,17817.306666666667
2025-08-01,S007,Nottingham Care & Education Centre,Midlands,Registered Nurse,14.3,41000,34.8,914.62,7.1,48858.333333333336,49772.95333333334
2025-08-01,S007,Nottingham Care & Education Centre,Midlands,Support Worker,20.0,25000,61.3,982.37,10.7,41666.666666666664,42649.03666666667
2025-08-01,S007,Nottingham Care & Education Centre,Midlands,Administrator,14.8,27000,59.9,1036.73,8.1,33300.0,34336.73
2025-08-01,S007,Nottingham Care & Education Centre,Midlands,Manager,16.9,43000,95.2,2624.1,9.1,60558.33333333332,63182.43333333332
2025-08-01,S007,Nottingham Care & Education Centre,Midlands,Senior Support Worker,20.0,29000,88.2,1639.62,9.0,48333.333333333336,49972.95333333334
2025-08-01,S008,Leicester Care & Education Centre,Midlands,Registered Nurse,11.5,41000,46.0,1208.97,5.2,39291.666666666664,40500.636666666665
2025-08-01,S008,Leicester Care & Education Centre,Midlands,Team Leader,15.6,35000,54.3,1218.27,7.4,45500.0,46718.27
2025-08-01,S008,Leicester Care & Education Centre,Midlands,Support Worker,9.9,25000,25.0,400.64,3.0,20625.0,21025.64
2025-08-01,S008,Leicester Care & Education Centre,Midlands,Driver,3.4,28000,10.2,183.08,1.9,7933.333333333333,8116.413333333333
2025-08-01,S008,Leicester Care & Education Centre,Midlands,Manager,7.8,43000,15.4,424.49,3.9,27950.0,28374.49
2025-08-01,S009,Derby Care & Education Centre,Midlands,Administrator,9.2,27000,63.0,1090.38,5.6,20699.999999999996,21790.379999999997
2025-08-01,S009,Derby Care & Education Centre,Midlands,Support Worker,4.6,25000,29.7,475.96,2.7,9583.333333333332,10059.293333333331
2025-08-01,S009,Derby Care & Education Centre,Midlands,Senior Support Worker,7.5,29000,43.1,801.22,3.0,18125.0,18926.22
2025-08-01,S009,Derby Care & Education Centre,Midlands,Driver,8.7,28000,26.4,473.85,1.6,20299.999999999996,20773.849999999995
2025-08-01,S010,Coventry Care & Education Centre,Midlands,Senior Support Worker,6.9,29000,39.9,741.73,5.0,16675.0,17416.73
2025-08-01,S010,Coventry Care & Education Centre,Midlands,Manager,7.7,43000,24.4,672.56,3.6,27591.666666666668,28264.22666666667
2025-08-01,S010,Coventry Care & Education Centre,Midlands,Driver,17.3,28000,49.6,890.26,9.0,40366.666666666664,41256.926666666666
2025-08-01,S010,Coventry Care & Education Centre,Midlands,Support Worker,12.4,25000,70.5,1129.81,4.5,25833.333333333332,26963.143333333333
2025-08-01,S011,London Care & Education Centre,South,Driver,4.7,28000,21.7,389.49,2.1,10966.666666666666,11356.156666666666
2025-08-01,S011,London Care & Education Centre,South,Support Worker,9.9,25000,41.3,661.86,5.4,20625.0,21286.86
2025-08-01,S011,London Care & Education Centre,South,Manager,18.8,43000,69.9,1926.73,9.3,67366.66666666667,69293.39666666667
2025-08-01,S011,London Care & Education Centre,South,Registered Nurse,8.3,41000,30.5,801.6,5.1,28358.33333333334,29159.933333333338
2025-08-01,S011,London Care & Education Centre,South,Team Leader,17.9,35000,82.8,1857.69,9.2,52208.333333333336,54066.02333333334
2025-08-01,S011,London Care & Education Centre,South,Senior Support Worker,4.6,29000,9.6,178.46,1.9,11116.666666666666,11295.126666666665
2025-08-01,S012,Bristol Care & Education Centre,South,Registered Nurse,4.6,41000,24.6,646.54,2.3,15716.666666666664,16363.206666666665
2025-08-01,S012,Bristol Care & Education Centre,South,Administrator,19.1,27000,95.3,1649.42,11.3,42975.00000000001,44624.420000000006
2025-08-01,S012,Bristol Care & Education Centre,South,Support Worker,3.1,25000,17.2,275.64,1.6,6458.333333333333,6733.973333333333
2025-08-01,S012,Bristol Care & Education Centre,South,Senior Support Worker,18.2,29000,58.8,1093.08,6.5,43983.333333333336,45076.41333333334
2025-08-01,S012,Bristol Care & Education Centre,South,Manager,3.7,43000,13.9,383.14,1.5,13258.333333333334,13641.473333333333
2025-08-01,S013,Reading Care & Education Centre,South,Team Leader,13.0,35000,59.6,1337.18,6.3,37916.666666666664,39253.846666666665
2025-08-01,S013,Reading Care & Education Centre,South,Manager,12.5,43000,44.0,1212.82,4.5,44791.666666666664,46004.486666666664
2025-08-01,S013,Reading Care & Education Centre,South,Support Worker,16.5,25000,42.7,684.29,8.7,34375.0,35059.29
2025-08-01,S013,Reading Care & Education Centre,South,Registered Nurse,4.4,41000,28.9,759.55,2.1,15033.333333333336,15792.883333333335
2025-08-01,S013,Reading Care & Education Centre,South,Administrator,5.9,27000,26.5,458.65,3.9,13275.0,13733.65
2025-08-01,S014,Southampton Care & Education Centre,South,Manager,15.4,43000,42.9,1182.5,8.1,55183.333333333336,56365.833333333336
2025-08-01,S014,Southampton Care & Education Centre,South,Administrator,5.2,27000,15.0,259.62,3.5,11700.0,11959.62
2025-08-01,S014,Southampton Care & Education Centre,South,Support Worker,15.5,25000,65.5,1049.68,8.0,32291.666666666668,33341.346666666665
2025-08-01,S014,Southampton Care & Education Centre,South,Driver,17.0,28000,48.0,861.54,9.2,39666.666666666664,40528.206666666665
2025-08-01,S014,Southampton Care & Education Centre,South,Senior Support Worker,14.6,29000,104.1,1935.19,6.3,35283.333333333336,37218.52333333334
2025-08-01,S014,Southampton Care & Education Centre,South,Team Leader,7.1,35000,24.8,556.41,3.8,20708.333333333332,21264.743333333332
2025-08-01,S015,Brighton Care & Education Centre,South,Support Worker,16.5,25000,85.5,1370.19,7.7,34375.0,35745.19
2025-08-01,S015,Brighton Care & Education Centre,South,Administrator,16.2,27000,0.0,0.0,9.5,36450.0,36450.0
2025-08-01,S015,Brighton Care & Education Centre,South,Manager,6.2,43000,31.9,879.29,1.4,22216.666666666668,23095.95666666667
2025-08-01,S015,Brighton Care & Education Centre,South,Registered Nurse,12.3,41000,38.0,998.72,7.7,42025.00000000001,43023.72000000001
2025-08-01,S015,Brighton Care & Education Centre,South,Team Leader,4.0,35000,24.7,554.17,2.9,11666.666666666666,12220.836666666666
2025-08-01,S016,Cardiff Care & Education Centre,Wales,Manager,17.0,43000,63.5,1750.32,8.6,60916.666666666664,62666.986666666664
2025-08-01,S016,Cardiff Care & Education Centre,Wales,Administrator,8.0,27000,30.4,526.15,5.1,18000.0,18526.15
2025-08-01,S016,Cardiff Care & Education Centre,Wales,Team Leader,5.3,35000,14.2,318.59,1.8,15458.333333333334,15776.923333333334
2025-08-01,S016,Cardiff Care & Education Centre,Wales,Senior Support Worker,19.6,29000,108.1,2009.55,9.8,47366.666666666664,49376.21666666667
2025-08-01,S017,Swansea Care & Education Centre,Wales,Manager,17.6,43000,106.8,2943.85,8.1,63066.66666666668,66010.51666666668
2025-08-01,S017,Swansea Care & Education Centre,Wales,Registered Nurse,5.1,41000,20.0,525.64,1.6,17424.999999999996,17950.639999999996
2025-08-01,S017,Swansea Care & Education Centre,Wales,Administrator,10.1,27000,40.5,700.96,3.6,22725.0,23425.96
2025-08-01,S017,Swansea Care & Education Centre,Wales,Senior Support Worker,14.0,29000,45.8,851.41,5.6,33833.333333333336,34684.74333333334
2025-08-01,S017,Swansea Care & Education Centre,Wales,Driver,11.5,28000,58.0,1041.03,6.5,26833.333333333332,27874.36333333333
2025-08-01,S018,Newport Care & Education Centre,Wales,Team Leader,14.8,35000,20.8,466.67,8.7,43166.666666666664,43633.33666666666
2025-08-01,S018,Newport Care & Education Centre,Wales,Manager,12.8,43000,99.2,2734.36,6.4,45866.666666666664,48601.026666666665
2025-08-01,S018,Newport Care & Education Centre,Wales,Senior Support Worker,16.8,29000,51.0,948.08,11.2,40600.0,41548.08
2025-08-01,S018,Newport Care & Education Centre,Wales,Registered Nurse,12.9,41000,26.1,685.96,6.5,44075.0,44760.96
2025-08-01,S019,Wrexham Care & Education Centre,Wales,Senior Support Worker,15.4,29000,65.7,1221.35,9.0,37216.666666666664,38438.01666666666
2025-08-01,S019,Wrexham Care & Education Centre,Wales,Driver,14.6,28000,66.3,1190.0,6.8,34066.666666666664,35256.666666666664
2025-08-01,S019,Wrexham Care & Education Centre,Wales,Support Worker,5.3,25000,13.6,217.95,2.3,11041.666666666666,11259.616666666667
2025-08-01,S019,Wrexham Care & Education Centre,Wales,Administrator,6.7,27000,16.7,289.04,3.4,15075.0,15364.04
2025-08-01,S019,Wrexham Care & Education Centre,Wales,Manager,19.3,43000,60.9,1678.65,8.2,69158.33333333333,70836.98333333332
2025-08-01,S019,Wrexham Care & Education Centre,Wales,Registered Nurse,12.8,41000,75.3,1979.04,5.9,43733.333333333336,45712.37333333334
2025-08-01,S020,Bangor Care & Education Centre,Wales,Senior Support Worker,8.8,29000,18.5,343.91,4.2,21266.666666666668,21610.576666666668
2025-08-01,S020,Bangor Care & Education Centre,Wales,Administrator,10.6,27000,43.5,752.88,3.6,23850.0,24602.88
2025-08-01,S020,Bangor Care & Education Centre,Wales,Support Worker,5.5,25000,24.7,395.83,1.7,11458.333333333334,11854.163333333334
2025-08-01,S020,Bangor Care & Education Centre,Wales,Manager,14.0,43000,91.9,2533.14,7.5,50166.666666666664,52699.806666666664
2025-08-01,S020,Bangor Care & Education Centre,Wales,Driver,5.1,28000,17.3,310.51,1.8,11900.0,12210.51
2025-08-01,S020,Bangor Care & Education Centre,Wales,Team Leader,9.3,35000,35.7,800.96,5.3,27125.0,27925.96
2025-09-01,S001,Preston Care & Education Centre,North,Team Leader,14.3,35000,56.7,1272.12,6.9,41708.333333333336,42980.45333333334
2025-09-01,S001,Preston Care & Education Centre,North,Administrator,17.6,27000,71.9,1244.42,8.2,39600.00000000001,40844.420000000006
2025-09-01,S001,Preston Care & Education Centre,North,Manager,5.5,43000,19.2,529.23,0.7,19708.333333333332,20237.56333333333
2025-09-01,S001,Preston Care & Education Centre,North,Registered Nurse,9.6,41000,52.4,1377.18,5.1,32800.0,34177.18
2025-09-01,S001,Preston Care & Education Centre,North,Senior Support Worker,6.2,29000,17.6,327.18,5.0,14983.333333333334,15310.513333333334
2025-09-01,S002,Manchester Care & Education Centre,North,Driver,10.4,28000,43.0,771.79,4.2,24266.666666666668,25038.45666666667
2025-09-01,S002,Manchester Care & Education Centre,North,Administrator,7.3,27000,38.6,668.08,4.0,16425.0,17093.08
2025-09-01,S002,Manchester Care & Education Centre,North,Senior Support Worker,10.4,29000,47.8,888.59,4.8,25133.333333333332,26021.923333333332
2025-09-01,S002,Manchester Care & Education Centre,North,Team Leader,5.7,35000,26.7,599.04,2.6,16625.0,17224.04
2025-09-01,S002,Manchester Care & Education Centre,North,Manager,16.3,43000,78.8,2172.05,6.2,58408.333333333336,60580.38333333334
2025-09-01,S002,Manchester Care & Education Centre,North,Registered Nurse,17.2,41000,57.6,1513.85,10.3,58766.666666666664,60280.51666666666
2025-09-01,S003,Leeds Care & Education Centre,North,Team Leader,18.0,35000,51.3,1150.96,8.4,52500.0,53650.96
2025-09-01,S003,Leeds Care & Education Centre,North,Manager,5.4,43000,18.0,496.15,1.5,19350.000000000004,19846.150000000005
2025-09-01,S003,Leeds Care & Education Centre,North,Registered Nurse,7.7,41000,5.3,139.29,3.6,26308.333333333332,26447.623333333333
2025-09-01,S003,Leeds Care & Education Centre,North,Senior Support Worker,10.2,29000,42.9,797.5,5.0,24650.0,25447.5
2025-09-01,S003,Leeds Care & Education Centre,North,Driver,3.2,28000,12.1,217.18,1.6,7466.666666666667,7683.846666666667
2025-09-01,S003,Leeds Care & Education Centre,North,Support Worker,16.4,25000,90.8,1455.13,8.0,34166.666666666664,35621.79666666666
2025-09-01,S004,Newcastle Care & Education Centre,North,Support Worker,10.6,25000,33.3,533.65,5.0,22083.333333333332,22616.983333333334
2025-09-01,S004,Newcastle Care & Education Centre,North,Manager,14.7,43000,71.6,1973.59,8.8,52675.0,54648.59
2025-09-01,S004,Newcastle Care & Education Centre,North,Team Leader,7.7,35000,23.5,527.24,3.9,22458.333333333332,22985.573333333334
2025-09-01,S004,Newcastle Care & Education Centre,North,Registered Nurse,11.1,41000,50.0,1314.1,4.6,37925.0,39239.1
2025-09-01,S004,Newcastle Care & Education Centre,North,Senior Support Worker,9.6,29000,38.7,719.42,3.3,23200.0,23919.42
2025-09-01,S004,Newcastle Care & Education Centre,North,Driver,5.7,28000,7.7,138.21,3.2,13300.0,13438.21
2025-09-01,S005,Sheffield Care & Education Centre,North,Team Leader,14.0,35000,47.9,1074.68,7.2,40833.333333333336,41908.013333333336
2025-09-01,S005,Sheffield Care & Education Centre,North,Senior Support Worker,9.5,29000,37.7,700.83,3.8,22958.333333333332,23659.163333333334
2025-09-01,S005,Sheffield Care & Education Centre,North,Support Worker,19.8,25000,77.9,1248.4,8.7,41250.0,42498.4
2025-09-01,S005,Sheffield Care & Education Centre,North,Administrator,12.4,27000,75.5,1306.73,4.8,27900.0,29206.73
2025-09-01,S006,Birmingham Care & Education Centre,Midlands,Senior Support Worker,14.7,29000,54.5,1013.14,6.3,35525.0,36538.14
2025-09-01,S006,Birmingham Care & Education Centre,Midlands,Support Worker,7.6,25000,36.9,591.35,3.5,15833.333333333334,16424.683333333334
2025-09-01,S006,Birmingham Care & Education Centre,Midlands,Registered Nurse,14.2,41000,45.8,1203.72,8.0,48516.666666666664,49720.386666666665
2025-09-01,S006,Birmingham Care & Education Centre,Midlands,Manager,16.6,43000,67.1,1849.55,8.8,59483.33333333334,61332.883333333346
2025-09-01,S006,Birmingham Care & Education Centre,Midlands,Team Leader,15.7,35000,39.7,890.71,6.4,45791.666666666664,46682.37666666666
2025-09-01,S006,Birmingham Care & Education Centre,Midlands,Driver,3.3,28000,13.7,245.9,1.3,7700.0,7945.9
2025-09-01,S007,Nottingham Care & Education Centre,Midlands,Support Worker,13.7,25000,67.7,1084.94,6.8,28541.666666666668,29626.606666666667
2025-09-01,S007,Nottingham Care & Education Centre,Midlands,Senior Support Worker,19.6,29000,84.4,1568.97,8.2,47366.666666666664,48935.636666666665
2025-09-01,S007,Nottingham Care & Education Centre,Midlands,Registered Nurse,3.1,41000,21.2,557.18,1.4,10591.666666666666,11148.846666666666
2025-09-01,S007,Nottingham Care & Education Centre,Midlands,Manager,19.3,43000,97.4,2684.74,8.8,69158.33333333333,71843.07333333333
2025-09-01,S007,Nottingham Care & Education Centre,Midlands,Driver,8.6,28000,38.4,689.23,3.0,20066.666666666668,20755.896666666667
2025-09-01,S007,Nottingham Care & Education Centre,Midlands,Team Leader,14.7,35000,68.8,1543.59,7.0,42875.0,44418.59
2025-09-01,S008,Leicester Care & Education Centre,Midlands,Team Leader,6.2,35000,25.1,563.14,3.8,18083.333333333332,18646.47333333333
2025-09-01,S008,Leicester Care & Education Centre,Midlands,Manager,15.5,43000,33.3,917.88,7.1,55541.666666666664,56459.54666666666
2025-09-01,S008,Leicester Care & Education Centre,Midlands,Registered Nurse,15.3,41000,71.7,1884.42,9.7,52275.0,54159.42
2025-09-01,S008,Leicester Care & Education Centre,Midlands,Support Worker,10.2,25000,38.7,620.19,5.7,21249.999999999996,21870.189999999995
2025-09-01,S008,Leicester Care & Education Centre,Midlands,Senior Support Worker,14.8,29000,56.8,1055.9,9.3,35766.666666666664,36822.566666666666
2025-09-01,S008,Leicester Care & Education Centre,Midlands,Driver,7.6,28000,10.5,188.46,3.9,17733.333333333332,17921.79333333333
2025-09-01,S009,Derby Care & Education Centre,Midlands,Administrator,4.6,27000,7.2,124.62,0.0,10349.999999999998,10474.619999999999
2025-09-01,S009,Derby Care & Education Centre,Midlands,Team Leader,11.0,35000,48.9,1097.12,5.6,32083.333333333332,33180.45333333333
2025-09-01,S009,Derby Care & Education Centre,Midlands,Manager,6.3,43000,22.5,620.19,3.0,22575.0,23195.19
2025-09-01,S009,Derby Care & Education Centre,Midlands,Registered Nurse,7.2,41000,62.3,1637.37,3.3,24600.0,26237.37
2025-09-01,S010,Coventry Care & Education Centre,Midlands,Driver,15.9,28000,75.8,1360.51,7.3,37100.0,38460.51
2025-09-01,S010,Coventry Care & Education Centre,Midlands,Registered Nurse,12.1,41000,53.8,1413.97,5.8,41341.666666666664,42755.636666666665
2025-09-01,S010,Coventry Care & Education Centre,Midlands,Administrator,11.4,27000,38.6,668.08,7.5,25650.0,26318.08
2025-09-01,S010,Coventry Care & Education Centre,Midlands,Team Leader,10.3,35000,59.4,1332.69,5.3,30041.666666666668,31374.356666666667
2025-09-01,S011,London Care & Education Centre,South,Support Worker,6.9,25000,3.8,60.9,3.1,14375.0,14435.9
2025-09-01,S011,London Care & Education Centre,South,Administrator,17.7,27000,142.6,2468.08,8.6,39825.0,42293.08
2025-09-01,S011,London Care & Education Centre,South,Driver,6.5,28000,36.8,660.51,4.7,15166.666666666666,15827.176666666666
2025-09-01,S011,London Care & Education Centre,South,Manager,10.0,43000,43.3,1193.53,4.2,35833.333333333336,37026.863333333335
2025-09-01,S011,London Care & Education Centre,South,Registered Nurse,19.9,41000,6.9,181.35,10.6,67991.66666666666,68173.01666666666
2025-09-01,S011,London Care & Education Centre,South,Team Leader,4.2,35000,11.7,262.5,2.3,12250.0,12512.5
2025-09-01,S012,Bristol Care & Education Centre,South,Manager,6.7,43000,14.2,391.41,3.1,24008.333333333332,24399.743333333332
2025-09-01,S012,Bristol Care & Education Centre,South,Team Leader,4.6,35000,18.6,417.31,2.6,13416.666666666666,13833.976666666666
2025-09-01,S012,Bristol Care & Education Centre,South,Senior Support Worker,7.4,29000,17.2,319.74,4.9,17883.333333333332,18203.073333333334
2025-09-01,S012,Bristol Care & Education Centre,South,Driver,18.6,28000,57.7,1035.64,7.6,43400.00000000001,44435.64000000001
2025-09-01,S012,Bristol Care & Education Centre,South,Registered Nurse,10.0,41000,38.4,1009.23,5.0,34166.666666666664,35175.89666666667
2025-09-01,S012,Bristol Care & Education Centre,South,Support Worker,19.9,25000,84.4,1352.56,11.3,41458.33333333333,42810.893333333326
2025-09-01,S013,Reading Care & Education Centre,South,Manager,13.4,43000,48.8,1345.13,6.6,48016.666666666664,49361.79666666666
2025-09-01,S013,Reading Care & Education Centre,South,Team Leader,4.6,35000,10.8,242.31,3.1,13416.666666666666,13658.976666666666
2025-09-01,S013,Reading Care & Education Centre,South,Senior Support Worker,7.3,29000,31.2,580.0,3.2,17641.666666666668,18221.666666666668
2025-09-01,S013,Reading Care & Education Centre,South,Support Worker,13.2,25000,15.1,241.99,8.0,27500.0,27741.99
2025-09-01,S013,Reading Care & Education Centre,South,Driver,15.7,28000,33.9,608.46,7.3,36633.333333333336,37241.793333333335
2025-09-01,S013,Reading Care & Education Centre,South,Administrator,19.0,27000,86.2,1491.92,8.3,42750.0,44241.92
2025-09-01,S014,Southampton Care & Education Centre,South,Support Worker,14.2,25000,25.0,400.64,5.0,29583.333333333332,29983.97333333333
2025-09-01,S014,Southampton Care & Education Centre,South,Team Leader,14.8,35000,75.2,1687.18,6.9,43166.666666666664,44853.846666666665
2025-09-01,S014,Southampton Care & Education Centre,South,Registered Nurse,3.1,41000,26.0,683.33,0.6,10591.666666666666,11274.996666666666
2025-09-01,S014,Southampton Care & Education Centre,South,Senior Support Worker,17.3,29000,45.3,842.12,8.1,41808.333333333336,42650.45333333334
2025-09-01,S015,Brighton Care & Education Centre,South,Driver,4.5,28000,19.6,351.79,1.8,10500.0,10851.79
2025-09-01,S015,Brighton Care & Education Centre,South,Team Leader,12.9,35000,63.4,1422.44,5.5,37625.0,39047.44
2025-09-01,S015,Brighton Care & Education Centre,South,Registered Nurse,18.7,41000,36.0,946.15,7.6,63891.666666666664,64837.816666666666
2025-09-01,S015,Brighton Care & Education Centre,South,Support Worker,7.7,25000,5.1,81.73,3.3,16041.666666666666,16123.396666666666
2025-09-01,S016,Cardiff Care & Education Centre,Wales,Administrator,14.8,27000,52.5,908.65,6.8,33300.0,34208.65
2025-09-01,S016,Cardiff Care & Education Centre,Wales,Registered Nurse,3.5,41000,20.5,538.78,3.0,11958.333333333334,12497.113333333335
2025-09-01,S016,Cardiff Care & Education Centre,Wales,Driver,4.7,28000,16.4,294.36,0.6,10966.666666666666,11261.026666666667
2025-09-01,S016,Cardiff Care & Education Centre,Wales,Team Leader,13.7,35000,43.2,969.23,6.3,39958.333333333336,40927.56333333334
2025-09-01,S016,Cardiff Care & Education Centre,Wales,Manager,3.4,43000,10.2,281.15,1.0,12183.333333333334,12464.483333333334
2025-09-01,S017,Swansea Care & Education Centre,Wales,Senior Support Worker,3.8,29000,11.5,213.78,1.5,9183.333333333334,9397.113333333335
2025-09-01,S017,Swansea Care & Education Centre,Wales,Driver,6.0,28000,18.3,328.46,3.2,14000.0,14328.46
2025-09-01,S017,Swansea Care & Education Centre,Wales,Administrator,17.1,27000,77.6,1343.08,7.6,38475.00000000001,39818.08000000001
2025-09-01,S017,Swansea Care & Education Centre,Wales,Manager,6.4,43000,37.8,1041.92,2.2,22933.333333333332,23975.253333333334
2025-09-01,S017,Swansea Care & Education Centre,Wales,Registered Nurse,8.0,41000,12.6,331.15,4.4,27333.333333333332,27664.483333333334
2025-09-01,S018,Newport Care & Education Centre,Wales,Administrator,3.5,27000,9.7,167.88,2.1,7875.0,8042.88
2025-09-01,S018,Newport Care & Education Centre,Wales,Team Leader,15.3,35000,6.0,134.62,9.0,44625.0,44759.62
2025-09-01,S018,Newport Care & Education Centre,Wales,Senior Support Worker,15.3,29000,76.6,1423.97,6.1,36975.0,38398.97
2025-09-01,S018,Newport Care & Education Centre,Wales,Manager,9.2,43000,16.4,452.05,6.3,32966.666666666664,33418.71666666667
2025-09-01,S019,Wrexham Care & Education Centre,Wales,Driver,4.1,28000,11.9,213.59,1.2,9566.666666666666,9780.256666666666
2025-09-01,S019,Wrexham Care & Education Centre,Wales,Administrator,18.3,27000,11.0,190.38,8.8,41175.0,41365.38
2025-09-01,S019,Wrexham Care & Education Centre,Wales,Team Leader,11.1,35000,40.6,910.9,6.3,32375.0,33285.9
2025-09-01,S019,Wrexham Care & Education Centre,Wales,Senior Support Worker,3.1,29000,5.9,109.68,0.0,7491.666666666667,7601.346666666667
2025-09-01,S019,Wrexham Care & Education Centre,Wales,Registered Nurse,9.4,41000,44.0,1156.41,5.7,32116.666666666668,33273.07666666667
2025-09-01,S020,Bangor Care & Education Centre,Wales,Senior Support Worker,6.6,29000,10.8,200.77,4.4,15950.0,16150.77
2025-09-01,S020,Bangor Care & Education Centre,Wales,Administrator,5.6,27000,22.7,392.88,3.9,12600.0,12992.88
2025-09-01,S020,Bangor Care & Education Centre,Wales,Team Leader,4.8,35000,18.7,419.55,0.0,14000.0,14419.55
2025-09-01,S020,Bangor Care & Education Centre,Wales,Support Worker,6.9,25000,26.0,416.67,4.5,14375.0,14791.67
2025-09-01,S020,Bangor Care & Education Centre,Wales,Manager,16.8,43000,44.7,1232.12,8.0,60200.0,61432.12
2025-09-01,S020,Bangor Care & Education Centre,Wales,Registered Nurse,7.5,41000,28.0,735.9,0.9,25625.0,26360.9
2025-10-01,S001,Preston Care & Education Centre,North,Administrator,17.1,27000,111.3,1926.35,7.6,38475.00000000001,40401.350000000006
2025-10-01,S001,Preston Care & Education Centre,North,Manager,13.1,43000,62.3,1717.24,6.5,46941.666666666664,48658.90666666666
2025-10-01,S001,Preston Care & Education Centre,North,Driver,14.2,28000,83.6,1500.51,7.5,33133.333333333336,34633.84333333334
2025-10-01,S001,Preston Care & Education Centre,North,Registered Nurse,6.7,41000,24.4,641.28,2.5,22891.666666666668,23532.946666666667
2025-10-01,S001,Preston Care & Education Centre,North,Senior Support Worker,10.6,29000,55.1,1024.29,3.4,25616.666666666668,26640.95666666667
2025-10-01,S001,Preston Care & Education Centre,North,Support Worker,5.9,25000,29.3,469.55,1.9,12291.666666666666,12761.216666666665
2025-10-01,S002,Manchester Care & Education Centre,North,Registered Nurse,16.6,41000,97.6,2565.13,8.5,56716.66666666668,59281.796666666676
2025-10-01,S002,Manchester Care & Education Centre,North,Driver,17.2,28000,85.4,1532.82,8.7,40133.333333333336,41666.153333333335
2025-10-01,S002,Manchester Care & Education Centre,North,Administrator,6.3,27000,8.6,148.85,2.3,14175.0,14323.85
2025-10-01,S002,Manchester Care & Education Centre,North,Senior Support Worker,8.0,29000,40.1,745.45,4.2,19333.333333333332,20078.783333333333
2025-10-01,S002,Manchester Care & Education Centre,North,Manager,16.1,43000,92.9,2560.71,8.5,57691.66666666668,60252.37666666668
2025-10-01,S003,Leeds Care & Education Centre,North,Support Worker,6.9,25000,17.6,282.05,2.7,14375.0,14657.05
2025-10-01,S003,Leeds Care & Education Centre,North,Manager,14.9,43000,61.9,1706.22,5.1,53391.666666666664,55097.886666666665
2025-10-01,S003,Leeds Care & Education Centre,North,Driver,19.1,28000,124.3,2231.03,10.0,44566.666666666664,46797.69666666666
2025-10-01,S003,Leeds Care & Education Centre,North,Senior Support Worker,4.9,29000,28.6,531.67,0.9,11841.666666666666,12373.336666666666
2025-10-01,S003,Leeds Care & Education Centre,North,Administrator,11.1,27000,65.1,1126.73,7.8,24975.0,26101.73
2025-10-01,S004,Newcastle Care & Education Centre,North,Manager,12.2,43000,24.6,678.08,6.9,43716.666666666664,44394.746666666666
2025-10-01,S004,Newcastle Care & Education Centre,North,Administrator,6.9,27000,27.6,477.69,1.9,15525.0,16002.69
2025-10-01,S004,Newcastle Care & Education Centre,North,Senior Support Worker,5.1,29000,24.2,449.87,3.4,12325.0,12774.87
2025-10-01,S004,Newcastle Care & Education Centre,North,Support Worker,18.4,25000,57.0,913.46,10.4,38333.33333333333,39246.79333333333
2025-10-01,S004,Newcastle Care & Education Centre,North,Registered Nurse,11.6,41000,17.4,457.31,4.3,39633.333333333336,40090.64333333333
2025-10-01,S004,Newcastle Care & Education Centre,North,Team Leader,13.3,35000,55.9,1254.17,6.7,38791.666666666664,40045.83666666666
2025-10-01,S005,Sheffield Care & Education Centre,North,Senior Support Worker,8.8,29000,25.7,477.76,5.2,21266.666666666668,21744.426666666666
2025-10-01,S005,Sheffield Care & Education Centre,North,Manager,12.1,43000,58.0,1598.72,6.9,43358.333333333336,44957.05333333334
2025-10-01,S005,Sheffield Care & Education Centre,North,Administrator,7.4,27000,28.2,488.08,4.3,16650.0,17138.08
2025-10-01,S005,Sheffield Care & Education Centre,North,Support Worker,8.6,25000,28.7,459.94,6.4,17916.666666666668,18376.606666666667
2025-10-01,S006,Birmingham Care & Education Centre,Midlands,Driver,11.3,28000,31.4,563.59,7.8,26366.666666666668,26930.256666666668
2025-10-01,S006,Birmingham Care & Education Centre,Midlands,Senior Support Worker,17.2,29000,69.7,1295.71,7.2,41566.666666666664,42862.37666666666
2025-10-01,S006,Birmingham Care & Education Centre,Midlands,Support Worker,5.4,25000,32.7,524.04,2.8,11250.0,11774.04
2025-10-01,S006,Birmingham Care & Education Centre,Midlands,Team Leader,16.4,35000,86.5,1940.71,9.4,47833.333333333336,49774.043333333335
2025-10-01,S007,Nottingham Care & Education Centre,Midlands,Administrator,4.2,27000,18.9,327.12,1.5,9450.0,9777.12
2025-10-01,S007,Nottingham Care & Education Centre,Midlands,Support Worker,15.3,25000,83.6,1339.74,7.7,31875.0,33214.74
2025-10-01,S007,Nottingham Care & Education Centre,Midlands,Manager,12.3,43000,61.9,1706.22,4.0,44075.0,45781.22
2025-10-01,S007,Nottingham Care & Education Centre,Midlands,Senior Support Worker,15.5,29000,72.4,1345.9,7.1,37458.333333333336,38804.23333333334
2025-10-01,S007,Nottingham Care & Education Centre,Midlands,Registered Nurse,8.5,41000,55.1,1448.14,4.9,29041.666666666668,30489.806666666667
2025-10-01,S007,Nottingham Care & Education Centre,Midlands,Team Leader,5.8,35000,25.3,567.63,3.4,16916.666666666668,17484.29666666667
2025-10-01,S008,Leicester Care & Education Centre,Midlands,Driver,16.3,28000,40.8,732.31,9.8,38033.333333333336,38765.64333333333
2025-10-01,S008,Leicester Care & Education Centre,Midlands,Registered Nurse,16.2,41000,113.2,2975.13,8.5,55350.0,58325.13
2025-10-01,S008,Leicester Care & Education Centre,Midlands,Support Worker,14.7,25000,93.9,1504.81,6.8,30625.0,32129.81
2025-10-01,S008,Leicester Care & Education Centre,Midlands,Manager,17.7,43000,49.6,1367.18,8.9,63425.0,64792.18
2025-10-01,S008,Leicester Care & Education Centre,Midlands,Team Leader,15.3,35000,71.2,1597.44,7.3,44625.0,46222.44
2025-10-01,S009,Derby Care & Education Centre,Midlands,Registered Nurse,4.4,41000,21.1,554.55,2.5,15033.333333333336,15587.883333333335
2025-10-01,S009,Derby Care & Education Centre,Midlands,Senior Support Worker,6.2,29000,15.5,288.14,3.6,14983.333333333334,15271.473333333333
2025-10-01,S009,Derby Care & Education Centre,Midlands,Manager,19.2,43000,101.7,2803.27,9.8,68800.0,71603.27
2025-10-01,S009,Derby Care & Education Centre,Midlands,Support Worker,4.7,25000,26.9,431.09,1.1,9791.666666666666,10222.756666666666
2025-10-01,S010,Coventry Care & Education Centre,Midlands,Administrator,19.8,27000,93.1,1611.35,8.7,44550.0,46161.35
2025-10-01,S010,Coventry Care & Education Centre,Midlands,Registered Nurse,8.3,41000,19.3,507.24,3.5,28358.33333333334,28865.57333333334
2025-10-01,S010,Coventry Care & Education Centre,Midlands,Support Worker,14.4,25000,37.3,597.76,6.7,30000.0,30597.76
2025-10-01,S010,Coventry Care & Education Centre,Midlands,Manager,16.5,43000,60.7,1673.14,9.1,59125.0,60798.14
2025-10-01,S010,Coventry Care & Education Centre,Midlands,Driver,11.6,28000,40.8,732.31,4.2,27066.666666666668,27798.97666666667
2025-10-01,S010,Coventry Care & Education Centre,Midlands,Team Leader,7.9,35000,45.1,1011.86,3.1,23041.666666666668,24053.52666666667
2025-10-01,S011,London Care & Education Centre,South,Registered Nurse,14.4,41000,56.3,1479.68,7.6,49200.0,50679.68
2025-10-01,S011,London Care & Education Centre,South,Senior Support Worker,12.2,29000,52.5,975.96,7.2,29483.333333333332,30459.29333333333
2025-10-01,S011,London Care & Education Centre,South,Support Worker,7.9,25000,37.3,597.76,3.1,16458.333333333332,17056.09333333333
2025-10-01,S011,London Care & Education Centre,South,Administrator,11.9,27000,86.5,1497.12,6.1,26775.0,28272.12
2025-10-01,S011,London Care & Education Centre,South,Driver,16.1,28000,60.8,1091.28,9.0,37566.66666666667,38657.94666666667
2025-10-01,S012,Bristol Care & Education Centre,South,Senior Support Worker,8.3,29000,36.3,674.81,4.5,20058.333333333336,20733.143333333337
2025-10-01,S012,Bristol Care & Education Centre,South,Registered Nurse,11.0,41000,85.1,2236.6,5.2,37583.333333333336,39819.933333333334
2025-10-01,S012,Bristol Care & Education Centre,South,Manager,11.6,43000,40.9,1127.37,5.9,41566.666666666664,42694.03666666667
2025-10-01,S012,Bristol Care & Education Centre,South,Support Worker,10.9,25000,61.1,979.17,3.9,22708.333333333332,23687.50333333333
2025-10-01,S013,Reading Care & Education Centre,South,Manager,18.1,43000,19.0,523.72,8.5,64858.33333333334,65382.053333333344
2025-10-01,S013,Reading Care & Education Centre,South,Support Worker,9.4,25000,14.6,233.97,4.3,19583.333333333332,19817.303333333333
2025-10-01,S013,Reading Care & Education Centre,South,Administrator,13.8,27000,65.6,1135.38,6.0,31050.0,32185.38
2025-10-01,S013,Reading Care & Education Centre,South,Registered Nurse,4.5,41000,8.4,220.77,2.3,15375.0,15595.77
2025-10-01,S014,Southampton Care & Education Centre,South,Manager,12.6,43000,66.7,1838.53,4.6,45150.0,46988.53
2025-10-01,S014,Southampton Care & Education Centre,South,Registered Nurse,7.0,41000,36.6,961.92,4.3,23916.666666666668,24878.586666666666
2025-10-01,S014,Southampton Care & Education Centre,South,Driver,5.5,28000,29.9,536.67,4.0,12833.333333333334,13370.003333333334
2025-10-01,S014,Southampton Care & Education Centre,South,Senior Support Worker,7.6,29000,55.5,1031.73,3.4,18366.666666666668,19398.396666666667
2025-10-01,S014,Southampton Care & Education Centre,South,Team Leader,6.9,35000,28.7,643.91,3.0,20125.0,20768.91
2025-10-01,S014,Southampton Care & Education Centre,South,Administrator,8.5,27000,34.0,588.46,5.8,19125.0,19713.46
2025-10-01,S015,Brighton Care & Education Centre,South,Support Worker,15.4,25000,30.5,488.78,6.8,32083.333333333332,32572.11333333333
2025-10-01,S015,Brighton Care & Education Centre,South,Registered Nurse,12.4,41000,75.2,1976.41,7.2,42366.666666666664,44343.07666666667
2025-10-01,S015,Brighton Care & Education Centre,South,Administrator,3.7,27000,12.8,221.54,2.7,8325.0,8546.54
2025-10-01,S015,Brighton Care & Education Centre,South,Senior Support Worker,11.0,29000,49.6,922.05,7.0,26583.333333333332,27505.38333333333
2025-10-01,S015,Brighton Care & Education Centre,South,Manager,9.9,43000,40.7,1121.86,6.0,35475.0,36596.86
2025-10-01,S015,Brighton Care & Education Centre,South,Team Leader,7.1,35000,56.5,1267.63,4.1,20708.333333333332,21975.963333333333
2025-10-01,S016,Cardiff Care & Education Centre,Wales,Driver,16.4,28000,66.8,1198.97,8.9,38266.666666666664,39465.636666666665
2025-10-01,S016,Cardiff Care & Education Centre,Wales,Manager,3.3,43000,11.4,314.23,4.0,11825.0,12139.23
2025-10-01,S016,Cardiff Care & Education Centre,Wales,Administrator,13.6,27000,58.1,1005.58,6.5,30600.0,31605.58
2025-10-01,S016,Cardiff Care & Education Centre,Wales,Team Leader,13.8,35000,37.9,850.32,8.0,40250.0,41100.32
2025-10-01,S016,Cardiff Care & Education Centre,Wales,Registered Nurse,19.0,41000,100.7,2646.6,9.0,64916.666666666664,67563.26666666666
2025-10-01,S016,Cardiff Care & Education Centre,Wales,Senior Support Worker,18.7,29000,91.0,1691.67,7.8,45191.666666666664,46883.33666666666
2025-10-01,S017,Swansea Care & Education Centre,Wales,Senior Support Worker,16.6,29000,71.0,1319.87,8.8,40116.66666666667,41436.536666666674
2025-10-01,S017,Swansea Care & Education Centre,Wales,Support Worker,18.8,25000,123.3,1975.96,8.6,39166.666666666664,41142.62666666666
2025-10-01,S017,Swansea Care & Education Centre,Wales,Administrator,17.7,27000,36.9,638.65,8.0,39825.0,40463.65
2025-10-01,S017,Swansea Care & Education Centre,Wales,Registered Nurse,7.3,41000,14.6,383.72,5.0,24941.666666666668,25325.38666666667
2025-10-01,S018,Newport Care & Education Centre,Wales,Support Worker,19.4,25000,122.7,1966.35,10.0,40416.666666666664,42383.01666666666
2025-10-01,S018,Newport Care & Education Centre,Wales,Manager,13.9,43000,81.1,2235.45,7.1,49808.333333333336,52043.78333333333
2025-10-01,S018,Newport Care & Education Centre,Wales,Administrator,12.3,27000,47.4,820.38,5.8,27675.0,28495.38
2025-10-01,S018,Newport Care & Education Centre,Wales,Driver,11.1,28000,39.2,703.59,4.0,25900.0,26603.59
2025-10-01,S018,Newport Care & Education Centre,Wales,Senior Support Worker,18.0,29000,79.1,1470.45,9.0,43500.0,44970.45
2025-10-01,S018,Newport Care & Education Centre,Wales,Registered Nurse,7.2,41000,36.8,967.18,3.7,24600.0,25567.18
2025-10-01,S019,Wrexham Care & Education Centre,Wales,Team Leader,9.8,35000,36.8,825.64,4.0,28583.333333333332,29408.97333333333
2025-10-01,S019,Wrexham Care & Education Centre,Wales,Administrator,7.1,27000,29.2,505.38,4.3,15975.0,16480.38
2025-10-01,S019,Wrexham Care & Education Centre,Wales,Senior Support Worker,14.4,29000,32.9,611.6,7.3,34800.0,35411.6
2025-10-01,S019,Wrexham Care & Education Centre,Wales,Support Worker,5.4,25000,23.5,376.6,2.0,11250.0,11626.6
2025-10-01,S020,Bangor Care & Education Centre,Wales,Manager,12.7,43000,39.6,1091.54,6.6,45508.333333333336,46599.87333333334
2025-10-01,S020,Bangor Care & Education Centre,Wales,Administrator,14.4,27000,33.1,572.88,7.5,32400.0,32972.88
2025-10-01,S020,Bangor Care & Education Centre,Wales,Registered Nurse,15.4,41000,40.9,1074.94,8.8,52616.666666666664,53691.60666666667
2025-10-01,S020,Bangor Care & Education Centre,Wales,Senior Support Worker,9.9,29000,74.3,1381.22,4.1,23925.0,25306.22
2025-10-01,S020,Bangor Care & Education Centre,Wales,Driver,5.7,28000,27.4,491.79,2.1,13300.0,13791.79
2025-11-01,S001,Preston Care & Education Centre,North,Team Leader,15.3,35000,85.1,1909.29,6.4,44625.0,46534.29
2025-11-01,S001,Preston Care & Education Centre,North,Administrator,17.4,27000,82.1,1420.96,7.8,39149.99999999999,40570.95999999999
2025-11-01,S001,Preston Care & Education Centre,North,Senior Support Worker,10.3,29000,38.0,706.41,4.1,24891.666666666668,25598.076666666668
2025-11-01,S001,Preston Care & Education Centre,North,Registered Nurse,4.8,41000,25.1,659.68,1.6,16400.0,17059.68
2025-11-01,S002,Manchester Care & Education Centre,North,Support Worker,19.1,25000,92.2,1477.56,9.2,39791.66666666667,41269.22666666667
2025-11-01,S002,Manchester Care & Education Centre,North,Team Leader,13.7,35000,52.4,1175.64,7.0,39958.333333333336,41133.973333333335
2025-11-01,S002,Manchester Care & Education Centre,North,Driver,5.7,28000,16.3,292.56,3.1,13300.0,13592.56
2025-11-01,S002,Manchester Care & Education Centre,North,Administrator,19.1,27000,120.2,2080.38,8.8,42975.00000000001,45055.380000000005
2025-11-01,S002,Manchester Care & Education Centre,North,Senior Support Worker,9.4,29000,54.1,1005.71,6.2,22716.666666666668,23722.376666666667
2025-11-01,S003,Leeds Care & Education Centre,North,Driver,15.3,28000,42.5,762.82,6.2,35700.0,36462.82
2025-11-01,S003,Leeds Care & Education Centre,North,Support Worker,9.3,25000,41.4,663.46,4.1,19375.000000000004,20038.460000000003
2025-11-01,S003,Leeds Care & Education Centre,North,Senior Support Worker,12.2,29000,83.0,1542.95,6.1,29483.333333333332,31026.283333333333
2025-11-01,S003,Leeds Care & Education Centre,North,Team Leader,6.2,35000,17.3,388.14,2.0,18083.333333333332,18471.47333333333
2025-11-01,S003,Leeds Care & Education Centre,North,Administrator,6.3,27000,35.5,614.42,2.6,14175.0,14789.42
2025-11-01,S004,Newcastle Care & Education Centre,North,Support Worker,10.0,25000,40.7,652.24,6.0,20833.333333333332,21485.573333333334
2025-11-01,S004,Newcastle Care & Education Centre,North,Administrator,7.8,27000,25.5,441.35,3.9,17550.0,17991.35
2025-11-01,S004,Newcastle Care & Education Centre,North,Driver,7.9,28000,31.4,563.59,4.6,18433.333333333332,18996.923333333332
2025-11-01,S004,Newcastle Care & Education Centre,North,Team Leader,12.8,35000,62.5,1402.24,6.2,37333.333333333336,38735.573333333334
2025-11-01,S004,Newcastle Care & Education Centre,North,Senior Support Worker,16.9,29000,69.2,1286.41,8.1,40841.666666666664,42128.07666666667
2025-11-01,S004,Newcastle Care & Education Centre,North,Registered Nurse,11.6,41000,20.7,544.04,6.1,39633.333333333336,40177.37333333334
2025-11-01,S005,Sheffield Care & Education Centre,North,Driver,7.1,28000,48.6,872.31,2.7,16566.666666666668,17438.97666666667
2025-11-01,S005,Sheffield Care & Education Centre,North,Senior Support Worker,14.9,29000,42.3,786.35,6.6,36008.333333333336,36794.683333333334
2025-11-01,S005,Sheffield Care & Education Centre,North,Support Worker,11.8,25000,60.0,961.54,6.3,24583.333333333332,25544.873333333333
2025-11-01,S005,Sheffield Care & Education Centre,North,Registered Nurse,17.1,41000,64.3,1689.94,7.6,58425.00000000001,60114.94000000001
2025-11-01,S006,Birmingham Care & Education Centre,Midlands,Registered Nurse,17.1,41000,70.8,1860.77,7.0,58425.00000000001,60285.770000000004
2025-11-01,S006,Birmingham Care & Education Centre,Midlands,Administrator,4.0,27000,16.9,292.5,2.9,9000.0,9292.5
2025-11-01,S006,Birmingham Care & Education Centre,Midlands,Senior Support Worker,14.7,29000,31.2,580.0,5.8,35525.0,36105.0
2025-11-01,S006,Birmingham Care & Education Centre,Midlands,Team Leader,3.6,35000,22.9,513.78,1.2,10500.0,11013.78
2025-11-01,S006,Birmingham Care & Education Centre,Midlands,Driver,14.7,28000,83.8,1504.1,7.2,34300.0,35804.1
2025-11-01,S007,Nottingham Care & Education Centre,Midlands,Driver,18.6,28000,69.9,1254.62,9.7,43400.00000000001,44654.62000000001
2025-11-01,S007,Nottingham Care & Education Centre,Midlands,Registered Nurse,6.6,41000,17.6,462.56,3.4,22550.0,23012.56
2025-11-01,S007,Nottingham Care & Education Centre,Midlands,Senior Support Worker,16.0,29000,54.8,1018.72,6.7,38666.666666666664,39685.386666666665
2025-11-01,S007,Nottingham Care & Education Centre,Midlands,Manager,9.0,43000,40.6,1119.1,4.2,32250.0,33369.1
2025-11-01,S008,Leicester Care & Education Centre,Midlands,Registered Nurse,16.7,41000,62.9,1653.14,7.1,57058.333333333336,58711.473333333335
2025-11-01,S008,Leicester Care & Education Centre,Midlands,Manager,16.7,43000,106.7,2941.09,9.2,59841.666666666664,62782.75666666667
2025-11-01,S008,Leicester Care & Education Centre,Midlands,Driver,4.5,28000,24.5,439.74,1.9,10500.0,10939.74
2025-11-01,S008,Leicester Care & Education Centre,Midlands,Support Worker,15.1,25000,21.2,339.74,9.5,31458.333333333332,31798.073333333334
2025-11-01,S008,Leicester Care & Education Centre,Midlands,Senior Support Worker,10.7,29000,41.8,777.05,4.6,25858.333333333332,26635.38333333333
2025-11-01,S008,Leicester Care & Education Centre,Midlands,Team Leader,10.9,35000,50.4,1130.77,6.6,31791.666666666668,32922.43666666667
2025-11-01,S009,Derby Care & Education Centre,Midlands,Manager,7.1,43000,28.2,777.31,4.8,25441.666666666668,26218.97666666667
2025-11-01,S009,Derby Care & Education Centre,Midlands,Support Worker,4.6,25000,25.9,415.06,1.2,9583.333333333332,9998.393333333332
2025-11-01,S009,Derby Care & Education Centre,Midlands,Driver,14.5,28000,43.3,777.18,8.2,33833.333333333336,34610.513333333336
2025-11-01,S009,Derby Care & Education Centre,Midlands,Senior Support Worker,11.4,29000,0.0,0.0,5.6,27550.0,27550.0
2025-11-01,S010,Coventry Care & Education Centre,Midlands,Team Leader,3.7,35000,6.9,154.81,1.4,10791.666666666666,10946.476666666666
2025-11-01,S010,Coventry Care & Education Centre,Midlands,Administrator,9.9,27000,35.2,609.23,4.6,22275.0,22884.23
2025-11-01,S010,Coventry Care & Education Centre,Midlands,Registered Nurse,3.6,41000,11.4,299.62,0.7,12300.0,12599.62
2025-11-01,S010,Coventry Care & Education Centre,Midlands,Senior Support Worker,4.3,29000,32.0,594.87,4.0,10391.666666666666,10986.536666666667
2025-11-01,S011,London Care & Education Centre,South,Driver,15.9,28000,35.9,644.36,9.5,37100.0,37744.36
2025-11-01,S011,London Care & Education Centre,South,Manager,8.6,43000,29.2,804.87,4.4,30816.666666666668,31621.536666666667
2025-11-01,S011,London Care & Education Centre,South,Administrator,9.6,27000,37.5,649.04,4.1,21600.0,22249.04
2025-11-01,S011,London Care & Education Centre,South,Team Leader,10.8,35000,59.1,1325.96,5.5,31500.0,32825.96
2025-11-01,S012,Bristol Care & Education Centre,South,Driver,6.5,28000,21.4,384.1,1.9,15166.666666666666,15550.766666666666
2025-11-01,S012,Bristol Care & Education Centre,South,Team Leader,3.5,35000,9.3,208.65,0.1,10208.333333333334,10416.983333333334
2025-11-01,S012,Bristol Care & Education Centre,South,Manager,16.8,43000,67.5,1860.58,7.2,60200.0,62060.58
2025-11-01,S012,Bristol Care & Education Centre,South,Support Worker,13.0,25000,46.8,750.0,7.9,27083.333333333332,27833.333333333332
2025-11-01,S012,Bristol Care & Education Centre,South,Administrator,8.7,27000,50.5,874.04,4.3,19574.999999999996,20449.039999999997
2025-11-01,S012,Bristol Care & Education Centre,South,Registered Nurse,10.1,41000,39.1,1027.63,6.9,34508.333333333336,35535.96333333333
2025-11-01,S013,Reading Care & Education Centre,South,Senior Support Worker,8.7,29000,41.6,773.33,4.0,21024.999999999996,21798.329999999998
2025-11-01,S013,Reading Care & Education Centre,South,Manager,13.8,43000,25.7,708.4,7.3,49450.0,50158.4
2025-11-01,S013,Reading Care & Education Centre,South,Administrator,11.5,27000,60.3,1043.65,5.1,25875.0,26918.65
2025-11-01,S013,Reading Care & Education Centre,South,Support Worker,15.4,25000,68.3,1094.55,7.3,32083.333333333332,33177.88333333333
2025-11-01,S013,Reading Care & Education Centre,South,Team Leader,17.0,35000,63.3,1420.19,6.0,49583.333333333336,51003.52333333334
2025-11-01,S013,Reading Care & Education Centre,South,Driver,13.1,28000,48.0,861.54,7.5,30566.666666666668,31428.20666666667
2025-11-01,S014,Southampton Care & Education Centre,South,Team Leader,13.4,35000,40.9,917.63,6.8,39083.333333333336,40000.96333333333
2025-11-01,S014,Southampton Care & Education Centre,South,Support Worker,8.9,25000,25.5,408.65,4.8,18541.666666666668,18950.31666666667
2025-11-01,S014,Southampton Care & Education Centre,South,Manager,18.1,43000,66.5,1833.01,8.1,64858.33333333334,66691.34333333334
2025-11-01,S014,Southampton Care & Education Centre,South,Senior Support Worker,4.3,29000,25.8,479.62,3.1,10391.666666666666,10871.286666666667
2025-11-01,S014,Southampton Care & Education Centre,South,Driver,13.3,28000,41.1,737.69,7.1,31033.333333333332,31771.02333333333
2025-11-01,S014,Southampton Care & Education Centre,South,Registered Nurse,16.7,41000,80.3,2110.45,9.0,57058.333333333336,59168.78333333333
2025-11-01,S015,Brighton Care & Education Centre,South,Administrator,6.8,27000,9.9,171.35,4.4,15300.0,15471.35
2025-11-01,S015,Brighton Care & Education Centre,South,Manager,9.7,43000,30.5,840.71,4.5,34758.33333333333,35599.04333333333
2025-11-01,S015,Brighton Care & Education Centre,South,Registered Nurse,11.1,41000,88.3,2320.71,5.9,37925.0,40245.71
2025-11-01,S015,Brighton Care & Education Centre,South,Support Worker,17.2,25000,58.8,942.31,6.4,35833.333333333336,36775.64333333333
2025-11-01,S015,Brighton Care & Education Centre,South,Driver,13.0,28000,79.1,1419.74,5.2,30333.333333333332,31753.073333333334
2025-11-01,S015,Brighton Care & Education Centre,South,Senior Support Worker,15.9,29000,39.7,738.01,7.6,38425.0,39163.01
2025-11-01,S016,Cardiff Care & Education Centre,Wales,Senior Support Worker,13.2,29000,80.8,1502.05,7.4,31900.0,33402.05
2025-11-01,S016,Cardiff Care & Education Centre,Wales,Driver,5.5,28000,20.7,371.54,3.1,12833.333333333334,13204.873333333335
2025-11-01,S016,Cardiff Care & Education Centre,Wales,Administrator,7.1,27000,22.0,380.77,3.7,15975.0,16355.77
2025-11-01,S016,Cardiff Care & Education Centre,Wales,Manager,7.7,43000,31.6,871.03,4.8,27591.666666666668,28462.696666666667
2025-11-01,S016,Cardiff Care & Education Centre,Wales,Registered Nurse,8.7,41000,47.4,1245.77,4.8,29724.999999999996,30970.769999999997
2025-11-01,S017,Swansea Care & Education Centre,Wales,Support Worker,5.2,25000,18.0,288.46,3.3,10833.333333333334,11121.793333333333
2025-11-01,S017,Swansea Care & Education Centre,Wales,Registered Nurse,12.1,41000,46.7,1227.37,5.0,41341.666666666664,42569.03666666667
2025-11-01,S017,Swansea Care & Education Centre,Wales,Driver,19.0,28000,64.5,1157.69,9.6,44333.333333333336,45491.02333333334
2025-11-01,S017,Swansea Care & Education Centre,Wales,Administrator,3.7,27000,19.9,344.42,1.7,8325.0,8669.42
2025-11-01,S018,Newport Care & Education Centre,Wales,Administrator,18.9,27000,41.3,714.81,9.5,42524.99999999999,43239.80999999999
2025-11-01,S018,Newport Care & Education Centre,Wales,Support Worker,10.3,25000,43.0,689.1,5.3,21458.333333333336,22147.433333333334
2025-11-01,S018,Newport Care & Education Centre,Wales,Registered Nurse,19.4,41000,104.4,2743.85,10.7,66283.33333333333,69027.18333333333
2025-11-01,S018,Newport Care & Education Centre,Wales,Senior Support Worker,15.6,29000,48.5,901.6,7.2,37700.0,38601.6
2025-11-01,S018,Newport Care & Education Centre,Wales,Team Leader,11.8,35000,28.8,646.15,6.6,34416.666666666664,35062.816666666666
2025-11-01,S019,Wrexham Care & Education Centre,Wales,Support Worker,16.3,25000,100.6,1612.18,7.8,33958.333333333336,35570.513333333336
2025-11-01,S019,Wrexham Care & Education Centre,Wales,Administrator,3.3,27000,12.0,207.69,3.1,7425.0,7632.69
2025-11-01,S019,Wrexham Care & Education Centre,Wales,Senior Support Worker,3.7,29000,17.6,327.18,2.3,8941.666666666666,9268.846666666666
2025-11-01,S019,Wrexham Care & Education Centre,Wales,Team Leader,6.3,35000,13.9,311.86,3.8,18375.0,18686.86
2025-11-01,S020,Bangor Care & Education Centre,Wales,Manager,9.8,43000,25.5,702.88,3.8,35116.66666666667,35819.54666666667
2025-11-01,S020,Bangor Care & Education Centre,Wales,Senior Support Worker,13.3,29000,46.3,860.71,6.1,32141.666666666668,33002.37666666667
2025-11-01,S020,Bangor Care & Education Centre,Wales,Registered Nurse,16.9,41000,62.0,1629.49,7.0,57741.66666666666,59371.156666666655
2025-11-01,S020,Bangor Care & Education Centre,Wales,Team Leader,16.0,35000,87.0,1951.92,9.1,46666.666666666664,48618.58666666666
2025-12-01,S001,Preston Care & Education Centre,North,Senior Support Worker,19.0,29000,20.5,381.09,10.5,45916.666666666664,46297.75666666666
2025-12-01,S001,Preston Care & Education Centre,North,Administrator,6.6,27000,18.4,318.46,4.2,14850.0,15168.46
2025-12-01,S001,Preston Care & Education Centre,North,Team Leader,19.2,35000,74.8,1678.21,9.6,56000.0,57678.21
2025-12-01,S001,Preston Care & Education Centre,North,Support Worker,16.0,25000,59.6,955.13,9.2,33333.333333333336,34288.46333333333
2025-12-01,S001,Preston Care & Education Centre,North,Driver,7.3,28000,15.6,280.0,4.3,17033.333333333332,17313.333333333332
2025-12-01,S002,Manchester Care & Education Centre,North,Registered Nurse,12.7,41000,71.8,1887.05,7.1,43391.666666666664,45278.71666666667
2025-12-01,S002,Manchester Care & Education Centre,North,Support Worker,11.3,25000,84.6,1355.77,5.1,23541.666666666668,24897.43666666667
2025-12-01,S002,Manchester Care & Education Centre,North,Team Leader,17.4,35000,94.6,2122.44,8.6,50750.0,52872.44
2025-12-01,S002,Manchester Care & Education Centre,North,Senior Support Worker,10.2,29000,59.7,1109.81,5.1,24650.0,25759.81
2025-12-01,S002,Manchester Care & Education Centre,North,Manager,12.5,43000,42.7,1176.99,7.6,44791.666666666664,45968.65666666666
2025-12-01,S003,Leeds Care & Education Centre,North,Manager,7.9,43000,25.8,711.15,2.5,28308.333333333332,29019.483333333334
2025-12-01,S003,Leeds Care & Education Centre,North,Senior Support Worker,19.4,29000,62.6,1163.72,10.3,46883.333333333336,48047.05333333334
2025-12-01,S003,Leeds Care & Education Centre,North,Driver,5.0,28000,30.4,545.64,2.6,11666.666666666666,12212.306666666665
2025-12-01,S003,Leeds Care & Education Centre,North,Registered Nurse,8.2,41000,49.0,1287.82,2.7,28016.66666666666,29304.48666666666
2025-12-01,S004,Newcastle Care & Education Centre,North,Support Worker,7.0,25000,23.3,373.4,3.2,14583.333333333334,14956.733333333334
2025-12-01,S004,Newcastle Care & Education Centre,North,Manager,17.7,43000,67.8,1868.85,8.9,63425.0,65293.85
2025-12-01,S004,Newcastle Care & Education Centre,North,Team Leader,18.5,35000,93.2,2091.03,8.8,53958.333333333336,56049.363333333335
2025-12-01,S004,Newcastle Care & Education Centre,North,Senior Support Worker,15.5,29000,65.2,1212.05,7.7,37458.333333333336,38670.38333333334
2025-12-01,S004,Newcastle Care & Education Centre,North,Administrator,12.0,27000,31.3,541.73,5.9,27000.0,27541.73
2025-12-01,S004,Newcastle Care & Education Centre,North,Registered Nurse,9.9,41000,37.5,985.58,4.8,33825.0,34810.58
2025-12-01,S005,Sheffield Care & Education Centre,North,Senior Support Worker,3.9,29000,15.8,293.72,2.0,9425.0,9718.72
2025-12-01,S005,Sheffield Care & Education Centre,North,Administrator,14.3,27000,47.9,829.04,8.4,32175.0,33004.04
2025-12-01,S005,Sheffield Care & Education Centre,North,Registered Nurse,10.7,41000,24.0,630.77,4.6,36558.33333333333,37189.103333333325
2025-12-01,S005,Sheffield Care & Education Centre,North,Support Worker,14.8,25000,120.9,1937.5,6.4,30833.333333333332,32770.83333333333
2025-12-01,S006,Birmingham Care & Education Centre,Midlands,Driver,16.7,28000,32.9,590.51,9.1,38966.666666666664,39557.176666666666
2025-12-01,S006,Birmingham Care & Education Centre,Midlands,Support Worker,7.9,25000,7.0,112.18,3.7,16458.333333333332,16570.513333333332
2025-12-01,S006,Birmingham Care & Education Centre,Midlands,Manager,6.1,43000,44.0,1212.82,1.5,21858.333333333332,23071.153333333332
2025-12-01,S006,Birmingham Care & Education Centre,Midlands,Registered Nurse,3.3,41000,3.4,89.36,0.2,11275.0,11364.36
2025-12-01,S006,Birmingham Care & Education Centre,Midlands,Team Leader,19.9,35000,106.4,2387.18,11.1,58041.666666666664,60428.846666666665
2025-12-01,S006,Birmingham Care & Education Centre,Midlands,Administrator,19.9,27000,64.3,1112.88,10.6,44775.0,45887.88
2025-12-01,S007,Nottingham Care & Education Centre,Midlands,Driver,17.8,28000,108.3,1943.85,10.7,41533.333333333336,43477.183333333334
2025-12-01,S007,Nottingham Care & Education Centre,Midlands,Senior Support Worker,14.2,29000,51.6,959.23,4.8,34316.666666666664,35275.89666666667
2025-12-01,S007,Nottingham Care & Education Centre,Midlands,Team Leader,17.1,35000,47.3,1061.22,8.1,49875.0,50936.22
2025-12-01,S007,Nottingham Care & Education Centre,Midlands,Manager,13.9,43000,50.2,1383.72,6.8,49808.333333333336,51192.05333333334
2025-12-01,S007,Nottingham Care & Education Centre,Midlands,Registered Nurse,15.9,41000,90.3,2373.27,9.2,54325.0,56698.27
2025-12-01,S007,Nottingham Care & Education Centre,Midlands,Administrator,15.7,27000,58.8,1017.69,8.9,35325.0,36342.69
2025-12-01,S008,Leicester Care & Education Centre,Midlands,Administrator,12.8,27000,58.1,1005.58,6.5,28800.0,29805.58
2025-12-01,S008,Leicester Care & Education Centre,Midlands,Team Leader,13.8,35000,74.0,1660.26,7.0,40250.0,41910.26
2025-12-01,S008,Leicester Care & Education Centre,Midlands,Support Worker,12.7,25000,90.0,1442.31,4.9,26458.333333333332,27900.643333333333
2025-12-01,S008,Leicester Care & Education Centre,Midlands,Registered Nurse,5.5,41000,17.7,465.19,2.6,18791.666666666668,19256.856666666667
2025-12-01,S008,Leicester Care & Education Centre,Midlands,Manager,12.6,43000,58.7,1618.01,7.6,45150.0,46768.01
2025-12-01,S008,Leicester Care & Education Centre,Midlands,Senior Support Worker,8.0,29000,31.7,589.29,2.6,19333.333333333332,19922.623333333333
2025-12-01,S009,Derby Care & Education Centre,Midlands,Registered Nurse,4.8,41000,25.3,664.94,3.2,16400.0,17064.94
2025-12-01,S009,Derby Care & Education Centre,Midlands,Manager,17.3,43000,18.8,518.21,8.6,61991.666666666664,62509.87666666666
2025-12-01,S009,Derby Care & Education Centre,Midlands,Administrator,16.7,27000,27.0,467.31,7.7,37575.0,38042.31
2025-12-01,S009,Derby Care & Education Centre,Midlands,Senior Support Worker,6.8,29000,18.0,334.62,4.2,16433.333333333332,16767.95333333333
2025-12-01,S009,Derby Care & Education Centre,Midlands,Support Worker,16.3,25000,68.1,1091.35,6.9,33958.333333333336,35049.683333333334
2025-12-01,S009,Derby Care & Education Centre,Midlands,Driver,16.2,28000,86.2,1547.18,6.7,37800.0,39347.18
2025-12-01,S010,Coventry Care & Education Centre,Midlands,Team Leader,13.6,35000,61.1,1370.83,6.0,39666.666666666664,41037.496666666666
2025-12-01,S010,Coventry Care & Education Centre,Midlands,Manager,3.4,43000,11.7,322.5,2.2,12183.333333333334,12505.833333333334
2025-12-01,S010,Coventry Care & Education Centre,Midlands,Administrator,12.5,27000,59.8,1035.0,7.6,28125.0,29160.0
2025-12-01,S010,Coventry Care & Education Centre,Midlands,Support Worker,5.6,25000,21.7,347.76,3.1,11666.666666666666,12014.426666666666
2025-12-01,S010,Coventry Care & Education Centre,Midlands,Senior Support Worker,13.9,29000,46.5,864.42,7.1,33591.666666666664,34456.08666666666
2025-12-01,S011,London Care & Education Centre,South,Driver,15.7,28000,73.1,1312.05,7.8,36633.333333333336,37945.38333333334
2025-12-01,S011,London Care & Education Centre,South,Team Leader,8.3,35000,10.7,240.06,4.5,24208.333333333332,24448.393333333333
2025-12-01,S011,London Care & Education Centre,South,Support Worker,19.0,25000,86.4,1384.62,8.8,39583.333333333336,40967.95333333334
2025-12-01,S011,London Care & Education Centre,South,Administrator,15.3,27000,31.7,548.65,9.1,34425.0,34973.65
2025-12-01,S011,London Care & Education Centre,South,Manager,11.8,43000,55.9,1540.83,5.7,42283.333333333336,43824.16333333334
2025-12-01,S012,Bristol Care & Education Centre,South,Registered Nurse,14.1,41000,32.4,851.54,6.2,48175.0,49026.54
2025-12-01,S012,Bristol Care & Education Centre,South,Administrator,18.3,27000,109.0,1886.54,9.3,41175.0,43061.54
2025-12-01,S012,Bristol Care & Education Centre,South,Manager,11.8,43000,37.5,1033.65,6.4,42283.333333333336,43316.98333333334
2025-12-01,S012,Bristol Care & Education Centre,South,Driver,14.2,28000,39.5,708.97,8.6,33133.333333333336,33842.30333333334
2025-12-01,S013,Reading Care & Education Centre,South,Driver,18.1,28000,109.1,1958.21,8.6,42233.333333333336,44191.543333333335
2025-12-01,S013,Reading Care & Education Centre,South,Support Worker,5.0,25000,15.3,245.19,0.0,10416.666666666666,10661.856666666667
2025-12-01,S013,Reading Care & Education Centre,South,Registered Nurse,5.4,41000,9.6,252.31,1.4,18450.000000000004,18702.310000000005
2025-12-01,S013,Reading Care & Education Centre,South,Administrator,14.8,27000,62.2,1076.54,7.1,33300.0,34376.54
2025-12-01,S013,Reading Care & Education Centre,South,Senior Support Worker,13.4,29000,26.6,494.49,6.4,32383.333333333332,32877.823333333334
2025-12-01,S013,Reading Care & Education Centre,South,Manager,8.8,43000,41.9,1154.94,4.9,31533.33333333334,32688.273333333338
2025-12-01,S014,Southampton Care & Education Centre,South,Driver,10.4,28000,12.0,215.38,5.1,24266.666666666668,24482.04666666667
2025-12-01,S014,Southampton Care & Education Centre,South,Senior Support Worker,7.5,29000,14.4,267.69,4.7,18125.0,18392.69
2025-12-01,S014,Southampton Care & Education Centre,South,Team Leader,16.3,35000,84.4,1893.59,7.3,47541.666666666664,49435.25666666666
2025-12-01,S014,Southampton Care & Education Centre,South,Registered Nurse,9.5,41000,27.1,712.24,4.3,32458.333333333332,33170.573333333334
2025-12-01,S014,Southampton Care & Education Centre,South,Manager,9.4,43000,5.8,159.87,5.0,33683.333333333336,33843.20333333334
2025-12-01,S014,Southampton Care & Education Centre,South,Support Worker,9.9,25000,35.5,568.91,5.9,20625.0,21193.91
2025-12-01,S015,Brighton Care & Education Centre,South,Driver,16.7,28000,39.3,705.38,7.7,38966.666666666664,39672.04666666666
2025-12-01,S015,Brighton Care & Education Centre,South,Senior Support Worker,4.7,29000,8.2,152.44,1.3,11358.333333333334,11510.773333333334
2025-12-01,S015,Brighton Care & Education Centre,South,Support Worker,17.1,25000,38.1,610.58,9.5,35625.00000000001,36235.58000000001
2025-12-01,S015,Brighton Care & Education Centre,South,Team Leader,18.0,35000,53.1,1191.35,9.1,52500.0,53691.35
2025-12-01,S016,Cardiff Care & Education Centre,Wales,Driver,19.7,28000,67.5,1211.54,8.6,45966.666666666664,47178.206666666665
2025-12-01,S016,Cardiff Care & Education Centre,Wales,Manager,15.8,43000,59.2,1631.79,8.5,56616.666666666664,58248.456666666665
2025-12-01,S016,Cardiff Care & Education Centre,Wales,Registered Nurse,7.3,41000,16.0,420.51,4.5,24941.666666666668,25362.176666666666
2025-12-01,S016,Cardiff Care & Education Centre,Wales,Administrator,6.3,27000,17.2,297.69,2.7,14175.0,14472.69
2025-12-01,S017,Swansea Care & Education Centre,Wales,Team Leader,16.5,35000,79.1,1774.68,7.6,48125.0,49899.68
2025-12-01,S017,Swansea Care & Education Centre,Wales,Manager,8.3,43000,33.7,928.91,3.8,29741.66666666667,30670.57666666667
2025-12-01,S017,Swansea Care & Education Centre,Wales,Senior Support Worker,11.7,29000,49.1,912.76,3.5,28275.0,29187.76
2025-12-01,S017,Swansea Care & Education Centre,Wales,Administrator,13.6,27000,17.1,295.96,7.4,30600.0,30895.96
2025-12-01,S017,Swansea Care & Education Centre,Wales,Registered Nurse,3.7,41000,20.6,541.41,0.9,12641.666666666666,13183.076666666666
2025-12-01,S018,Newport Care & Education Centre,Wales,Driver,3.0,28000,10.9,195.64,1.8,7000.0,7195.64
2025-12-01,S018,Newport Care & Education Centre,Wales,Senior Support Worker,14.4,29000,72.6,1349.62,5.2,34800.0,36149.62
2025-12-01,S018,Newport Care & Education Centre,Wales,Team Leader,11.7,35000,31.2,700.0,5.5,34125.0,34825.0
2025-12-01,S018,Newport Care & Education Centre,Wales,Administrator,13.2,27000,66.7,1154.42,9.1,29700.0,30854.42
2025-12-01,S019,Wrexham Care & Education Centre,Wales,Support Worker,6.4,25000,23.4,375.0,1.8,13333.333333333334,13708.333333333334
2025-12-01,S019,Wrexham Care & Education Centre,Wales,Driver,4.4,28000,20.3,364.36,3.5,10266.666666666668,10631.026666666668
2025-12-01,S019,Wrexham Care & Education Centre,Wales,Administrator,6.3,27000,26.2,453.46,2.2,14175.0,14628.46
2025-12-01,S019,Wrexham Care & Education Centre,Wales,Team Leader,13.4,35000,72.9,1635.58,7.4,39083.333333333336,40718.91333333334
2025-12-01,S019,Wrexham Care & Education Centre,Wales,Registered Nurse,17.0,41000,41.8,1098.59,8.9,58083.333333333336,59181.92333333333
2025-12-01,S020,Bangor Care & Education Centre,Wales,Support Worker,13.4,25000,73.6,1179.49,7.9,27916.666666666668,29096.15666666667
2025-12-01,S020,Bangor Care & Education Centre,Wales,Driver,7.7,28000,30.0,538.46,3.5,17966.666666666668,18505.126666666667
2025-12-01,S020,Bangor Care & Education Centre,Wales,Team Leader,8.0,35000,46.7,1047.76,2.8,23333.333333333332,24381.09333333333
2025-12-01,S020,Bangor Care & Education Centre,Wales,Administrator,13.3,27000,61.9,1071.35,5.3,29925.0,30996.35
