InvoiceDate,SiteID,SiteName,Region,Supplier,Category,InvoiceID,Quantity,UnitCost,GrossSpend,PaymentTermsDays,SourceSystem,VAT,NetSpend,Contracted,DataQualityFlag
2025-05-21,S006,Birmingham Care & Education Centre,Midlands,freshserve,Food & Catering,INV-2025-00001,32,85.42,2733.44,30,ERP,546.688,2733.44,Y,OK
2025-10-07,S008,Leicester Care & Education Centre,Midlands,KitchenPro,Food & Catering,INV-2025-00002,12,60.24,722.88,60,Procurement Portal,144.576,722.88,N,OK
2025-04-22,S009,Derby Care & Education Centre,Midlands,MediSure,Medical Supplies,INV-2025-00003,30,171.35,5140.56,60,Legacy Spend File,1028.112,5140.56,Y,OK
2025-11-29,S006,Birmingham Care & Education Centre,Midlands,PowerDirect,Utilities,INV-2025-00004,70,577.74,40441.94,45,ERP,8088.388000000001,40441.94,N,OK
2025-03-23,S016,Cardiff Care & Education Centre,Wales,CloudLink,IT & Telecoms,INV-2025-00005,55,193.42,10637.88,45,Procurement Portal,2127.576,10637.88,Y,OK
2025-02-22,S013,Reading Care & Education Centre,South,WaterGrid,Utilities,INV-2025-00006,12,219.79,2637.51,45,ERP,527.5020000000001,2637.51,N,OK
2025-05-16,S005,Sheffield Care & Education Centre,North,AutoCare,Vehicle & Fuel,INV-2025-00007,6,226.43,1358.59,60,Procurement Portal,271.718,1358.59,N,OK
2025-02-10,S004,Newcastle Care & Education Centre,North,NourishCo,Food & Catering,INV-2025-00008,71,99.13,7038.54,45,Legacy Spend File,1407.708,7038.54,N,OK
2025-04-09,S017,Swansea Care & Education Centre,Wales,AutoCare,Vehicle & Fuel,INV-2025-00009,9,73.38,660.43,30,Legacy Spend File,132.08599999999998,660.43,N,OK
2025-04-30,S015,Brighton Care & Education Centre,South,CloudLink,IT & Telecoms,INV-2025-00010,13,296.5,3854.46,45,Procurement Portal,770.892,3854.46,Y,OK
2025-07-09,S016,Cardiff Care & Education Centre,Wales,FleetFuel,Vehicle & Fuel,INV-2025-00011,46,73.63,3386.79,30,Legacy Spend File,677.3580000000001,3386.79,Y,OK
2025-11-22,S019,Wrexham Care & Education Centre,Wales,KitchenPro,Food & Catering,INV-2025-00012,22,50.31,1106.86,60,Legacy Spend File,221.37199999999999,1106.86,N,OK
2025-07-14,S009,Derby Care & Education Centre,Midlands,SafeGuard FM,Facilities,INV-2025-00013,35,205.62,7196.75,60,Legacy Spend File,1439.3500000000001,7196.75,N,OK
2025-06-16,S014,Southampton Care & Education Centre,South,PowerDirect,Utilities,INV-2025-00014,8,87.28,698.26,30,ERP,139.65200000000002,698.26,N,OK
2025-02-03,S007,Nottingham Care & Education Centre,Midlands,CareTemps,Agency Labour,INV-2025-00015,28,116.17,3252.83,60,Legacy Spend File,650.566,3252.83,N,OK
2025-09-13,S017,Swansea Care & Education Centre,Wales,PowerDirect,Utilities,INV-2025-00016,51,183.5,9358.39,60,Procurement Portal,1871.6779999999999,9358.39,N,OK
2025-05-07,S001,Preston Care & Education Centre,North,CloudLink,IT & Telecoms,INV-2025-00017,72,126.04,9074.62,60,Procurement Portal,1814.9240000000002,9074.62,Y,OK
2025-07-24,S020,Bangor Care & Education Centre,Wales,NurseLink,Agency Labour,INV-2025-00018,47,356.6,16760.26,30,ERP,3352.0519999999997,16760.26,N,OK
2025-01-25,S007,Nottingham Care & Education Centre,Midlands,OfficePlus,Office & Training,INV-2025-00019,15,45.52,682.75,30,Legacy Spend File,136.55,682.75,N,OK
2025-02-02,S018,Newport Care & Education Centre,Wales,NurseLink,Agency Labour,INV-2025-00020,50,137.97,6898.36,45,Legacy Spend File,1379.672,6898.36,N,OK
2025-01-06,S002,Manchester Care & Education Centre,North,NetServe,IT & Telecoms,INV-2025-00021,15,492.62,7389.27,60,Legacy Spend File,1477.8540000000003,7389.27,N,OK
2025-06-24,S019,Wrexham Care & Education Centre,Wales,NetServe,IT & Telecoms,INV-2025-00022,15,194.31,2914.64,45,Procurement Portal,582.928,2914.64,N,OK
2025-05-15,S012,Bristol Care & Education Centre,South,OfficePlus,Office & Training,INV-2025-00023,65,77.84,5059.46,30,Legacy Spend File,1011.892,5059.46,N,OK
2025-09-17,S010,Coventry Care & Education Centre,Midlands,NetServe,IT & Telecoms,INV-2025-00024,78,100.49,7837.89,30,ERP,1567.5780000000002,7837.89,N,OK
2025-09-29,S001,Preston Care & Education Centre,North,BuildCare,Facilities,INV-2025-00025,1,133.43,133.43,60,Procurement Portal,26.686000000000003,133.43,N,OK
2025-07-05,S014,Southampton Care & Education Centre,South,MediSure,Medical Supplies,INV-2025-00026,40,127.55,5101.95,30,ERP,1020.39,5101.95,Y,OK
2025-09-06,S006,Birmingham Care & Education Centre,Midlands,FreshServe,Food & Catering,INV-2025-00027,9,34.51,310.62,60,ERP,62.124,310.62,Y,OK
2025-03-26,S012,Bristol Care & Education Centre,South,PrintCo,Office & Training,INV-2025-00028,34,92.21,3135.31,60,Legacy Spend File,627.062,3135.31,N,OK
2025-12-20,S009,Derby Care & Education Centre,Midlands,PowerDirect,Utilities,INV-2025-00029,26,179.67,4671.36,60,Procurement Portal,934.2719999999999,4671.36,N,OK
2025-09-22,S006,Birmingham Care & Education Centre,Midlands,RoadReady,Vehicle & Fuel,INV-2025-00030,58,80.92,4693.29,30,ERP,938.658,4693.29,N,OK
2025-01-11,S010,Coventry Care & Education Centre,Midlands,NourishCo,Food & Catering,INV-2025-00031,76,46.69,3548.15,60,ERP,709.6300000000001,3548.15,N,OK
2025-02-06,S010,Coventry Care & Education Centre,Midlands,UK Energy Partners,Utilities,INV-2025-00032,8,692.43,5539.48,30,ERP,1107.896,5539.48,N,OK
2025-09-21,S007,Nottingham Care & Education Centre,Midlands,FleetFuel,Vehicle & Fuel,INV-2025-00033,31,94.3,2923.22,45,Legacy Spend File,584.644,2923.22,Y,OK
2025-03-09,S018,Newport Care & Education Centre,Wales,PowerDirect,Utilities,INV-2025-00034,74,139.73,10340.1,60,Procurement Portal,2068.02,10340.1,N,OK
2025-04-08,S015,Brighton Care & Education Centre,South,LearnWell,Office & Training,INV-2025-00035,13,117.91,1532.78,30,Legacy Spend File,306.556,1532.78,N,OK
2025-07-30,S017,Swansea Care & Education Centre,Wales,RoadReady,Vehicle & Fuel,INV-2025-00036,60,48.54,2912.47,60,ERP,582.494,2912.47,N,OK
2025-07-26,S013,Reading Care & Education Centre,South,FreshServe,Food & Catering,INV-2025-00037,44,72.91,3208.16,30,ERP,641.6320000000001,3208.16,Y,OK
2025-08-18,S003,Leeds Care & Education Centre,North,PowerDirect,Utilities,INV-2025-00038,18,85.08,1531.52,45,ERP,306.30400000000003,1531.52,N,OK
2025-02-08,S009,Derby Care & Education Centre,Midlands,OfficePlus,Office & Training,INV-2025-00039,57,36.13,2059.13,60,ERP,411.826,2059.13,N,OK
2025-05-02,S012,Bristol Care & Education Centre,South,MediSure,Medical Supplies,INV-2025-00040,22,133.72,2941.89,45,Procurement Portal,588.378,2941.89,Y,OK
2025-01-31,S019,Wrexham Care & Education Centre,Wales,WaterGrid,Utilities,INV-2025-00041,22,375.26,8255.71,45,ERP,1651.1419999999998,8255.71,N,OK
2025-05-27,S002,Manchester Care & Education Centre,North,TeleCare IT,IT & Telecoms,INV-2025-00042,55,241.74,13295.93,60,Legacy Spend File,2659.186,13295.93,N,OK
2025-04-08,S006,Birmingham Care & Education Centre,Midlands,OfficePlus,Office & Training,INV-2025-00043,38,70.38,2674.37,30,ERP,534.874,2674.37,N,OK
2025-06-10,S002,Manchester Care & Education Centre,North,ClinEquip,Medical Supplies,INV-2025-00044,8,101.69,813.48,30,Legacy Spend File,162.69600000000003,813.48,N,OK
2025-09-18,S001,Preston Care & Education Centre,North,CleanWorks,Facilities,INV-2025-00045,11,79.82,878.02,30,ERP,175.604,878.02,Y,OK
2025-05-01,S018,Newport Care & Education Centre,Wales,KitchenPro,Food & Catering,INV-2025-00046,52,43.75,2274.96,30,Legacy Spend File,454.992,2274.96,N,OK
2025-02-11,S005,Sheffield Care & Education Centre,North,ClinEquip,Medical Supplies,INV-2025-00047,54,93.14,5029.74,60,Legacy Spend File,1005.948,5029.74,N,OK
2025-04-15,S010,Coventry Care & Education Centre,Midlands,RoadReady,Vehicle & Fuel,INV-2025-00048,41,169.91,6966.49,30,Procurement Portal,1393.298,6966.49,N,OK
2025-11-27,S005,Sheffield Care & Education Centre,North,BuildCare,Facilities,INV-2025-00049,39,217.45,8480.36,45,Procurement Portal,1696.0720000000001,8480.36,N,OK
2025-08-23,S009,Derby Care & Education Centre,Midlands,FreshServe,Food & Catering,INV-2025-00050,80,24.65,1971.88,60,ERP,394.37600000000003,1971.88,Y,OK
2025-05-16,S003,Leeds Care & Education Centre,North,PowerDirect,Utilities,INV-2025-00051,17,298.78,5079.26,45,ERP,1015.8520000000001,5079.26,N,OK
2025-03-22,S006,Birmingham Care & Education Centre,Midlands,RoadReady,Vehicle & Fuel,INV-2025-00052,57,76.87,4381.44,60,Legacy Spend File,876.288,4381.44,N,OK
2025-10-11,S004,Newcastle Care & Education Centre,North,ClinEquip,Medical Supplies,INV-2025-00053,39,82.7,3225.19,60,ERP,645.038,3225.19,N,OK
2025-02-24,S017,Swansea Care & Education Centre,Wales,CloudLink,IT & Telecoms,INV-2025-00054,71,307.98,21866.9,30,Procurement Portal,4373.38,21866.9,Y,OK
2025-06-25,S013,Reading Care & Education Centre,South,PowerDirect,Utilities,INV-2025-00055,27,440.76,11900.64,60,Legacy Spend File,2380.128,11900.64,N,OK
2025-01-27,S013,Reading Care & Education Centre,South,LearnWell,Office & Training,INV-2025-00056,12,125.17,1502.07,60,Procurement Portal,300.414,1502.07,N,OK
2025-06-20,S020,Bangor Care & Education Centre,Wales,MediSure,Medical Supplies,INV-2025-00057,17,75.64,1285.8,60,Procurement Portal,257.16,1285.8,Y,OK
2025-12-28,S006,Birmingham Care & Education Centre,Midlands,PrintCo,Office & Training,INV-2025-00058,55,63.27,3479.88,60,ERP,695.9760000000001,3479.88,N,OK
2025-03-18,S005,Sheffield Care & Education Centre,North,KitchenPro,Food & Catering,INV-2025-00059,70,77.99,5459.31,30,Procurement Portal,1091.862,5459.31,N,OK
2025-03-07,S004,Newcastle Care & Education Centre,North,SafeGuard FM,Facilities,INV-2025-00060,6,307.82,1846.9,45,Procurement Portal,369.38000000000005,1846.9,N,OK
2025-12-16,S001,Preston Care & Education Centre,North,FleetFuel,Vehicle & Fuel,INV-2025-00061,32,72.99,2335.7,60,ERP,467.14,2335.7,Y,OK
2025-03-21,S015,Brighton Care & Education Centre,South,NurseLink,Agency Labour,INV-2025-00062,31,270.88,8397.23,30,ERP,1679.446,8397.23,N,OK
2025-06-20,S012,Bristol Care & Education Centre,South,MediSure,Medical Supplies,INV-2025-00063,53,65.3,3460.95,60,Legacy Spend File,692.19,3460.95,Y,OK
2025-12-26,S014,Southampton Care & Education Centre,South,CloudLink,IT & Telecoms,INV-2025-00064,14,113.94,1595.23,45,ERP,319.04600000000005,1595.23,Y,OK
2025-08-24,S003,Leeds Care & Education Centre,North,UK Energy Partners,Utilities,INV-2025-00065,45,390.86,17588.71,45,ERP,3517.742,17588.71,N,OK
2025-04-09,S006,Birmingham Care & Education Centre,Midlands,ClinEquip,Medical Supplies,INV-2025-00066,52,253.01,13156.45,45,Procurement Portal,2631.2900000000004,13156.45,N,OK
2025-11-25,S009,Derby Care & Education Centre,Midlands,TeleCare IT,IT & Telecoms,INV-2025-00067,66,211.46,13956.17,45,Legacy Spend File,2791.2340000000004,13956.17,N,OK
2025-03-01,S006,Birmingham Care & Education Centre,Midlands,FleetFuel,Vehicle & Fuel,INV-2025-00068,34,164.98,5609.3,30,Legacy Spend File,1121.8600000000001,5609.3,Y,OK
2025-11-02,S003,Leeds Care & Education Centre,North,MediSure,Medical Supplies,INV-2025-00069,56,146.41,8198.8,45,Legacy Spend File,1639.76,8198.8,Y,OK
2025-09-19,S012,Bristol Care & Education Centre,South,NurseLink,Agency Labour,INV-2025-00070,15,210.39,3155.86,45,Legacy Spend File,631.172,3155.86,N,OK
2025-12-29,S019,Wrexham Care & Education Centre,Wales,CloudLink,IT & Telecoms,INV-2025-00071,56,268.38,15029.15,30,Legacy Spend File,3005.83,15029.15,Y,OK
2025-08-09,S013,Reading Care & Education Centre,South,WaterGrid,Utilities,INV-2025-00072,9,582.53,5242.77,60,Procurement Portal,1048.554,5242.77,N,OK
2025-03-05,S018,Newport Care & Education Centre,Wales,AutoCare,Vehicle & Fuel,INV-2025-00073,39,93.15,3632.71,60,Procurement Portal,726.542,3632.71,N,OK
2025-07-26,S019,Wrexham Care & Education Centre,Wales,CareTemps,Agency Labour,INV-2025-00074,38,709.34,26954.96,60,ERP,5390.992,26954.96,N,OK
2025-07-14,S004,Newcastle Care & Education Centre,North,NurseLink,Agency Labour,INV-2025-00075,23,71.02,1633.4,60,Legacy Spend File,326.68000000000006,1633.4,N,OK
2025-01-01,S008,Leicester Care & Education Centre,Midlands,NurseLink,Agency Labour,INV-2025-00076,39,471.46,18386.84,45,ERP,3677.3680000000004,18386.84,N,OK
2025-08-15,S014,Southampton Care & Education Centre,South,RoadReady,Vehicle & Fuel,INV-2025-00077,57,99.66,5680.55,60,ERP,1136.1100000000001,5680.55,N,OK
2025-03-28,S005,Sheffield Care & Education Centre,North,,Office & Training,INV-2025-00078,11,63.63,699.89,45,Legacy Spend File,139.978,699.89,N,Missing supplier
2025-05-01,S020,Bangor Care & Education Centre,Wales,FleetFuel,Vehicle & Fuel,INV-2025-00079,40,99.92,3996.7,30,ERP,799.34,3996.7,Y,OK
2025-05-06,S017,Swansea Care & Education Centre,Wales,MediSure,Medical Supplies,INV-2025-00080,61,40.22,2453.33,60,ERP,490.666,2453.33,Y,OK
2025-10-22,S008,Leicester Care & Education Centre,Midlands,NurseLink,Agency Labour,INV-2025-00081,25,265.86,6646.45,60,Legacy Spend File,1329.29,6646.45,N,OK
2025-05-05,S019,Wrexham Care & Education Centre,Wales,LearnWell,Office & Training,INV-2025-00082,19,91.28,1734.27,60,Legacy Spend File,346.85400000000004,1734.27,N,OK
2025-04-23,S008,Leicester Care & Education Centre,Midlands,NourishCo,Food & Catering,INV-2025-00083,23,146.53,3370.19,60,Legacy Spend File,674.038,3370.19,N,OK
2025-05-08,S014,Southampton Care & Education Centre,South,ClinEquip,Medical Supplies,INV-2025-00084,16,90.24,1443.8,45,ERP,288.76,1443.8,N,OK
2025-11-10,S012,Bristol Care & Education Centre,South,RoadReady,Vehicle & Fuel,INV-2025-00085,65,60.9,3958.39,45,Legacy Spend File,791.678,3958.39,N,OK
2025-09-01,S008,Leicester Care & Education Centre,Midlands,BuildCare,Facilities,INV-2025-00086,58,136.59,7922.27,45,ERP,1584.4540000000002,7922.27,N,OK
2025-09-06,S007,Nottingham Care & Education Centre,Midlands,NetServe,IT & Telecoms,INV-2025-00087,31,363.98,11283.38,45,Procurement Portal,2256.676,11283.38,N,OK
2025-05-20,S005,Sheffield Care & Education Centre,North,CloudLink,IT & Telecoms,INV-2025-00088,43,263.6,11334.89,45,Legacy Spend File,2266.978,11334.89,Y,OK
2025-04-29,S007,Nottingham Care & Education Centre,Midlands,CleanWorks,Facilities,INV-2025-00089,50,134.5,6725.17,60,ERP,1345.034,6725.17,Y,OK
2025-08-01,S011,London Care & Education Centre,South,UK Energy Partners,Utilities,INV-2025-00090,53,331.54,17571.79,45,Legacy Spend File,3514.358,17571.79,N,OK
2025-04-16,S020,Bangor Care & Education Centre,Wales,HealthStaffing,Agency Labour,INV-2025-00091,54,316.45,17088.47,45,Legacy Spend File,3417.6940000000004,17088.47,N,OK
2025-07-14,S004,Newcastle Care & Education Centre,North,ClinEquip,Medical Supplies,INV-2025-00092,62,204.43,12674.92,30,Procurement Portal,2534.9840000000004,12674.92,N,OK
2025-10-03,S009,Derby Care & Education Centre,Midlands,CareTemps,Agency Labour,INV-2025-00093,70,203.9,14273.34,60,ERP,2854.668,14273.34,N,OK
2025-08-12,S003,Leeds Care & Education Centre,North,WaterGrid,Utilities,INV-2025-00094,63,208.77,13152.69,30,Procurement Portal,2630.5380000000005,13152.69,N,OK
2025-03-26,S012,Bristol Care & Education Centre,South,NurseLink,Agency Labour,INV-2025-00095,60,241.8,14508.17,30,Legacy Spend File,2901.634,14508.17,N,OK
2025-10-31,S007,Nottingham Care & Education Centre,Midlands,CareMed,Medical Supplies,INV-2025-00096,73,53.65,3916.75,60,ERP,783.35,3916.75,N,OK
2025-08-25,S019,Wrexham Care & Education Centre,Wales,HealthStaffing,Agency Labour,INV-2025-00097,24,353.06,8473.53,30,Procurement Portal,1694.7060000000001,8473.53,N,OK
2025-08-21,S017,Swansea Care & Education Centre,Wales,FleetFuel,Vehicle & Fuel,INV-2025-00098,42,109.67,4606.05,45,Procurement Portal,921.21,4606.05,Y,OK
2025-02-11,S007,Nottingham Care & Education Centre,Midlands,CareTemps,Agency Labour,INV-2025-00099,61,300.84,18351.54,30,Legacy Spend File,3670.3080000000004,18351.54,N,OK
2025-04-25,S002,Manchester Care & Education Centre,North,CareMed,Medical Supplies,INV-2025-00100,9,105.47,949.27,60,ERP,189.854,949.27,N,OK
2025-04-13,S005,Sheffield Care & Education Centre,North,MediSure,Medical Supplies,INV-2025-00101,3,55.09,165.28,60,ERP,33.056000000000004,165.28,Y,OK
2025-12-09,S002,Manchester Care & Education Centre,North,SafeGuard FM,Facilities,INV-2025-00102,15,142.82,2142.34,60,ERP,428.4680000000001,2142.34,N,OK
2025-03-27,S015,Brighton Care & Education Centre,South,TeleCare IT,IT & Telecoms,INV-2025-00103,78,182.21,14212.02,60,Legacy Spend File,2842.4040000000005,14212.02,N,OK
2025-06-09,S017,Swansea Care & Education Centre,Wales,FreshServe,Food & Catering,INV-2025-00104,14,41.81,585.34,60,ERP,117.06800000000001,585.34,Y,OK
2025-04-12,S005,Sheffield Care & Education Centre,North,CareTemps,Agency Labour,INV-2025-00105,10,274.53,2745.34,60,Legacy Spend File,549.0680000000001,2745.34,N,OK
2025-12-23,S020,Bangor Care & Education Centre,Wales,UK Energy Partners,Utilities,INV-2025-00106,39,312.21,12176.35,60,Legacy Spend File,2435.27,12176.35,N,OK
2025-09-30,S001,Preston Care & Education Centre,North,CareMed,Medical Supplies,INV-2025-00107,55,338.63,18624.39,60,Procurement Portal,3724.878,18624.39,N,OK
2025-08-04,S009,Derby Care & Education Centre,Midlands,FleetFuel,Vehicle & Fuel,INV-2025-00108,63,104.57,6588.16,30,Procurement Portal,1317.632,6588.16,Y,OK
2025-03-20,S011,London Care & Education Centre,South,PrintCo,Office & Training,INV-2025-00109,56,86.41,4839.14,30,Legacy Spend File,967.8280000000001,4839.14,N,OK
2025-10-03,S019,Wrexham Care & Education Centre,Wales,NetServe,IT & Telecoms,INV-2025-00110,62,211.17,13092.79,45,Procurement Portal,2618.5580000000004,13092.79,N,OK
2025-05-06,S006,Birmingham Care & Education Centre,Midlands,TeleCare IT,IT & Telecoms,INV-2025-00111,12,76.58,918.93,45,Procurement Portal,183.786,918.93,N,OK
2025-11-09,S006,Birmingham Care & Education Centre,Midlands,PrintCo,Office & Training,INV-2025-00112,49,73.91,3621.8,45,ERP,724.3600000000001,3621.8,N,OK
2025-09-07,S018,Newport Care & Education Centre,Wales,FleetFuel,Vehicle & Fuel,INV-2025-00113,28,98.2,2749.59,45,Procurement Portal,549.918,2749.59,Y,OK
2025-12-26,S018,Newport Care & Education Centre,Wales,NetServe,IT & Telecoms,INV-2025-00114,36,852.7,30697.29,60,ERP,6139.4580000000005,30697.29,N,OK
2025-05-04,S015,Brighton Care & Education Centre,South,UK Energy Partners,Utilities,INV-2025-00115,53,224.9,11919.78,45,Legacy Spend File,2383.956,11919.78,N,OK
2025-09-01,S012,Bristol Care & Education Centre,South,PowerDirect,Utilities,INV-2025-00116,63,295.1,18591.26,45,ERP,3718.252,18591.26,N,OK
2025-07-27,S020,Bangor Care & Education Centre,Wales,CloudLink,IT & Telecoms,INV-2025-00117,32,215.84,6906.87,45,Legacy Spend File,1381.374,6906.87,Y,OK
2025-10-11,S015,Brighton Care & Education Centre,South,RoadReady,Vehicle & Fuel,INV-2025-00118,68,49.95,3396.88,45,Procurement Portal,679.3760000000001,3396.88,N,OK
2025-12-26,S008,Leicester Care & Education Centre,Midlands,RoadReady,Vehicle & Fuel,INV-2025-00119,59,178.12,10508.79,45,Procurement Portal,2101.7580000000003,10508.79,N,OK
2025-04-09,S008,Leicester Care & Education Centre,Midlands,UK Energy Partners,Utilities,INV-2025-00120,41,378.05,15500.01,30,Legacy Spend File,3100.0020000000004,15500.01,N,OK
2025-04-21,S003,Leeds Care & Education Centre,North,CleanWorks,Facilities,INV-2025-00121,62,278.11,17242.95,45,Legacy Spend File,3448.59,17242.95,Y,OK
2025-04-10,S001,Preston Care & Education Centre,North,CloudLink,IT & Telecoms,INV-2025-00122,38,133.41,5069.77,30,Procurement Portal,1013.9540000000002,5069.77,Y,OK
2025-12-29,S013,Reading Care & Education Centre,South,CloudLink,IT & Telecoms,INV-2025-00123,69,475.88,32835.68,30,Procurement Portal,6567.136,32835.68,Y,OK
2025-05-30,S006,Birmingham Care & Education Centre,Midlands,ClinEquip,Medical Supplies,INV-2025-00124,17,55.51,943.59,60,Procurement Portal,188.71800000000002,943.59,N,OK
2025-05-26,S008,Leicester Care & Education Centre,Midlands,ClinEquip,Medical Supplies,INV-2025-00125,61,165.71,10108.55,45,Procurement Portal,2021.71,10108.55,N,OK
2025-05-10,S003,Leeds Care & Education Centre,North,CleanWorks,Facilities,INV-2025-00126,62,600.47,37228.95,30,ERP,7445.79,37228.95,Y,OK
2025-10-23,S010,Coventry Care & Education Centre,Midlands,OfficePlus,Office & Training,INV-2025-00127,7,43.5,304.48,30,ERP,60.89600000000001,304.48,N,OK
2025-05-08,S011,London Care & Education Centre,South,CloudLink,IT & Telecoms,INV-2025-00128,16,161.12,2577.96,60,Procurement Portal,515.592,2577.96,Y,OK
2025-07-14,S008,Leicester Care & Education Centre,Midlands,PowerDirect,Utilities,INV-2025-00129,58,264.08,15316.9,45,Procurement Portal,3063.38,15316.9,N,OK
2025-10-19,S018,Newport Care & Education Centre,Wales,CareTemps,Agency Labour,INV-2025-00130,80,227.44,18194.92,30,Legacy Spend File,3638.984,18194.92,N,OK
2025-11-17,S012,Bristol Care & Education Centre,South,FreshServe,Food & Catering,INV-2025-00131,28,27.7,775.67,45,Legacy Spend File,155.13400000000001,775.67,Y,OK
2025-03-30,S002,Manchester Care & Education Centre,North,CleanWorks,Facilities,INV-2025-00132,71,186.92,13271.13,30,ERP,2654.226,13271.13,Y,OK
2025-12-19,S010,Coventry Care & Education Centre,Midlands,CareTemps,Agency Labour,INV-2025-00133,77,167.25,12878.58,45,Procurement Portal,2575.7160000000003,12878.58,N,OK
2025-12-28,S019,Wrexham Care & Education Centre,Wales,WaterGrid,Utilities,INV-2025-00134,37,324.39,12002.31,60,Procurement Portal,2400.462,12002.31,N,OK
2025-11-17,S017,Swansea Care & Education Centre,Wales,WaterGrid,Utilities,INV-2025-00135,76,150.77,11458.77,60,ERP,2291.7540000000004,11458.77,N,OK
2025-04-26,S012,Bristol Care & Education Centre,South,KitchenPro,Food & Catering,INV-2025-00136,20,152.45,3049.04,45,ERP,609.808,3049.04,N,OK
2025-06-07,S017,Swansea Care & Education Centre,Wales,MediSure,Medical Supplies,INV-2025-00137,77,78.0,6005.96,60,Legacy Spend File,1201.192,6005.96,Y,OK
2025-08-28,S008,Leicester Care & Education Centre,Midlands,officeplus,Office & Training,INV-2025-00138,39,62.83,2450.18,60,Procurement Portal,490.036,2450.18,N,OK
2025-02-11,S003,Leeds Care & Education Centre,North,LearnWell,Office & Training,INV-2025-00139,77,117.32,9033.8,30,Procurement Portal,1806.76,9033.8,N,OK
2025-05-09,S008,Leicester Care & Education Centre,Midlands,AutoCare,Vehicle & Fuel,INV-2025-00140,4,48.27,193.1,30,ERP,38.620000000000005,193.1,N,OK
2025-05-18,S015,Brighton Care & Education Centre,South,ClinEquip,Medical Supplies,INV-2025-00141,74,135.99,10063.39,30,ERP,2012.6779999999999,10063.39,N,OK
2025-04-03,S005,Sheffield Care & Education Centre,North,LearnWell,Office & Training,INV-2025-00142,75,153.92,11543.81,45,Legacy Spend File,2308.762,11543.81,N,OK
2025-06-28,S016,Cardiff Care & Education Centre,Wales,NourishCo,Food & Catering,INV-2025-00143,53,26.85,1423.06,45,Procurement Portal,284.612,1423.06,N,OK
2025-06-18,S015,Brighton Care & Education Centre,South,FreshServe,Food & Catering,INV-2025-00144,53,71.95,3813.21,60,Procurement Portal,762.642,3813.21,Y,OK
2025-01-19,S012,Bristol Care & Education Centre,South,NurseLink,Agency Labour,INV-2025-00145,59,346.1,20419.7,30,Procurement Portal,4083.9400000000005,20419.7,N,OK
2025-07-26,S009,Derby Care & Education Centre,Midlands,FleetFuel,Vehicle & Fuel,INV-2025-00146,66,146.04,9638.63,30,Legacy Spend File,1927.7259999999999,9638.63,Y,OK
2025-01-28,S018,Newport Care & Education Centre,Wales,LearnWell,Office & Training,INV-2025-00147,25,37.98,949.6,60,Procurement Portal,189.92000000000002,949.6,N,OK
2025-08-15,S015,Brighton Care & Education Centre,South,PrintCo,Office & Training,INV-2025-00148,7,36.28,253.95,30,Procurement Portal,50.79,253.95,N,OK
2025-08-13,S009,Derby Care & Education Centre,Midlands,SafeGuard FM,Facilities,INV-2025-00149,63,239.85,15110.72,30,ERP,3022.1440000000002,15110.72,N,OK
2025-03-23,S005,Sheffield Care & Education Centre,North,PowerDirect,Utilities,INV-2025-00150,40,294.36,11774.39,60,ERP,2354.878,11774.39,N,OK
2025-04-26,S005,Sheffield Care & Education Centre,North,HealthStaffing,Agency Labour,INV-2025-00151,15,344.31,5164.71,45,ERP,1032.942,5164.71,N,OK
2025-05-30,S018,Newport Care & Education Centre,Wales,SafeGuard FM,Facilities,INV-2025-00152,66,217.78,14373.74,60,Procurement Portal,2874.748,14373.74,N,OK
2025-05-05,S012,Bristol Care & Education Centre,South,LearnWell,Office & Training,INV-2025-00153,59,51.6,3044.26,60,ERP,608.8520000000001,3044.26,N,OK
2025-09-18,S005,Sheffield Care & Education Centre,North,PowerDirect,Utilities,INV-2025-00154,18,284.06,5113.16,30,Procurement Portal,1022.6320000000001,5113.16,N,OK
2025-05-17,S007,Nottingham Care & Education Centre,Midlands,AutoCare,Vehicle & Fuel,INV-2025-00155,1,111.62,111.62,45,Legacy Spend File,22.324,111.62,N,OK
2025-08-17,S003,Leeds Care & Education Centre,North,OfficePlus,Office & Training,INV-2025-00156,69,50.63,3493.65,45,Procurement Portal,698.73,3493.65,N,OK
2025-06-14,S006,Birmingham Care & Education Centre,Midlands,CareTemps,Agency Labour,INV-2025-00157,25,837.11,20927.81,60,ERP,4185.562000000001,20927.81,N,OK
2025-07-30,S001,Preston Care & Education Centre,North,HealthStaffing,Agency Labour,INV-2025-00158,6,389.32,2335.89,45,Legacy Spend File,467.178,2335.89,N,OK
2025-12-06,S017,Swansea Care & Education Centre,Wales,CareTemps,Agency Labour,INV-2025-00159,20,155.8,3115.98,45,ERP,623.196,3115.98,N,OK
2025-08-14,S014,Southampton Care & Education Centre,South,FleetFuel,Vehicle & Fuel,INV-2025-00160,13,136.32,1772.12,60,Procurement Portal,354.424,1772.12,Y,OK
2025-12-02,S012,Bristol Care & Education Centre,South,SafeGuard FM,Facilities,INV-2025-00161,20,105.31,2106.14,30,Procurement Portal,421.228,2106.14,N,OK
2025-12-21,S013,Reading Care & Education Centre,South,AutoCare,Vehicle & Fuel,INV-2025-00162,51,146.46,7469.62,60,ERP,1493.924,7469.62,N,OK
2025-11-17,S013,Reading Care & Education Centre,South,CareTemps,Agency Labour,INV-2025-00163,63,567.37,35744.25,60,ERP,7148.85,35744.25,N,OK
2025-11-20,S005,Sheffield Care & Education Centre,North,FreshServe,Food & Catering,INV-2025-00164,37,41.39,1531.39,30,Legacy Spend File,306.278,1531.39,Y,OK
2025-11-21,S007,Nottingham Care & Education Centre,Midlands,HealthStaffing,Agency Labour,INV-2025-00165,13,509.61,6624.89,45,ERP,1324.978,6624.89,N,OK
2025-01-24,S011,London Care & Education Centre,South,CloudLink,IT & Telecoms,INV-2025-00166,42,276.07,11594.97,30,Procurement Portal,2318.994,11594.97,Y,OK
2025-03-16,S009,Derby Care & Education Centre,Midlands,RoadReady,Vehicle & Fuel,INV-2025-00167,32,149.31,4777.85,60,Procurement Portal,955.5700000000002,4777.85,N,OK
2025-03-31,S017,Swansea Care & Education Centre,Wales,CleanWorks,Facilities,INV-2025-00168,11,510.91,5620.01,60,Procurement Portal,1124.0020000000002,5620.01,Y,OK
2025-10-26,S006,Birmingham Care & Education Centre,Midlands,WaterGrid,Utilities,INV-2025-00169,19,218.44,4150.3,30,Procurement Portal,830.0600000000001,4150.3,N,OK
2025-05-11,S001,Preston Care & Education Centre,North,TeleCare IT,IT & Telecoms,INV-2025-00170,2,145.34,290.68,45,Procurement Portal,58.136,290.68,N,OK
2025-08-15,S010,Coventry Care & Education Centre,Midlands,CleanWorks,Facilities,INV-2025-00171,45,110.36,4966.08,60,Procurement Portal,993.216,4966.08,Y,OK
2025-05-09,S019,Wrexham Care & Education Centre,Wales,NurseLink,Agency Labour,INV-2025-00172,59,191.54,11300.75,45,ERP,2260.15,11300.75,N,OK
2025-05-02,S020,Bangor Care & Education Centre,Wales,OfficePlus,Office & Training,INV-2025-00173,49,71.89,3522.42,60,Procurement Portal,704.484,3522.42,N,OK
2025-06-01,S015,Brighton Care & Education Centre,South,NetServe,IT & Telecoms,INV-2025-00174,3,265.41,796.22,60,Procurement Portal,159.24400000000003,796.22,N,OK
2025-12-18,S016,Cardiff Care & Education Centre,Wales,ClinEquip,Medical Supplies,INV-2025-00175,7,139.72,978.07,60,Legacy Spend File,195.61400000000003,978.07,N,OK
2025-11-07,S006,Birmingham Care & Education Centre,Midlands,CloudLink,IT & Telecoms,INV-2025-00176,46,346.74,15950.09,30,Legacy Spend File,3190.018,15950.09,Y,OK
2025-12-04,S002,Manchester Care & Education Centre,North,NetServe,IT & Telecoms,INV-2025-00177,18,221.58,3988.42,60,ERP,797.6840000000001,3988.42,N,OK
2025-08-14,S012,Bristol Care & Education Centre,South,CareMed,Medical Supplies,INV-2025-00178,5,266.92,1334.58,60,Procurement Portal,266.916,1334.58,N,OK
2025-06-01,S005,Sheffield Care & Education Centre,North,CleanWorks,Facilities,INV-2025-00179,42,155.62,6535.9,60,Procurement Portal,1307.18,6535.9,Y,OK
2025-10-04,S018,Newport Care & Education Centre,Wales,UK Energy Partners,Utilities,INV-2025-00180,47,1116.05,52454.51,60,Legacy Spend File,10490.902000000002,52454.51,N,OK
2025-09-04,S007,Nottingham Care & Education Centre,Midlands,SafeGuard FM,Facilities,INV-2025-00181,38,253.93,9649.49,60,Procurement Portal,1929.8980000000001,9649.49,N,OK
2025-03-14,S018,Newport Care & Education Centre,Wales,OfficePlus,Office & Training,INV-2025-00182,29,46.81,1357.43,60,Legacy Spend File,271.48600000000005,1357.43,N,OK
2025-07-07,S014,Southampton Care & Education Centre,South,NurseLink,Agency Labour,INV-2025-00183,12,166.47,1997.59,45,ERP,399.51800000000003,1997.59,N,OK
2025-07-08,S019,Wrexham Care & Education Centre,Wales,NourishCo,Food & Catering,INV-2025-00184,34,84.75,2881.62,60,Procurement Portal,576.324,2881.62,N,OK
2025-12-12,S018,Newport Care & Education Centre,Wales,FleetFuel,Vehicle & Fuel,INV-2025-00185,30,84.01,2520.39,45,ERP,504.078,2520.39,Y,OK
2025-04-24,S018,Newport Care & Education Centre,Wales,AutoCare,Vehicle & Fuel,INV-2025-00186,9,140.69,1266.23,60,Procurement Portal,253.246,1266.23,N,OK
2025-07-29,S015,Brighton Care & Education Centre,South,NetServe,IT & Telecoms,INV-2025-00187,15,285.4,4281.07,30,ERP,856.2139999999999,4281.07,N,OK
2025-03-01,S014,Southampton Care & Education Centre,South,TeleCare IT,IT & Telecoms,INV-2025-00188,13,211.36,2747.7,30,Legacy Spend File,549.54,2747.7,N,OK
2025-07-09,S003,Leeds Care & Education Centre,North,CareTemps,Agency Labour,INV-2025-00189,70,188.3,13181.13,45,Legacy Spend File,2636.226,13181.13,N,OK
2025-12-02,S010,Coventry Care & Education Centre,Midlands,SafeGuard FM,Facilities,INV-2025-00190,13,78.24,1017.13,45,Legacy Spend File,203.42600000000002,1017.13,N,OK
2025-12-20,S007,Nottingham Care & Education Centre,Midlands,CloudLink,IT & Telecoms,INV-2025-00191,48,172.09,8260.54,30,Procurement Portal,1652.1080000000002,8260.54,Y,OK
2025-02-20,S011,London Care & Education Centre,South,WaterGrid,Utilities,INV-2025-00192,48,400.41,19219.51,60,Legacy Spend File,3843.902,19219.51,N,OK
2025-05-22,S017,Swansea Care & Education Centre,Wales,CareMed,Medical Supplies,INV-2025-00193,25,135.0,3374.89,30,Procurement Portal,674.9780000000001,3374.89,N,OK
2025-11-24,S017,Swansea Care & Education Centre,Wales,PowerDirect,Utilities,INV-2025-00194,77,126.0,9702.22,30,ERP,1940.444,9702.22,N,OK
2025-10-17,S004,Newcastle Care & Education Centre,North,UK Energy Partners,Utilities,INV-2025-00195,27,274.98,7424.55,30,Legacy Spend File,1484.91,7424.55,N,OK
2025-06-18,S016,Cardiff Care & Education Centre,Wales,UK Energy Partners,Utilities,INV-2025-00196,19,309.01,5871.26,60,ERP,1174.2520000000002,5871.26,N,OK
2025-10-04,S004,Newcastle Care & Education Centre,North,CleanWorks,Facilities,INV-2025-00197,33,110.7,3653.14,30,ERP,730.628,3653.14,Y,OK
2025-01-08,S001,Preston Care & Education Centre,North,MediSure,Medical Supplies,INV-2025-00198,46,130.59,6007.01,30,Legacy Spend File,1201.402,6007.01,Y,OK
2025-05-16,S004,Newcastle Care & Education Centre,North,MediSure,Medical Supplies,INV-2025-00199,7,123.9,867.33,30,Legacy Spend File,173.466,867.33,Y,OK
2025-02-02,S002,Manchester Care & Education Centre,North,KitchenPro,Food & Catering,INV-2025-00200,61,34.67,2114.61,45,Procurement Portal,422.922,2114.61,N,OK
2025-09-15,S013,Reading Care & Education Centre,South,NourishCo,Food & Catering,INV-2025-00201,29,79.14,2294.95,60,ERP,458.99,2294.95,N,OK
2025-11-26,S017,Swansea Care & Education Centre,Wales,TeleCare IT,IT & Telecoms,INV-2025-00202,4,299.48,1197.93,30,Procurement Portal,239.586,1197.93,N,OK
2025-02-25,S012,Bristol Care & Education Centre,South,NurseLink,Agency Labour,INV-2025-00203,63,544.28,34289.53,60,Procurement Portal,6857.906,34289.53,N,OK
2025-11-08,S016,Cardiff Care & Education Centre,Wales,NourishCo,Food & Catering,INV-2025-00204,19,116.05,2204.86,30,ERP,440.97200000000004,2204.86,N,OK
2025-11-02,S006,Birmingham Care & Education Centre,Midlands,RoadReady,Vehicle & Fuel,INV-2025-00205,68,44.53,3028.03,45,Procurement Portal,605.6060000000001,3028.03,N,OK
2025-12-26,S015,Brighton Care & Education Centre,South,HealthStaffing,Agency Labour,INV-2025-00206,15,179.11,2686.59,60,Legacy Spend File,537.3180000000001,2686.59,N,OK
2025-08-20,S001,Preston Care & Education Centre,North,WaterGrid,Utilities,INV-2025-00207,30,331.87,9955.97,45,Procurement Portal,1991.194,9955.97,N,OK
2025-02-18,S010,Coventry Care & Education Centre,Midlands,CareTemps,Agency Labour,INV-2025-00208,41,397.97,16316.58,45,Procurement Portal,3263.3160000000003,16316.58,N,OK
2025-03-20,S020,Bangor Care & Education Centre,Wales,TeleCare IT,IT & Telecoms,INV-2025-00209,61,292.04,17814.67,30,ERP,3562.9339999999997,17814.67,N,OK
2025-02-19,S009,Derby Care & Education Centre,Midlands,NourishCo,Food & Catering,INV-2025-00210,48,540.98,25967.23,30,Legacy Spend File,5193.446,25967.23,N,OK
2025-03-04,S020,Bangor Care & Education Centre,Wales,AutoCare,Vehicle & Fuel,INV-2025-00211,53,130.04,6892.29,45,Legacy Spend File,1378.458,6892.29,N,OK
2025-01-27,S009,Derby Care & Education Centre,Midlands,NurseLink,Agency Labour,INV-2025-00212,37,560.23,20728.43,60,Procurement Portal,4145.686000000001,20728.43,N,OK
2025-09-17,S020,Bangor Care & Education Centre,Wales,KitchenPro,Food & Catering,INV-2025-00213,28,109.85,3075.72,30,Legacy Spend File,615.144,3075.72,N,OK
2025-06-29,S002,Manchester Care & Education Centre,North,UK Energy Partners,Utilities,INV-2025-00214,72,357.71,25755.21,45,ERP,5151.042,25755.21,N,OK
2025-04-26,S018,Newport Care & Education Centre,Wales,NetServe,IT & Telecoms,INV-2025-00215,55,184.98,10173.71,60,Legacy Spend File,2034.742,10173.71,N,OK
2025-12-03,S019,Wrexham Care & Education Centre,Wales,ClinEquip,Medical Supplies,INV-2025-00216,35,182.17,6375.85,30,ERP,1275.17,6375.85,N,OK
2025-06-29,S018,Newport Care & Education Centre,Wales,TeleCare IT,IT & Telecoms,INV-2025-00217,1,143.82,143.82,30,ERP,28.764,143.82,N,OK
2025-03-14,S004,Newcastle Care & Education Centre,North,HealthStaffing,Agency Labour,INV-2025-00218,4,263.36,1053.45,30,Legacy Spend File,210.69000000000003,1053.45,N,OK
2025-08-03,S002,Manchester Care & Education Centre,North,WaterGrid,Utilities,INV-2025-00219,59,191.43,11294.24,45,ERP,2258.848,11294.24,N,OK
2025-06-16,S018,Newport Care & Education Centre,Wales,NetServe,IT & Telecoms,INV-2025-00220,73,230.13,16799.72,60,ERP,3359.9440000000004,16799.72,N,OK
2025-11-13,S004,Newcastle Care & Education Centre,North,CleanWorks,Facilities,INV-2025-00221,7,642.92,4500.43,60,ERP,900.0860000000001,4500.43,Y,OK
2025-08-06,S018,Newport Care & Education Centre,Wales,PrintCo,Office & Training,INV-2025-00222,63,26.86,1691.93,60,Procurement Portal,338.386,1691.93,N,OK
2025-09-20,S011,London Care & Education Centre,South,CloudLink,IT & Telecoms,INV-2025-00223,15,320.88,4813.22,45,Procurement Portal,962.6440000000001,4813.22,Y,OK
2025-12-14,S015,Brighton Care & Education Centre,South,NetServe,IT & Telecoms,INV-2025-00224,76,90.62,6886.84,45,Legacy Spend File,1377.3680000000002,6886.84,N,OK
2025-04-23,S012,Bristol Care & Education Centre,South,CloudLink,IT & Telecoms,INV-2025-00225,51,169.71,8654.98,60,ERP,1730.996,8654.98,Y,OK
2025-04-19,S003,Leeds Care & Education Centre,North,WaterGrid,Utilities,INV-2025-00226,18,455.04,8190.71,45,Procurement Portal,1638.142,8190.71,N,OK
2025-09-12,S011,London Care & Education Centre,South,FreshServe,Food & Catering,INV-2025-00227,56,67.34,3770.99,30,ERP,754.198,3770.99,Y,OK
2025-10-14,S008,Leicester Care & Education Centre,Midlands,PowerDirect,Utilities,INV-2025-00228,46,138.2,6357.2,30,Procurement Portal,1271.44,6357.2,N,OK
2025-01-10,S007,Nottingham Care & Education Centre,Midlands,CareMed,Medical Supplies,INV-2025-00229,59,80.97,4777.21,30,Procurement Portal,955.442,4777.21,N,OK
2025-07-27,S005,Sheffield Care & Education Centre,North,NurseLink,Agency Labour,INV-2025-00230,54,435.96,23542.09,45,ERP,4708.418000000001,23542.09,N,OK
2025-03-29,S011,London Care & Education Centre,South,CareMed,Medical Supplies,INV-2025-00231,80,80.3,6424.13,45,Legacy Spend File,1284.826,6424.13,N,OK
2025-02-24,S002,Manchester Care & Education Centre,North,NourishCo,Food & Catering,INV-2025-00232,32,73.22,2342.97,45,Legacy Spend File,468.594,2342.97,N,OK
2025-06-08,S016,Cardiff Care & Education Centre,Wales,NourishCo,Food & Catering,INV-2025-00233,44,66.65,2932.59,30,Procurement Portal,586.518,2932.59,N,OK
2025-11-21,S011,London Care & Education Centre,South,KitchenPro,Food & Catering,INV-2025-00234,15,45.42,681.34,60,Legacy Spend File,136.268,681.34,N,OK
2025-11-27,S017,Swansea Care & Education Centre,Wales,RoadReady,Vehicle & Fuel,INV-2025-00235,19,308.91,5869.27,30,ERP,1173.854,5869.27,N,OK
2025-03-30,S007,Nottingham Care & Education Centre,Midlands,CloudLink,IT & Telecoms,INV-2025-00236,78,311.78,24318.48,30,Legacy Spend File,4863.696,24318.48,Y,OK
2025-09-10,S016,Cardiff Care & Education Centre,Wales,BuildCare,Facilities,INV-2025-00237,60,59.09,3545.64,60,Legacy Spend File,709.128,3545.64,N,OK
2025-06-11,S017,Swansea Care & Education Centre,Wales,AutoCare,Vehicle & Fuel,INV-2025-00238,20,105.26,2105.19,45,ERP,421.038,2105.19,N,OK
2025-06-05,S002,Manchester Care & Education Centre,North,PrintCo,Office & Training,INV-2025-00239,36,52.12,1876.24,60,ERP,375.24800000000005,1876.24,N,OK
2025-08-25,S003,Leeds Care & Education Centre,North,NourishCo,Food & Catering,INV-2025-00240,58,103.88,6024.98,30,ERP,1204.9959999999999,6024.98,N,OK
2025-11-27,S016,Cardiff Care & Education Centre,Wales,CloudLink,IT & Telecoms,INV-2025-00241,12,142.27,1707.26,60,Legacy Spend File,341.452,1707.26,Y,OK
2025-10-25,S006,Birmingham Care & Education Centre,Midlands,CareTemps,Agency Labour,INV-2025-00242,71,281.65,19997.4,60,ERP,3999.4800000000005,19997.4,N,OK
2025-11-06,S001,Preston Care & Education Centre,North,WaterGrid,Utilities,INV-2025-00243,61,330.04,20132.24,60,ERP,4026.4480000000003,20132.24,N,OK
2025-06-25,S018,Newport Care & Education Centre,Wales,OfficePlus,Office & Training,INV-2025-00244,11,120.74,1328.16,60,Legacy Spend File,265.632,1328.16,N,OK
2025-12-29,S018,Newport Care & Education Centre,Wales,MediSure,Medical Supplies,INV-2025-00245,57,62.01,3534.69,45,Legacy Spend File,706.9380000000001,3534.69,Y,OK
2025-07-10,S020,Bangor Care & Education Centre,Wales,SafeGuard FM,Facilities,INV-2025-00246,37,149.75,5540.83,45,Procurement Portal,1108.166,5540.83,N,OK
2025-11-28,S013,Reading Care & Education Centre,South,ClinEquip,Medical Supplies,INV-2025-00247,43,92.41,3973.78,30,Procurement Portal,794.7560000000001,3973.78,N,OK
2025-05-10,S003,Leeds Care & Education Centre,North,CareTemps,Agency Labour,INV-2025-00248,78,209.44,16336.55,30,Procurement Portal,3267.31,16336.55,N,OK
2025-06-08,S017,Swansea Care & Education Centre,Wales,SafeGuard FM,Facilities,INV-2025-00249,51,475.3,24240.55,30,Legacy Spend File,4848.11,24240.55,N,Duplicate invoice
2025-10-14,S007,Nottingham Care & Education Centre,Midlands,NourishCo,Food & Catering,INV-2025-00250,49,81.22,3979.64,60,Procurement Portal,795.928,3979.64,N,OK
2025-12-10,S020,Bangor Care & Education Centre,Wales,KitchenPro,Food & Catering,INV-2025-00249,55,32.49,1786.89,60,Procurement Portal,357.37800000000004,1786.89,N,Duplicate invoice
2025-04-03,S007,Nottingham Care & Education Centre,Midlands,RoadReady,Vehicle & Fuel,INV-2025-00252,28,157.39,4406.81,45,Procurement Portal,881.3620000000001,4406.81,N,OK
2025-03-21,S006,Birmingham Care & Education Centre,Midlands,UK Energy Partners,Utilities,INV-2025-00253,10,803.23,8032.35,45,ERP,1606.4700000000003,8032.35,N,OK
2025-06-22,S020,Bangor Care & Education Centre,Wales,ClinEquip,Medical Supplies,INV-2025-00254,80,211.74,16939.01,30,Legacy Spend File,3387.8019999999997,16939.01,N,OK
2025-04-03,S009,Derby Care & Education Centre,Midlands,CleanWorks,Facilities,INV-2025-00255,80,78.05,6243.71,30,Legacy Spend File,1248.7420000000002,6243.71,Y,OK
2025-07-06,S011,London Care & Education Centre,South,CareMed,Medical Supplies,INV-2025-00256,31,91.94,2850.22,45,Legacy Spend File,570.044,2850.22,N,OK
2025-10-01,S001,Preston Care & Education Centre,North,OfficePlus,Office & Training,INV-2025-00257,31,150.55,4667.02,45,Procurement Portal,933.4040000000001,4667.02,N,OK
2025-10-20,S016,Cardiff Care & Education Centre,Wales,AutoCare,Vehicle & Fuel,INV-2025-00258,57,64.37,3669.13,45,Procurement Portal,733.826,3669.13,N,OK
2025-04-13,S017,Swansea Care & Education Centre,Wales,HealthStaffing,Agency Labour,INV-2025-00259,78,382.94,29869.46,30,Procurement Portal,5973.892,29869.46,N,OK
2025-10-11,S020,Bangor Care & Education Centre,Wales,LearnWell,Office & Training,INV-2025-00260,14,114.84,1607.76,60,Legacy Spend File,321.552,1607.76,N,OK
2025-03-24,S020,Bangor Care & Education Centre,Wales,CloudLink,IT & Telecoms,INV-2025-00261,35,132.13,4624.69,45,Legacy Spend File,924.938,4624.69,Y,OK
2025-04-24,S017,Swansea Care & Education Centre,Wales,HealthStaffing,Agency Labour,INV-2025-00262,58,290.34,16839.57,45,ERP,3367.914,16839.57,N,OK
2025-09-15,S017,Swansea Care & Education Centre,Wales,CareMed,Medical Supplies,INV-2025-00263,48,20.18,968.74,30,Procurement Portal,193.74800000000002,968.74,N,OK
2025-01-15,S016,Cardiff Care & Education Centre,Wales,FleetFuel,Vehicle & Fuel,INV-2025-00264,41,54.08,2217.28,30,Legacy Spend File,443.4560000000001,2217.28,Y,OK
2025-03-12,S009,Derby Care & Education Centre,Midlands,FleetFuel,Vehicle & Fuel,INV-2025-00265,5,82.68,413.39,45,Procurement Portal,82.678,413.39,Y,OK
2025-08-29,S001,Preston Care & Education Centre,North,BuildCare,Facilities,INV-2025-00266,58,90.62,5255.97,60,ERP,1051.1940000000002,5255.97,N,OK
2025-04-21,S014,Southampton Care & Education Centre,South,CareMed,Medical Supplies,INV-2025-00267,20,294.51,5890.23,60,Legacy Spend File,1178.046,5890.23,N,OK
2025-05-28,S010,Coventry Care & Education Centre,Midlands,HealthStaffing,Agency Labour,INV-2025-00268,31,136.62,4235.23,45,ERP,847.0459999999999,4235.23,N,OK
2025-11-24,S008,Leicester Care & Education Centre,Midlands,WaterGrid,Utilities,INV-2025-00269,80,196.26,15700.74,45,ERP,3140.148,15700.74,N,OK
2025-10-02,S007,Nottingham Care & Education Centre,Midlands,PrintCo,Office & Training,INV-2025-00270,3,80.59,241.78,60,Legacy Spend File,48.356,241.78,N,OK
2025-03-15,S017,Swansea Care & Education Centre,Wales,PowerDirect,Utilities,INV-2025-00271,38,552.34,20988.87,45,ERP,4197.774,20988.87,N,OK
2025-10-20,S011,London Care & Education Centre,South,FleetFuel,Vehicle & Fuel,INV-2025-00272,54,43.13,2328.87,30,Legacy Spend File,465.774,2328.87,Y,OK
2025-07-04,S014,Southampton Care & Education Centre,South,KitchenPro,Food & Catering,INV-2025-00273,9,123.24,1109.15,60,Legacy Spend File,221.83000000000004,1109.15,N,OK
2025-08-29,S006,Birmingham Care & Education Centre,Midlands,CareMed,Medical Supplies,INV-2025-00274,6,120.68,724.06,60,Procurement Portal,144.81199999999998,724.06,N,OK
2025-01-09,S019,Wrexham Care & Education Centre,Wales,netserve,IT & Telecoms,INV-2025-00275,46,128.23,5898.42,30,Procurement Portal,1179.684,5898.42,N,OK
2025-06-20,S016,Cardiff Care & Education Centre,Wales,KitchenPro,Food & Catering,INV-2025-00276,18,83.81,1508.57,30,Procurement Portal,301.714,1508.57,N,OK
2025-03-31,S013,Reading Care & Education Centre,South,AutoCare,Vehicle & Fuel,INV-2025-00277,60,105.99,6359.5,60,Procurement Portal,1271.9,6359.5,N,OK
2025-02-02,S007,Nottingham Care & Education Centre,Midlands,CleanWorks,Facilities,INV-2025-00278,59,129.39,7634.06,30,Procurement Portal,1526.8120000000001,7634.06,Y,OK
2025-01-22,S014,Southampton Care & Education Centre,South,MediSure,Medical Supplies,INV-2025-00279,41,124.7,5112.56,45,Legacy Spend File,1022.5120000000002,5112.56,Y,OK
2025-01-19,S017,Swansea Care & Education Centre,Wales,LearnWell,Office & Training,INV-2025-00280,25,60.68,1516.93,45,Procurement Portal,303.386,1516.93,N,OK
2025-03-05,S007,Nottingham Care & Education Centre,Midlands,RoadReady,Vehicle & Fuel,INV-2025-00281,48,101.12,4853.78,45,Procurement Portal,970.756,4853.78,N,OK
2025-06-23,S020,Bangor Care & Education Centre,Wales,LearnWell,Office & Training,INV-2025-00282,24,107.95,2590.78,45,Legacy Spend File,518.1560000000001,2590.78,N,OK
2025-05-17,S019,Wrexham Care & Education Centre,Wales,AutoCare,Vehicle & Fuel,INV-2025-00283,11,227.28,2500.09,60,Procurement Portal,500.01800000000003,2500.09,N,OK
2025-04-03,S012,Bristol Care & Education Centre,South,NurseLink,Agency Labour,INV-2025-00284,70,151.86,10630.46,45,Procurement Portal,2126.092,10630.46,N,OK
2025-12-05,S001,Preston Care & Education Centre,North,NourishCo,Food & Catering,INV-2025-00285,38,210.09,7983.58,45,Procurement Portal,1596.7160000000001,7983.58,N,OK
2025-12-20,S012,Bristol Care & Education Centre,South,HealthStaffing,Agency Labour,INV-2025-00286,57,102.53,5844.09,45,Procurement Portal,1168.818,5844.09,N,OK
2025-08-11,S002,Manchester Care & Education Centre,North,AutoCare,Vehicle & Fuel,INV-2025-00287,36,87.39,3146.08,60,ERP,629.216,3146.08,N,OK
2025-09-20,S020,Bangor Care & Education Centre,Wales,CareTemps,Agency Labour,INV-2025-00288,21,414.62,8706.97,30,ERP,1741.394,8706.97,N,OK
2025-03-06,S013,Reading Care & Education Centre,South,OfficePlus,Office & Training,INV-2025-00289,9,87.53,787.81,30,Legacy Spend File,157.562,787.81,N,OK
2025-10-18,S009,Derby Care & Education Centre,Midlands,RoadReady,Vehicle & Fuel,INV-2025-00290,5,67.45,337.25,60,ERP,67.45,337.25,N,OK
2025-07-10,S017,Swansea Care & Education Centre,Wales,LearnWell,Office & Training,INV-2025-00291,57,66.89,3812.62,30,Legacy Spend File,762.524,3812.62,N,OK
2025-06-10,S001,Preston Care & Education Centre,North,RoadReady,Vehicle & Fuel,INV-2025-00292,36,72.44,2607.76,30,ERP,521.552,2607.76,N,OK
2025-09-23,S010,Coventry Care & Education Centre,Midlands,SafeGuard FM,Facilities,INV-2025-00293,50,130.17,6508.27,60,ERP,1301.6540000000002,6508.27,N,OK
2025-08-17,S019,Wrexham Care & Education Centre,Wales,NetServe,IT & Telecoms,INV-2025-00294,28,351.04,9829.2,60,Procurement Portal,1965.8400000000001,9829.2,N,OK
2025-03-04,S014,Southampton Care & Education Centre,South,OfficePlus,Office & Training,INV-2025-00295,18,91.27,1642.9,30,Procurement Portal,328.58000000000004,1642.9,N,OK
2025-12-16,S009,Derby Care & Education Centre,Midlands,OfficePlus,Office & Training,INV-2025-00296,41,51.23,2100.56,60,Procurement Portal,420.112,2100.56,N,OK
2025-10-05,S002,Manchester Care & Education Centre,North,KitchenPro,Food & Catering,INV-2025-00297,38,106.61,4051.14,45,ERP,810.2280000000001,4051.14,N,OK
2025-09-18,S020,Bangor Care & Education Centre,Wales,SafeGuard FM,Facilities,INV-2025-00298,29,213.14,6181.2,30,ERP,1236.24,6181.2,N,OK
2025-01-14,S013,Reading Care & Education Centre,South,WaterGrid,Utilities,INV-2025-00299,47,390.93,18373.83,60,Legacy Spend File,3674.7660000000005,18373.83,N,OK
2025-03-08,S013,Reading Care & Education Centre,South,PrintCo,Office & Training,INV-2025-00300,79,106.04,8376.89,30,ERP,1675.378,8376.89,N,OK
2025-09-03,S015,Brighton Care & Education Centre,South,NurseLink,Agency Labour,INV-2025-00301,68,190.15,12930.48,45,Procurement Portal,2586.096,12930.48,N,OK
2025-06-12,S019,Wrexham Care & Education Centre,Wales,FreshServe,Food & Catering,INV-2025-00302,10,47.76,477.65,45,Procurement Portal,95.53,477.65,Y,OK
2025-10-10,S012,Bristol Care & Education Centre,South,FleetFuel,Vehicle & Fuel,INV-2025-00303,76,143.29,10890.23,30,ERP,2178.046,10890.23,Y,OK
2025-09-23,S016,Cardiff Care & Education Centre,Wales,MediSure,Medical Supplies,INV-2025-00304,20,167.87,3357.42,45,ERP,671.484,3357.42,Y,OK
2025-04-26,S010,Coventry Care & Education Centre,Midlands,AutoCare,Vehicle & Fuel,INV-2025-00305,45,93.91,4226.14,60,Procurement Portal,845.2280000000001,4226.14,N,OK
2025-11-22,S010,Coventry Care & Education Centre,Midlands,CloudLink,IT & Telecoms,INV-2025-00306,71,234.66,16661.19,45,ERP,3332.238,16661.19,Y,OK
2025-10-01,S016,Cardiff Care & Education Centre,Wales,NetServe,IT & Telecoms,INV-2025-00307,12,444.23,5330.76,60,Legacy Spend File,1066.152,5330.76,N,OK
2025-12-04,S010,Coventry Care & Education Centre,Midlands,CleanWorks,Facilities,INV-2025-00308,80,130.01,10400.6,60,Legacy Spend File,2080.1200000000003,10400.6,Y,OK
2025-02-11,S005,Sheffield Care & Education Centre,North,MediSure,Medical Supplies,INV-2025-00309,6,162.13,972.78,60,Legacy Spend File,194.556,972.78,Y,OK
2025-08-02,S004,Newcastle Care & Education Centre,North,PowerDirect,Utilities,INV-2025-00310,80,223.69,17895.09,60,ERP,3579.018,17895.09,N,OK
2025-06-04,S011,London Care & Education Centre,South,NetServe,IT & Telecoms,INV-2025-00311,62,195.18,12100.93,30,Legacy Spend File,2420.186,12100.93,N,OK
2025-02-07,S006,Birmingham Care & Education Centre,Midlands,TeleCare IT,IT & Telecoms,INV-2025-00312,8,402.6,3220.84,30,Procurement Portal,644.1680000000001,3220.84,N,OK
2025-04-15,S015,Brighton Care & Education Centre,South,LearnWell,Office & Training,INV-2025-00313,44,118.09,5196.06,60,ERP,1039.2120000000002,5196.06,N,OK
2025-06-26,S004,Newcastle Care & Education Centre,North,AutoCare,Vehicle & Fuel,INV-2025-00314,52,148.61,7727.58,30,Procurement Portal,1545.516,7727.58,N,OK
2025-05-04,S019,Wrexham Care & Education Centre,Wales,NourishCo,Food & Catering,INV-2025-00315,60,133.27,7996.39,30,Procurement Portal,1599.2780000000002,7996.39,N,OK
2025-02-19,S004,Newcastle Care & Education Centre,North,UK Energy Partners,Utilities,INV-2025-00316,7,252.9,1770.33,45,Procurement Portal,354.06600000000003,1770.33,N,OK
2025-03-23,S020,Bangor Care & Education Centre,Wales,HealthStaffing,Agency Labour,INV-2025-00317,42,436.53,18334.25,60,Legacy Spend File,3666.8500000000004,18334.25,N,OK
2025-09-13,S015,Brighton Care & Education Centre,South,UK Energy Partners,Utilities,INV-2025-00318,66,210.78,13911.47,45,Procurement Portal,2782.294,13911.47,N,OK
2025-02-16,S016,Cardiff Care & Education Centre,Wales,OfficePlus,Office & Training,INV-2025-00319,51,89.64,4571.54,60,Procurement Portal,914.308,4571.54,N,OK
2025-06-30,S015,Brighton Care & Education Centre,South,PowerDirect,Utilities,INV-2025-00320,7,232.73,1629.12,30,Procurement Portal,325.824,1629.12,N,OK
2025-10-02,S016,Cardiff Care & Education Centre,Wales,LearnWell,Office & Training,INV-2025-00321,2,79.11,158.22,30,Procurement Portal,31.644000000000002,158.22,N,OK
2025-07-07,S002,Manchester Care & Education Centre,North,NetServe,IT & Telecoms,INV-2025-00322,52,305.2,15870.35,45,ERP,3174.07,15870.35,N,OK
2025-10-15,S018,Newport Care & Education Centre,Wales,ClinEquip,Medical Supplies,INV-2025-00323,25,76.51,1912.84,45,Legacy Spend File,382.568,1912.84,N,OK
2025-09-16,S019,Wrexham Care & Education Centre,Wales,NourishCo,Food & Catering,INV-2025-00324,58,205.45,11916.07,60,Procurement Portal,2383.214,11916.07,N,OK
2025-02-19,S007,Nottingham Care & Education Centre,Midlands,FreshServe,Food & Catering,INV-2025-00325,51,37.38,1906.27,45,Procurement Portal,381.254,1906.27,Y,OK
2025-04-12,S017,Swansea Care & Education Centre,Wales,FleetFuel,Vehicle & Fuel,INV-2025-00326,78,48.72,3800.1,60,Procurement Portal,760.02,3800.1,Y,OK
2025-01-20,S004,Newcastle Care & Education Centre,North,MediSure,Medical Supplies,INV-2025-00327,18,226.89,4083.97,60,Procurement Portal,816.794,4083.97,Y,OK
2025-11-07,S011,London Care & Education Centre,South,OfficePlus,Office & Training,INV-2025-00328,66,115.92,7650.74,30,Procurement Portal,1530.1480000000001,7650.74,N,OK
2025-07-21,S002,Manchester Care & Education Centre,North,FleetFuel,Vehicle & Fuel,INV-2025-00329,79,133.91,10578.62,60,Procurement Portal,2115.724,10578.62,Y,OK
2025-09-18,S014,Southampton Care & Education Centre,South,AutoCare,Vehicle & Fuel,INV-2025-00330,69,134.22,9261.06,45,Legacy Spend File,1852.212,9261.06,N,OK
2025-01-09,S006,Birmingham Care & Education Centre,Midlands,TeleCare IT,IT & Telecoms,INV-2025-00331,48,218.52,10489.11,45,Legacy Spend File,2097.822,10489.11,N,OK
2025-06-07,S010,Coventry Care & Education Centre,Midlands,NurseLink,Agency Labour,INV-2025-00332,4,183.15,732.59,60,Procurement Portal,146.518,732.59,N,OK
2025-01-27,S019,Wrexham Care & Education Centre,Wales,PowerDirect,Utilities,INV-2025-00333,75,260.64,19548.26,45,ERP,3909.652,19548.26,N,OK
2025-12-15,S010,Coventry Care & Education Centre,Midlands,HealthStaffing,Agency Labour,INV-2025-00334,32,206.72,6614.9,30,Legacy Spend File,1322.98,6614.9,N,OK
2025-01-10,S002,Manchester Care & Education Centre,North,FreshServe,Food & Catering,INV-2025-00335,57,111.13,6334.43,45,Procurement Portal,1266.8860000000002,6334.43,Y,OK
2025-04-15,S019,Wrexham Care & Education Centre,Wales,NurseLink,Agency Labour,INV-2025-00336,53,276.69,14664.62,60,Legacy Spend File,2932.9240000000004,14664.62,N,OK
2025-03-12,S012,Bristol Care & Education Centre,South,ClinEquip,Medical Supplies,INV-2025-00337,67,76.21,5105.95,30,Legacy Spend File,1021.19,5105.95,N,OK
2025-07-12,S007,Nottingham Care & Education Centre,Midlands,PrintCo,Office & Training,INV-2025-00338,41,62.85,2576.79,30,Procurement Portal,515.3580000000001,2576.79,N,OK
2025-07-01,S018,Newport Care & Education Centre,Wales,AutoCare,Vehicle & Fuel,INV-2025-00339,34,119.22,4053.56,60,Procurement Portal,810.712,4053.56,N,OK
2025-10-13,S011,London Care & Education Centre,South,WaterGrid,Utilities,INV-2025-00340,39,183.35,7150.76,30,Procurement Portal,1430.152,7150.76,N,OK
2025-12-27,S006,Birmingham Care & Education Centre,Midlands,PowerDirect,Utilities,INV-2025-00341,63,159.05,10020.36,45,Procurement Portal,2004.0720000000001,10020.36,N,OK
2025-03-04,S004,Newcastle Care & Education Centre,North,TeleCare IT,IT & Telecoms,INV-2025-00342,74,251.55,18614.96,60,Legacy Spend File,3722.992,18614.96,N,OK
2025-03-16,S014,Southampton Care & Education Centre,South,CareTemps,Agency Labour,INV-2025-00343,38,343.27,13044.22,30,Procurement Portal,2608.844,13044.22,N,OK
2025-08-15,S011,London Care & Education Centre,South,NourishCo,Food & Catering,INV-2025-00344,33,49.18,1623.07,60,Procurement Portal,324.61400000000003,1623.07,N,OK
2025-05-19,S017,Swansea Care & Education Centre,Wales,PowerDirect,Utilities,INV-2025-00345,72,192.94,13891.83,60,Procurement Portal,2778.366,13891.83,N,OK
2025-10-28,S017,Swansea Care & Education Centre,Wales,KitchenPro,Food & Catering,INV-2025-00346,31,73.85,2289.3,30,ERP,457.86000000000007,2289.3,N,OK
2025-04-30,S020,Bangor Care & Education Centre,Wales,PowerDirect,Utilities,INV-2025-00347,7,112.73,789.12,30,Procurement Portal,157.824,789.12,N,OK
2025-12-15,S020,Bangor Care & Education Centre,Wales,OfficePlus,Office & Training,INV-2025-00348,18,34.58,622.51,30,Legacy Spend File,124.50200000000001,622.51,N,OK
2025-09-01,S012,Bristol Care & Education Centre,South,NurseLink,Agency Labour,INV-2025-00349,62,202.07,12528.64,60,ERP,2505.728,12528.64,N,OK
2025-05-27,S020,Bangor Care & Education Centre,Wales,TeleCare IT,IT & Telecoms,INV-2025-00350,8,195.63,1565.05,30,Legacy Spend File,313.01,1565.05,N,OK
2025-01-20,S005,Sheffield Care & Education Centre,North,PowerDirect,Utilities,INV-2025-00351,23,296.62,6822.32,45,ERP,1364.464,6822.32,N,OK
2025-04-06,S005,Sheffield Care & Education Centre,North,CareTemps,Agency Labour,INV-2025-00352,38,675.35,25663.23,30,ERP,5132.646000000001,25663.23,N,OK
2025-05-26,S020,Bangor Care & Education Centre,Wales,NourishCo,Food & Catering,INV-2025-00353,59,104.18,6146.5,60,Legacy Spend File,1229.3000000000002,6146.5,N,OK
2025-09-16,S005,Sheffield Care & Education Centre,North,OfficePlus,Office & Training,INV-2025-00354,60,68.68,4121.06,45,ERP,824.2120000000001,4121.06,N,OK
2025-08-23,S005,Sheffield Care & Education Centre,North,FleetFuel,Vehicle & Fuel,INV-2025-00355,33,94.01,3102.38,60,ERP,620.4760000000001,3102.38,Y,OK
2025-10-18,S004,Newcastle Care & Education Centre,North,RoadReady,Vehicle & Fuel,INV-2025-00356,25,54.73,1368.35,30,Legacy Spend File,273.67,1368.35,N,OK
2025-09-21,S020,Bangor Care & Education Centre,Wales,CareTemps,Agency Labour,INV-2025-00357,42,296.96,12472.35,30,Procurement Portal,2494.4700000000003,12472.35,N,OK
2025-03-13,S014,Southampton Care & Education Centre,South,FreshServe,Food & Catering,INV-2025-00358,62,55.46,3438.39,45,ERP,687.678,3438.39,Y,OK
2025-05-01,S004,Newcastle Care & Education Centre,North,TeleCare IT,IT & Telecoms,INV-2025-00359,58,262.73,15238.28,45,Procurement Portal,3047.6560000000004,15238.28,N,OK
2025-12-01,S002,Manchester Care & Education Centre,North,CareMed,Medical Supplies,INV-2025-00360,47,76.14,3578.37,60,ERP,715.674,3578.37,N,OK
2025-06-07,S002,Manchester Care & Education Centre,North,NourishCo,Food & Catering,INV-2025-00361,21,86.49,1816.29,45,Legacy Spend File,363.25800000000004,1816.29,N,OK
2025-03-02,S001,Preston Care & Education Centre,North,NetServe,IT & Telecoms,INV-2025-00362,38,511.14,19423.13,45,Legacy Spend File,3884.626,19423.13,N,OK
2025-09-02,S012,Bristol Care & Education Centre,South,UK Energy Partners,Utilities,INV-2025-00363,20,235.48,4709.68,45,Legacy Spend File,941.9360000000001,4709.68,N,OK
2025-12-26,S018,Newport Care & Education Centre,Wales,RoadReady,Vehicle & Fuel,INV-2025-00364,71,118.49,8412.7,45,Legacy Spend File,1682.5400000000002,8412.7,N,OK
2025-12-15,S012,Bristol Care & Education Centre,South,UK Energy Partners,Utilities,INV-2025-00365,77,365.42,28137.14,30,Legacy Spend File,5627.428,28137.14,N,OK
2025-10-16,S019,Wrexham Care & Education Centre,Wales,FleetFuel,Vehicle & Fuel,INV-2025-00366,15,76.19,1142.82,30,Legacy Spend File,228.564,1142.82,Y,OK
2025-10-02,S019,Wrexham Care & Education Centre,Wales,PowerDirect,Utilities,INV-2025-00367,20,282.79,5655.84,30,Procurement Portal,1131.1680000000001,5655.84,N,OK
2025-12-15,S020,Bangor Care & Education Centre,Wales,OfficePlus,Office & Training,INV-2025-00368,27,75.52,2039.07,60,Legacy Spend File,407.814,2039.07,N,OK
2025-08-17,S009,Derby Care & Education Centre,Midlands,KitchenPro,Food & Catering,INV-2025-00369,8,68.59,548.7,45,ERP,109.74000000000001,548.7,N,OK
2025-10-16,S019,Wrexham Care & Education Centre,Wales,CareTemps,Agency Labour,INV-2025-00370,8,196.1,1568.8,60,Procurement Portal,313.76,1568.8,N,OK
2025-01-12,S019,Wrexham Care & Education Centre,Wales,NetServe,IT & Telecoms,INV-2025-00371,51,222.99,11372.28,45,ERP,2274.456,11372.28,N,OK
2025-02-07,S019,Wrexham Care & Education Centre,Wales,PowerDirect,Utilities,INV-2025-00372,6,328.77,1972.62,45,Procurement Portal,394.524,1972.62,N,OK
2025-01-31,S004,Newcastle Care & Education Centre,North,KitchenPro,Food & Catering,INV-2025-00373,9,144.39,1299.51,45,ERP,259.902,1299.51,N,OK
2025-03-11,S010,Coventry Care & Education Centre,Midlands,HealthStaffing,Agency Labour,INV-2025-00374,54,508.46,27456.7,45,Procurement Portal,5491.34,27456.7,N,OK
2025-02-11,S013,Reading Care & Education Centre,South,CareTemps,Agency Labour,INV-2025-00375,70,980.47,68632.95,30,Legacy Spend File,13726.59,68632.95,N,OK
2025-10-03,S005,Sheffield Care & Education Centre,North,FreshServe,Food & Catering,INV-2025-00376,51,42.62,2173.67,60,ERP,434.73400000000004,2173.67,Y,OK
2025-01-12,S013,Reading Care & Education Centre,South,UK Energy Partners,Utilities,INV-2025-00377,39,403.93,15753.2,45,Legacy Spend File,3150.6400000000003,15753.2,N,OK
2025-07-14,S008,Leicester Care & Education Centre,Midlands,NurseLink,Agency Labour,INV-2025-00378,30,331.83,9954.88,30,Procurement Portal,1990.9759999999999,9954.88,N,OK
2025-04-07,S008,Leicester Care & Education Centre,Midlands,SafeGuard FM,Facilities,INV-2025-00379,15,600.25,9003.77,30,Legacy Spend File,1800.7540000000001,9003.77,N,OK
2025-04-16,S014,Southampton Care & Education Centre,South,MediSure,Medical Supplies,INV-2025-00380,9,76.93,692.39,30,Legacy Spend File,138.478,692.39,Y,OK
2025-12-11,S001,Preston Care & Education Centre,North,PrintCo,Office & Training,INV-2025-00381,7,47.26,330.81,30,Legacy Spend File,66.162,330.81,N,OK
2025-04-30,S006,Birmingham Care & Education Centre,Midlands,CareTemps,Agency Labour,INV-2025-00382,70,215.75,15102.44,30,ERP,3020.4880000000003,15102.44,N,OK
2025-10-22,S005,Sheffield Care & Education Centre,North,CloudLink,IT & Telecoms,INV-2025-00383,41,68.41,2804.71,60,Legacy Spend File,560.942,2804.71,Y,OK
2025-06-04,S018,Newport Care & Education Centre,Wales,FleetFuel,Vehicle & Fuel,INV-2025-00384,19,71.14,1351.74,60,Legacy Spend File,270.348,1351.74,Y,OK
2025-05-21,S015,Brighton Care & Education Centre,South,CareTemps,Agency Labour,INV-2025-00385,8,197.6,1580.82,60,Legacy Spend File,316.164,1580.82,N,OK
2025-12-14,S015,Brighton Care & Education Centre,South,BuildCare,Facilities,INV-2025-00386,55,195.52,10753.72,60,Procurement Portal,2150.744,10753.72,N,OK
2025-12-10,S009,Derby Care & Education Centre,Midlands,AutoCare,Vehicle & Fuel,INV-2025-00387,49,114.65,5617.62,60,Procurement Portal,1123.5240000000001,5617.62,N,OK
2025-03-18,S015,Brighton Care & Education Centre,South,CareTemps,Agency Labour,INV-2025-00388,39,841.91,32834.6,45,ERP,6566.92,32834.6,N,OK
2025-04-26,S012,Bristol Care & Education Centre,South,OfficePlus,Office & Training,INV-2025-00389,39,126.5,4933.4,60,ERP,986.68,4933.4,N,OK
2025-07-31,S002,Manchester Care & Education Centre,North,ClinEquip,Medical Supplies,INV-2025-00390,54,87.37,4718.18,60,Legacy Spend File,943.6360000000001,4718.18,N,OK
2025-05-11,S004,Newcastle Care & Education Centre,North,HealthStaffing,Agency Labour,INV-2025-00391,27,183.03,4941.83,45,Legacy Spend File,988.366,4941.83,N,OK
2025-02-17,S018,Newport Care & Education Centre,Wales,LearnWell,Office & Training,INV-2025-00392,69,98.3,6782.83,60,ERP,1356.566,6782.83,N,OK
2025-12-11,S012,Bristol Care & Education Centre,South,TeleCare IT,IT & Telecoms,INV-2025-00393,78,106.43,8301.64,60,ERP,1660.328,8301.64,N,OK
2025-12-10,S009,Derby Care & Education Centre,Midlands,PowerDirect,Utilities,INV-2025-00394,72,684.55,49287.68,30,Procurement Portal,9857.536,49287.68,N,OK
2025-01-08,S014,Southampton Care & Education Centre,South,RoadReady,Vehicle & Fuel,INV-2025-00395,28,181.74,5088.68,30,Legacy Spend File,1017.7360000000001,5088.68,N,OK
2025-12-23,S002,Manchester Care & Education Centre,North,OfficePlus,Office & Training,INV-2025-00396,78,57.94,4519.47,60,ERP,903.8940000000001,4519.47,N,OK
2025-06-14,S002,Manchester Care & Education Centre,North,PowerDirect,Utilities,INV-2025-00397,37,97.44,3605.28,45,Procurement Portal,721.056,3605.28,N,OK
2025-05-14,S006,Birmingham Care & Education Centre,Midlands,RoadReady,Vehicle & Fuel,INV-2025-00398,47,200.04,9401.78,60,Procurement Portal,1880.3560000000002,9401.78,N,OK
2025-08-29,S012,Bristol Care & Education Centre,South,KitchenPro,Food & Catering,INV-2025-00399,41,61.03,2502.29,30,Procurement Portal,500.458,2502.29,N,OK
2025-10-16,S009,Derby Care & Education Centre,Midlands,HealthStaffing,Agency Labour,INV-2025-00400,29,592.64,17186.46,60,ERP,3437.292,17186.46,N,OK
2025-10-27,S007,Nottingham Care & Education Centre,Midlands,NetServe,IT & Telecoms,INV-2025-00401,75,91.53,6864.93,60,Procurement Portal,1372.986,6864.93,N,OK
2025-06-18,S007,Nottingham Care & Education Centre,Midlands,CleanWorks,Facilities,INV-2025-00402,30,129.45,3883.52,45,Legacy Spend File,776.7040000000001,3883.52,Y,OK
2025-12-02,S006,Birmingham Care & Education Centre,Midlands,PrintCo,Office & Training,INV-2025-00403,44,75.22,3309.53,45,Procurement Portal,661.9060000000001,3309.53,N,OK
2025-03-28,S006,Birmingham Care & Education Centre,Midlands,LearnWell,Office & Training,INV-2025-00404,46,76.96,3540.31,30,ERP,708.062,3540.31,N,OK
2025-10-05,S014,Southampton Care & Education Centre,South,OfficePlus,Office & Training,INV-2025-00405,8,58.55,468.43,60,ERP,93.686,468.43,N,OK
2025-07-31,S016,Cardiff Care & Education Centre,Wales,MediSure,Medical Supplies,INV-2025-00406,18,169.03,3042.49,60,ERP,608.4979999999999,3042.49,Y,OK
2025-04-22,S016,Cardiff Care & Education Centre,Wales,CleanWorks,Facilities,INV-2025-00407,65,100.06,6503.87,45,Procurement Portal,1300.7740000000001,6503.87,Y,OK
2025-09-07,S016,Cardiff Care & Education Centre,Wales,PrintCo,Office & Training,INV-2025-00408,3,69.35,208.05,30,Legacy Spend File,41.61000000000001,208.05,N,OK
2025-01-09,S011,London Care & Education Centre,South,HealthStaffing,Agency Labour,INV-2025-00409,68,320.52,21795.37,60,Procurement Portal,4359.074,21795.37,N,OK
2025-09-15,S007,Nottingham Care & Education Centre,Midlands,CloudLink,IT & Telecoms,INV-2025-00410,56,291.95,16348.98,30,ERP,3269.7960000000003,16348.98,Y,OK
2025-04-09,S010,Coventry Care & Education Centre,Midlands,CleanWorks,Facilities,INV-2025-00411,80,266.23,21298.07,60,Procurement Portal,4259.6140000000005,21298.07,Y,OK
2025-02-10,S008,Leicester Care & Education Centre,Midlands,telecare it,IT & Telecoms,INV-2025-00412,48,118.52,5688.92,45,Procurement Portal,1137.784,5688.92,N,OK
2025-04-26,S019,Wrexham Care & Education Centre,Wales,PowerDirect,Utilities,INV-2025-00413,39,107.52,4193.37,60,ERP,838.674,4193.37,N,OK
2025-07-27,S012,Bristol Care & Education Centre,South,MediSure,Medical Supplies,INV-2025-00414,49,242.31,11873.14,45,Legacy Spend File,2374.628,11873.14,Y,OK
2025-01-05,S018,Newport Care & Education Centre,Wales,ClinEquip,Medical Supplies,INV-2025-00415,22,144.06,3169.43,30,Procurement Portal,633.886,3169.43,N,OK
2025-02-18,S009,Derby Care & Education Centre,Midlands,AutoCare,Vehicle & Fuel,INV-2025-00416,68,62.94,4280.04,30,ERP,856.008,4280.04,N,OK
2025-01-24,S012,Bristol Care & Education Centre,South,LearnWell,Office & Training,INV-2025-00417,10,176.02,1760.24,60,Procurement Portal,352.048,1760.24,N,OK
2025-06-11,S016,Cardiff Care & Education Centre,Wales,MediSure,Medical Supplies,INV-2025-00418,3,127.88,383.65,30,Legacy Spend File,76.73,383.65,Y,OK
2025-06-03,S001,Preston Care & Education Centre,North,HealthStaffing,Agency Labour,INV-2025-00419,21,573.87,12051.19,60,ERP,2410.2380000000003,12051.19,N,OK
2025-10-04,S007,Nottingham Care & Education Centre,Midlands,NurseLink,Agency Labour,INV-2025-00420,43,311.35,13388.05,45,Legacy Spend File,2677.61,13388.05,N,OK
2025-06-27,S016,Cardiff Care & Education Centre,Wales,KitchenPro,Food & Catering,INV-2025-00421,7,201.91,1413.34,30,Procurement Portal,282.668,1413.34,N,OK
2025-11-06,S009,Derby Care & Education Centre,Midlands,NourishCo,Food & Catering,INV-2025-00422,79,170.69,13484.18,60,Procurement Portal,2696.8360000000002,13484.18,N,OK
2025-05-20,S017,Swansea Care & Education Centre,Wales,ClinEquip,Medical Supplies,INV-2025-00423,58,104.64,6069.34,45,ERP,1213.8680000000002,6069.34,N,OK
2025-04-06,S008,Leicester Care & Education Centre,Midlands,CareTemps,Agency Labour,INV-2025-00424,75,511.91,38393.16,60,Procurement Portal,7678.632000000001,38393.16,N,OK
2025-02-07,S009,Derby Care & Education Centre,Midlands,CloudLink,IT & Telecoms,INV-2025-00425,11,313.75,3451.21,45,ERP,690.2420000000001,3451.21,Y,OK
2025-07-19,S017,Swansea Care & Education Centre,Wales,BuildCare,Facilities,INV-2025-00426,41,382.11,15666.44,45,ERP,3133.2880000000005,15666.44,N,OK
2025-08-16,S017,Swansea Care & Education Centre,Wales,CareMed,Medical Supplies,INV-2025-00427,47,70.58,3317.38,45,ERP,663.4760000000001,3317.38,N,OK
2025-08-09,S004,Newcastle Care & Education Centre,North,FreshServe,Food & Catering,INV-2025-00428,58,94.79,5498.1,60,Legacy Spend File,1099.6200000000001,5498.1,Y,OK
2025-01-14,S015,Brighton Care & Education Centre,South,HealthStaffing,Agency Labour,INV-2025-00429,12,536.96,6443.47,45,Legacy Spend File,1288.6940000000002,6443.47,N,OK
2025-01-07,S003,Leeds Care & Education Centre,North,RoadReady,Vehicle & Fuel,INV-2025-00430,38,36.11,1372.18,45,Procurement Portal,274.43600000000004,1372.18,N,OK
2025-09-24,S016,Cardiff Care & Education Centre,Wales,PowerDirect,Utilities,INV-2025-00431,22,130.41,2868.98,60,Procurement Portal,573.796,2868.98,N,OK
2025-06-04,S006,Birmingham Care & Education Centre,Midlands,SafeGuard FM,Facilities,INV-2025-00432,35,58.64,2052.32,45,ERP,410.46400000000006,2052.32,N,OK
2025-05-22,S014,Southampton Care & Education Centre,South,SafeGuard FM,Facilities,INV-2025-00433,54,155.21,8381.37,45,Procurement Portal,1676.2740000000003,8381.37,N,OK
2025-05-07,S009,Derby Care & Education Centre,Midlands,RoadReady,Vehicle & Fuel,INV-2025-00434,64,140.97,9021.88,60,Legacy Spend File,1804.376,9021.88,N,OK
2025-03-11,S014,Southampton Care & Education Centre,South,OfficePlus,Office & Training,INV-2025-00435,39,171.36,6683.16,30,Procurement Portal,1336.632,6683.16,N,OK
2025-08-14,S005,Sheffield Care & Education Centre,North,CareTemps,Agency Labour,INV-2025-00436,43,312.48,13436.56,45,Legacy Spend File,2687.312,13436.56,N,OK
2025-06-14,S011,London Care & Education Centre,South,SafeGuard FM,Facilities,INV-2025-00437,78,440.85,34385.98,60,ERP,6877.196000000001,34385.98,N,OK
2025-07-23,S008,Leicester Care & Education Centre,Midlands,FleetFuel,Vehicle & Fuel,INV-2025-00438,41,44.47,1823.28,45,Legacy Spend File,364.656,1823.28,Y,OK
2025-05-05,S011,London Care & Education Centre,South,PrintCo,Office & Training,INV-2025-00439,42,29.39,1234.35,45,Procurement Portal,246.87,1234.35,N,OK
2025-10-16,S017,Swansea Care & Education Centre,Wales,FleetFuel,Vehicle & Fuel,INV-2025-00440,26,92.14,2395.68,60,Legacy Spend File,479.13599999999997,2395.68,Y,OK
2025-08-25,S009,Derby Care & Education Centre,Midlands,ClinEquip,Medical Supplies,INV-2025-00441,27,148.22,4002.06,45,Procurement Portal,800.412,4002.06,N,OK
2025-12-11,S004,Newcastle Care & Education Centre,North,NourishCo,Food & Catering,INV-2025-00442,64,63.84,4085.86,30,Legacy Spend File,817.172,4085.86,N,OK
2025-12-04,S006,Birmingham Care & Education Centre,Midlands,WaterGrid,Utilities,INV-2025-00443,20,80.19,1603.75,60,Procurement Portal,320.75,1603.75,N,OK
2025-11-03,S013,Reading Care & Education Centre,South,NourishCo,Food & Catering,INV-2025-00444,62,61.89,3837.23,60,Procurement Portal,767.446,3837.23,N,OK
2025-01-19,S005,Sheffield Care & Education Centre,North,NurseLink,Agency Labour,INV-2025-00445,47,146.4,6880.67,60,Legacy Spend File,1376.134,6880.67,N,OK
2025-05-08,S004,Newcastle Care & Education Centre,North,FreshServe,Food & Catering,INV-2025-00446,46,93.94,4321.46,30,Legacy Spend File,864.292,4321.46,Y,OK
2025-11-27,S016,Cardiff Care & Education Centre,Wales,ClinEquip,Medical Supplies,INV-2025-00447,52,146.81,7633.98,45,Procurement Portal,1526.796,7633.98,N,OK
2025-05-13,S010,Coventry Care & Education Centre,Midlands,MediSure,Medical Supplies,INV-2025-00448,29,71.56,2075.28,60,Legacy Spend File,415.05600000000004,2075.28,Y,OK
2025-07-11,S008,Leicester Care & Education Centre,Midlands,WaterGrid,Utilities,INV-2025-00449,51,188.45,9610.96,45,Legacy Spend File,1922.192,9610.96,N,OK
2025-01-13,S007,Nottingham Care & Education Centre,Midlands,SafeGuard FM,Facilities,INV-2025-00450,62,100.52,6232.44,30,Procurement Portal,1246.488,6232.44,N,OK
2025-03-14,S017,Swansea Care & Education Centre,Wales,FreshServe,Food & Catering,INV-2025-00451,45,62.8,2825.88,45,Procurement Portal,565.176,2825.88,Y,OK
2025-09-05,S009,Derby Care & Education Centre,Midlands,PowerDirect,Utilities,INV-2025-00452,45,422.75,19023.91,45,ERP,3804.782,19023.91,N,OK
2025-02-04,S008,Leicester Care & Education Centre,Midlands,LearnWell,Office & Training,INV-2025-00453,39,43.61,1700.88,30,Legacy Spend File,340.17600000000004,1700.88,N,OK
2025-11-28,S020,Bangor Care & Education Centre,Wales,CareMed,Medical Supplies,INV-2025-00454,14,158.34,2216.7,60,ERP,443.34,2216.7,N,OK
2025-03-31,S006,Birmingham Care & Education Centre,Midlands,PowerDirect,Utilities,INV-2025-00455,71,186.76,13259.89,30,Procurement Portal,2651.978,13259.89,N,OK
2025-04-29,S020,Bangor Care & Education Centre,Wales,CareTemps,Agency Labour,INV-2025-00456,52,193.97,10086.43,60,ERP,2017.286,10086.43,N,OK
2025-01-15,S017,Swansea Care & Education Centre,Wales,CareTemps,Agency Labour,INV-2025-00457,79,282.85,22345.13,30,Procurement Portal,4469.026000000001,22345.13,N,OK
2025-01-03,S007,Nottingham Care & Education Centre,Midlands,CareTemps,Agency Labour,INV-2025-00458,28,169.76,4753.34,30,Procurement Portal,950.6680000000001,4753.34,N,OK
2025-02-22,S015,Brighton Care & Education Centre,South,KitchenPro,Food & Catering,INV-2025-00459,69,47.94,3307.63,30,Procurement Portal,661.5260000000001,3307.63,N,OK
2025-02-28,S019,Wrexham Care & Education Centre,Wales,WaterGrid,Utilities,INV-2025-00460,34,129.36,4398.37,60,Procurement Portal,879.674,4398.37,N,OK
2025-07-18,S019,Wrexham Care & Education Centre,Wales,AutoCare,Vehicle & Fuel,INV-2025-00461,79,279.91,22113.06,45,Legacy Spend File,4422.612,22113.06,N,OK
2025-08-23,S017,Swansea Care & Education Centre,Wales,RoadReady,Vehicle & Fuel,INV-2025-00462,80,96.86,7748.84,30,Legacy Spend File,1549.768,7748.84,N,OK
2025-10-30,S020,Bangor Care & Education Centre,Wales,NetServe,IT & Telecoms,INV-2025-00463,11,149.72,1646.94,60,ERP,329.38800000000003,1646.94,N,OK
2025-06-06,S003,Leeds Care & Education Centre,North,FreshServe,Food & Catering,INV-2025-00464,15,73.12,1096.77,30,Procurement Portal,219.354,1096.77,Y,OK
2025-07-18,S011,London Care & Education Centre,South,BuildCare,Facilities,INV-2025-00465,54,169.22,9137.67,60,ERP,1827.534,9137.67,N,OK
2025-04-06,S017,Swansea Care & Education Centre,Wales,CareTemps,Agency Labour,INV-2025-00466,63,265.67,16737.11,60,Legacy Spend File,3347.4220000000005,16737.11,N,OK
2025-03-27,S011,London Care & Education Centre,South,BuildCare,Facilities,INV-2025-00467,63,252.33,15896.96,45,ERP,3179.392,15896.96,N,OK
2025-11-14,S018,Newport Care & Education Centre,Wales,RoadReady,Vehicle & Fuel,INV-2025-00468,7,144.1,1008.7,45,ERP,201.74,1008.7,N,OK
2025-07-16,S017,Swansea Care & Education Centre,Wales,CleanWorks,Facilities,INV-2025-00469,72,134.45,9680.29,60,Legacy Spend File,1936.0580000000002,9680.29,Y,OK
2025-09-09,S010,Coventry Care & Education Centre,Midlands,NurseLink,Agency Labour,INV-2025-00470,54,218.56,11802.5,60,Procurement Portal,2360.5,11802.5,N,OK
2025-10-17,S003,Leeds Care & Education Centre,North,CleanWorks,Facilities,INV-2025-00471,4,154.73,618.92,30,Procurement Portal,123.78399999999999,618.92,Y,OK
2025-10-03,S003,Leeds Care & Education Centre,North,CloudLink,IT & Telecoms,INV-2025-00472,37,62.03,2295.0,30,Procurement Portal,459.0,2295.0,Y,OK
2025-09-19,S016,Cardiff Care & Education Centre,Wales,PrintCo,Office & Training,INV-2025-00473,15,32.59,488.91,60,ERP,97.78200000000001,488.91,N,OK
2025-01-22,S007,Nottingham Care & Education Centre,Midlands,AutoCare,Vehicle & Fuel,INV-2025-00474,57,201.47,11483.99,60,ERP,2296.7980000000002,11483.99,N,OK
2025-12-01,S006,Birmingham Care & Education Centre,Midlands,KitchenPro,Food & Catering,INV-2025-00475,32,160.63,5140.24,45,ERP,1028.048,5140.24,N,OK
2025-02-14,S001,Preston Care & Education Centre,North,TeleCare IT,IT & Telecoms,INV-2025-00476,57,191.84,10934.84,30,ERP,2186.9680000000003,10934.84,N,OK
2025-11-09,S011,London Care & Education Centre,South,AutoCare,Vehicle & Fuel,INV-2025-00477,55,130.45,7174.7,30,Legacy Spend File,1434.94,7174.7,N,OK
2025-01-31,S007,Nottingham Care & Education Centre,Midlands,UK Energy Partners,Utilities,INV-2025-00478,73,296.68,21657.52,45,Legacy Spend File,4331.504,21657.52,N,OK
2025-12-27,S008,Leicester Care & Education Centre,Midlands,SafeGuard FM,Facilities,INV-2025-00479,38,978.81,37194.92,45,Legacy Spend File,7438.984,37194.92,N,OK
2025-07-30,S018,Newport Care & Education Centre,Wales,FreshServe,Food & Catering,INV-2025-00480,8,120.32,962.56,45,Legacy Spend File,192.512,962.56,Y,OK
2025-03-16,S009,Derby Care & Education Centre,Midlands,CleanWorks,Facilities,INV-2025-00481,42,167.77,7046.4,30,Legacy Spend File,1409.28,7046.4,Y,OK
2025-10-23,S014,Southampton Care & Education Centre,South,OfficePlus,Office & Training,INV-2025-00482,35,44.34,1551.98,60,Procurement Portal,310.396,1551.98,N,OK
2025-11-21,S016,Cardiff Care & Education Centre,Wales,OfficePlus,Office & Training,INV-2025-00483,12,31.0,371.98,45,Legacy Spend File,74.396,371.98,N,OK
2025-07-08,S014,Southampton Care & Education Centre,South,NetServe,IT & Telecoms,INV-2025-00484,59,246.05,14516.92,45,Procurement Portal,2903.384,14516.92,N,OK
2025-02-17,S003,Leeds Care & Education Centre,North,ClinEquip,Medical Supplies,INV-2025-00485,59,79.16,4670.57,60,Legacy Spend File,934.114,4670.57,N,OK
2025-10-01,S017,Swansea Care & Education Centre,Wales,FleetFuel,Vehicle & Fuel,INV-2025-00486,51,43.45,2216.01,30,Procurement Portal,443.20200000000006,2216.01,Y,OK
2025-06-15,S009,Derby Care & Education Centre,Midlands,LearnWell,Office & Training,INV-2025-00487,37,52.56,1944.56,45,Legacy Spend File,388.91200000000003,1944.56,N,OK
2025-09-06,S008,Leicester Care & Education Centre,Midlands,BuildCare,Facilities,INV-2025-00488,44,99.3,4369.02,60,ERP,873.8040000000001,4369.02,N,OK
2025-08-24,S007,Nottingham Care & Education Centre,Midlands,KitchenPro,Food & Catering,INV-2025-00489,3,164.4,493.21,30,ERP,98.642,493.21,N,OK
2025-08-08,S013,Reading Care & Education Centre,South,OfficePlus,Office & Training,INV-2025-00490,26,121.8,3166.83,60,ERP,633.366,3166.83,N,OK
2025-05-21,S001,Preston Care & Education Centre,North,CloudLink,IT & Telecoms,INV-2025-00491,12,219.04,2628.45,60,Procurement Portal,525.6899999999999,2628.45,Y,OK
2025-12-07,S012,Bristol Care & Education Centre,South,NourishCo,Food & Catering,INV-2025-00492,22,146.7,3227.29,30,Procurement Portal,645.4580000000001,3227.29,N,OK
2025-12-25,S006,Birmingham Care & Education Centre,Midlands,NetServe,IT & Telecoms,INV-2025-00493,30,229.56,6886.91,45,Legacy Spend File,1377.382,6886.91,N,OK
2025-04-20,S001,Preston Care & Education Centre,North,FreshServe,Food & Catering,INV-2025-00494,62,40.47,2509.44,30,ERP,501.88800000000003,2509.44,Y,OK
2025-12-15,S006,Birmingham Care & Education Centre,Midlands,PowerDirect,Utilities,INV-2025-00495,57,577.77,32933.0,30,ERP,6586.6,32933.0,N,OK
2025-08-05,S003,Leeds Care & Education Centre,North,FleetFuel,Vehicle & Fuel,INV-2025-00496,17,127.78,2172.19,45,ERP,434.43800000000005,2172.19,Y,OK
2025-02-22,S001,Preston Care & Education Centre,North,HealthStaffing,Agency Labour,INV-2025-00497,14,169.58,2374.05,45,Procurement Portal,474.81000000000006,2374.05,N,OK
2025-03-10,S019,Wrexham Care & Education Centre,Wales,SafeGuard FM,Facilities,INV-2025-00498,19,162.11,3080.08,30,Legacy Spend File,616.0160000000001,3080.08,N,OK
2025-11-29,S010,Coventry Care & Education Centre,Midlands,ClinEquip,Medical Supplies,INV-2025-00499,22,74.14,1630.99,45,Procurement Portal,326.19800000000004,1630.99,N,OK
2025-03-19,S009,Derby Care & Education Centre,Midlands,PowerDirect,Utilities,INV-2025-00500,53,116.85,6193.24,60,Legacy Spend File,1238.6480000000001,6193.24,N,OK
2025-02-21,S019,Wrexham Care & Education Centre,Wales,UK Energy Partners,Utilities,INV-2025-00501,18,416.07,7489.3,30,Legacy Spend File,1497.8600000000001,7489.3,N,OK
2025-08-08,S010,Coventry Care & Education Centre,Midlands,CareTemps,Agency Labour,INV-2025-00502,41,857.45,35155.41,30,ERP,7031.082000000001,35155.41,N,OK
2025-10-11,S009,Derby Care & Education Centre,Midlands,FreshServe,Food & Catering,INV-2025-00503,77,30.12,2319.21,60,Legacy Spend File,463.84200000000004,2319.21,Y,OK
2025-01-14,S014,Southampton Care & Education Centre,South,NetServe,IT & Telecoms,INV-2025-00504,39,299.84,11693.9,30,Legacy Spend File,2338.78,11693.9,N,OK
2025-07-20,S007,Nottingham Care & Education Centre,Midlands,PowerDirect,Utilities,INV-2025-00505,38,174.79,6642.17,60,ERP,1328.4340000000002,6642.17,N,OK
2025-02-27,S003,Leeds Care & Education Centre,North,LearnWell,Office & Training,INV-2025-00506,31,57.37,1778.55,45,Legacy Spend File,355.71000000000004,1778.55,N,OK
2025-01-07,S014,Southampton Care & Education Centre,South,KitchenPro,Food & Catering,INV-2025-00507,47,46.93,2205.52,45,ERP,441.10400000000004,2205.52,N,OK
2025-10-07,S006,Birmingham Care & Education Centre,Midlands,CareTemps,Agency Labour,INV-2025-00508,23,186.53,4290.17,45,ERP,858.0340000000001,4290.17,N,OK
2025-05-15,S013,Reading Care & Education Centre,South,FreshServe,Food & Catering,INV-2025-00509,28,66.76,1869.22,30,ERP,373.84400000000005,1869.22,Y,OK
2025-12-31,S005,Sheffield Care & Education Centre,North,NetServe,IT & Telecoms,INV-2025-00510,65,139.3,9054.27,45,Procurement Portal,1810.8540000000003,9054.27,N,OK
2025-11-24,S004,Newcastle Care & Education Centre,North,HealthStaffing,Agency Labour,INV-2025-00511,69,348.12,24019.96,60,Legacy Spend File,4803.992,24019.96,N,OK
2025-06-08,S003,Leeds Care & Education Centre,North,CloudLink,medical supplies,INV-2025-00512,11,214.0,2354.05,60,ERP,470.81000000000006,2354.05,Y,OK
2025-10-28,S012,Bristol Care & Education Centre,South,RoadReady,Vehicle & Fuel,INV-2025-00513,9,83.3,749.71,45,Legacy Spend File,149.942,749.71,N,OK
2025-05-06,S001,Preston Care & Education Centre,North,UK Energy Partners,Utilities,INV-2025-00514,12,151.76,1821.12,45,ERP,364.224,1821.12,N,OK
2025-12-08,S002,Manchester Care & Education Centre,North,CareMed,Medical Supplies,INV-2025-00515,23,87.38,2009.74,30,ERP,401.94800000000004,2009.74,N,OK
2025-01-06,S015,Brighton Care & Education Centre,South,BuildCare,Facilities,INV-2025-00516,21,272.71,5726.98,45,Procurement Portal,1145.396,5726.98,N,OK
2025-07-10,S001,Preston Care & Education Centre,North,CloudLink,IT & Telecoms,INV-2025-00517,17,289.78,4926.31,60,Procurement Portal,985.2620000000002,4926.31,Y,OK
2025-06-21,S014,Southampton Care & Education Centre,South,FreshServe,Food & Catering,INV-2025-00518,55,37.97,2088.22,45,Legacy Spend File,417.644,2088.22,Y,OK
2025-10-23,S001,Preston Care & Education Centre,North,NetServe,IT & Telecoms,INV-2025-00519,10,232.35,2323.54,45,Procurement Portal,464.708,2323.54,N,OK
2025-09-13,S009,Derby Care & Education Centre,Midlands,FleetFuel,Vehicle & Fuel,INV-2025-00520,73,143.62,10483.93,30,Procurement Portal,2096.786,10483.93,Y,OK
2025-10-21,S015,Brighton Care & Education Centre,South,CloudLink,IT & Telecoms,INV-2025-00521,15,87.83,1317.52,30,Legacy Spend File,263.504,1317.52,Y,OK
2025-01-07,S001,Preston Care & Education Centre,North,MediSure,Medical Supplies,INV-2025-00522,32,161.8,5177.49,30,Procurement Portal,1035.498,5177.49,Y,OK
2025-04-02,S005,Sheffield Care & Education Centre,North,HealthStaffing,Agency Labour,INV-2025-00523,5,208.38,1041.88,60,Legacy Spend File,208.37600000000003,1041.88,N,OK
2025-06-14,S016,Cardiff Care & Education Centre,Wales,HealthStaffing,Agency Labour,INV-2025-00524,32,410.6,13139.1,45,Legacy Spend File,2627.82,13139.1,N,OK
2025-10-20,S011,London Care & Education Centre,South,CloudLink,IT & Telecoms,INV-2025-00525,48,144.58,6939.85,30,Legacy Spend File,1387.9700000000003,6939.85,Y,OK
2025-04-25,S017,Swansea Care & Education Centre,Wales,MediSure,Medical Supplies,INV-2025-00526,67,44.47,2979.47,30,Procurement Portal,595.894,2979.47,Y,OK
2025-06-09,S005,Sheffield Care & Education Centre,North,LearnWell,Office & Training,INV-2025-00527,42,30.64,1286.92,30,Legacy Spend File,257.384,1286.92,N,OK
2025-04-13,S002,Manchester Care & Education Centre,North,CareMed,Medical Supplies,INV-2025-00528,38,123.22,4682.21,60,Procurement Portal,936.442,4682.21,N,OK
2025-07-08,S011,London Care & Education Centre,South,WaterGrid,Utilities,INV-2025-00529,76,288.39,21917.52,45,ERP,4383.504,21917.52,N,OK
2025-01-04,S005,Sheffield Care & Education Centre,North,UK Energy Partners,Utilities,INV-2025-00530,53,152.03,8057.66,30,ERP,1611.5320000000002,8057.66,N,OK
2025-12-22,S013,Reading Care & Education Centre,South,AutoCare,Vehicle & Fuel,INV-2025-00531,2,134.98,269.95,45,ERP,53.99,269.95,N,OK
2025-06-07,S019,Wrexham Care & Education Centre,Wales,NurseLink,Agency Labour,INV-2025-00532,14,120.29,1684.13,30,Legacy Spend File,336.826,1684.13,N,OK
2025-01-31,S007,Nottingham Care & Education Centre,Midlands,CareTemps,Agency Labour,INV-2025-00533,19,289.29,5496.56,60,Procurement Portal,1099.3120000000001,5496.56,N,OK
2025-09-24,S012,Bristol Care & Education Centre,South,MediSure,Medical Supplies,INV-2025-00534,53,61.65,3267.32,60,Procurement Portal,653.464,3267.32,Y,OK
2025-02-18,S010,Coventry Care & Education Centre,Midlands,KitchenPro,Food & Catering,INV-2025-00535,65,45.42,2952.08,30,Legacy Spend File,590.416,2952.08,N,OK
2025-10-18,S016,Cardiff Care & Education Centre,Wales,KitchenPro,Food & Catering,INV-2025-00536,8,66.72,533.73,45,Legacy Spend File,106.74600000000001,533.73,N,OK
2025-05-14,S011,London Care & Education Centre,South,WaterGrid,Utilities,INV-2025-00537,41,155.75,6385.63,45,Legacy Spend File,1277.1260000000002,6385.63,N,OK
2025-08-20,S016,Cardiff Care & Education Centre,Wales,RoadReady,Vehicle & Fuel,INV-2025-00538,35,76.89,2691.14,30,ERP,538.228,2691.14,N,OK
2025-02-25,S013,Reading Care & Education Centre,South,BuildCare,Facilities,INV-2025-00539,20,313.07,6261.34,30,ERP,1252.268,6261.34,N,OK
2025-07-28,S005,Sheffield Care & Education Centre,North,LearnWell,Office & Training,INV-2025-00540,16,54.61,873.74,60,Procurement Portal,174.74800000000002,873.74,N,OK
2025-08-26,S009,Derby Care & Education Centre,Midlands,LearnWell,Office & Training,INV-2025-00541,34,118.76,4037.9,30,ERP,807.58,4037.9,N,OK
2025-12-23,S002,Manchester Care & Education Centre,North,NetServe,IT & Telecoms,INV-2025-00542,78,118.19,9218.78,30,ERP,1843.7560000000003,9218.78,N,OK
2025-12-31,S003,Leeds Care & Education Centre,North,CleanWorks,Facilities,INV-2025-00543,32,240.89,7708.55,45,Procurement Portal,1541.71,7708.55,Y,OK
2025-06-03,S004,Newcastle Care & Education Centre,North,ClinEquip,Medical Supplies,INV-2025-00544,34,265.17,9015.63,30,ERP,1803.126,9015.63,N,OK
2025-10-09,S009,Derby Care & Education Centre,Midlands,PrintCo,Office & Training,INV-2025-00545,32,19.26,616.35,30,Procurement Portal,123.27000000000001,616.35,N,OK
2025-01-07,S004,Newcastle Care & Education Centre,North,CleanWorks,Facilities,INV-2025-00546,8,116.12,929.0,30,ERP,185.8,929.0,Y,OK
2025-12-18,S006,Birmingham Care & Education Centre,Midlands,CareTemps,Agency Labour,INV-2025-00547,11,412.06,4532.67,60,Legacy Spend File,906.5340000000001,4532.67,N,OK
2025-02-03,S018,Newport Care & Education Centre,Wales,FreshServe,Food & Catering,INV-2025-00548,26,58.13,1511.43,60,Procurement Portal,302.286,1511.43,Y,OK
2025-03-04,S016,Cardiff Care & Education Centre,Wales,nourishco,Food & Catering,INV-2025-00549,6,79.72,478.32,45,ERP,95.664,478.32,N,OK
2025-07-22,S008,Leicester Care & Education Centre,Midlands,NurseLink,Agency Labour,INV-2025-00550,64,215.2,13773.11,30,Procurement Portal,2754.6220000000003,13773.11,N,OK
2025-07-01,S019,Wrexham Care & Education Centre,Wales,HealthStaffing,Agency Labour,INV-2025-00551,28,314.63,8809.72,30,Procurement Portal,1761.944,8809.72,N,OK
2025-01-18,S007,Nottingham Care & Education Centre,Midlands,OfficePlus,Office & Training,INV-2025-00552,79,68.85,5438.8,60,Legacy Spend File,1087.76,5438.8,N,OK
2025-07-30,S005,Sheffield Care & Education Centre,North,TeleCare IT,IT & Telecoms,INV-2025-00553,71,418.18,29690.65,45,ERP,5938.130000000001,29690.65,N,OK
2025-03-12,S011,London Care & Education Centre,South,TeleCare IT,IT & Telecoms,INV-2025-00554,54,253.04,13664.32,30,Legacy Spend File,2732.864,13664.32,N,OK
2025-10-06,S001,Preston Care & Education Centre,North,PowerDirect,Utilities,INV-2025-00555,3,301.01,903.03,45,Legacy Spend File,180.606,903.03,N,OK
2025-09-06,S008,Leicester Care & Education Centre,Midlands,PrintCo,Office & Training,INV-2025-00556,45,59.8,2690.87,60,Legacy Spend File,538.174,2690.87,N,OK
2025-04-03,S006,Birmingham Care & Education Centre,Midlands,CareTemps,Agency Labour,INV-2025-00557,4,229.43,917.72,45,Legacy Spend File,183.544,917.72,N,OK
2025-01-30,S010,Coventry Care & Education Centre,Midlands,CareMed,Medical Supplies,INV-2025-00558,61,94.59,5770.18,60,Procurement Portal,1154.036,5770.18,N,OK
2025-02-21,S008,Leicester Care & Education Centre,Midlands,UK Energy Partners,Utilities,INV-2025-00559,32,310.57,9938.24,60,ERP,1987.6480000000001,9938.24,N,OK
2025-10-22,S017,Swansea Care & Education Centre,Wales,MediSure,Medical Supplies,INV-2025-00560,50,95.2,4759.86,45,ERP,951.972,4759.86,Y,OK
2025-06-12,S016,Cardiff Care & Education Centre,Wales,PowerDirect,Utilities,INV-2025-00561,46,293.19,13486.96,60,ERP,2697.392,13486.96,N,OK
2025-10-16,S017,Swansea Care & Education Centre,Wales,AutoCare,Vehicle & Fuel,INV-2025-00562,19,297.48,5652.12,60,ERP,1130.424,5652.12,N,OK
2025-09-09,S018,Newport Care & Education Centre,Wales,CloudLink,IT & Telecoms,INV-2025-00563,5,355.22,1776.12,30,ERP,355.224,1776.12,Y,OK
2025-09-27,S009,Derby Care & Education Centre,Midlands,UK Energy Partners,Utilities,INV-2025-00564,62,208.96,12955.59,30,Procurement Portal,2591.1180000000004,12955.59,N,OK
2025-06-24,S018,Newport Care & Education Centre,Wales,UK Energy Partners,Utilities,INV-2025-00565,23,484.02,11132.49,45,ERP,2226.498,11132.49,N,OK
2025-12-27,S007,Nottingham Care & Education Centre,Midlands,BuildCare,Facilities,INV-2025-00566,19,143.81,2732.45,30,Legacy Spend File,546.49,2732.45,N,OK
2025-12-27,S004,Newcastle Care & Education Centre,North,NourishCo,Food & Catering,INV-2025-00567,51,21.19,1080.57,60,ERP,216.114,1080.57,N,OK
2025-03-11,S014,Southampton Care & Education Centre,South,TeleCare IT,IT & Telecoms,INV-2025-00568,21,126.37,2653.68,60,Procurement Portal,530.736,2653.68,N,OK
2025-06-12,S008,Leicester Care & Education Centre,Midlands,PrintCo,Office & Training,INV-2025-00569,23,26.8,616.49,60,Legacy Spend File,123.298,616.49,N,OK
2025-12-07,S019,Wrexham Care & Education Centre,Wales,FleetFuel,Vehicle & Fuel,INV-2025-00570,76,78.3,5950.78,30,Procurement Portal,1190.156,5950.78,Y,OK
2025-04-01,S005,Sheffield Care & Education Centre,North,CloudLink,IT & Telecoms,INV-2025-00571,1,222.24,222.24,60,Legacy Spend File,44.44800000000001,222.24,Y,OK
2025-11-05,S020,Bangor Care & Education Centre,Wales,MediSure,Medical Supplies,INV-2025-00572,41,301.73,12370.93,60,ERP,2474.186,12370.93,Y,OK
2025-03-14,S010,Coventry Care & Education Centre,Midlands,NourishCo,Food & Catering,INV-2025-00573,43,77.8,3345.59,60,ERP,669.118,3345.59,N,OK
2025-03-27,S001,Preston Care & Education Centre,North,RoadReady,Vehicle & Fuel,INV-2025-00574,12,84.21,1010.58,60,Legacy Spend File,202.116,1010.58,N,OK
2025-01-06,S002,Manchester Care & Education Centre,North,RoadReady,Vehicle & Fuel,INV-2025-00575,34,149.91,5097.02,30,ERP,1019.4040000000001,5097.02,N,OK
2025-05-12,S006,Birmingham Care & Education Centre,Midlands,NourishCo,Food & Catering,INV-2025-00576,14,19.26,269.7,60,ERP,53.94,269.7,N,OK
2025-08-03,S018,Newport Care & Education Centre,Wales,CareTemps,Agency Labour,INV-2025-00577,22,341.51,7513.17,45,Procurement Portal,1502.634,7513.17,N,OK
2025-07-12,S006,Birmingham Care & Education Centre,Midlands,AutoCare,Vehicle & Fuel,INV-2025-00578,13,145.16,1887.11,45,Legacy Spend File,377.422,1887.11,N,OK
2025-08-20,S009,Derby Care & Education Centre,Midlands,UK Energy Partners,Utilities,INV-2025-00579,10,110.86,1108.57,30,Procurement Portal,221.714,1108.57,N,OK
2025-02-23,S001,Preston Care & Education Centre,North,RoadReady,Vehicle & Fuel,INV-2025-00580,10,178.21,1782.06,45,ERP,356.41200000000003,1782.06,N,OK
2025-02-08,S019,Wrexham Care & Education Centre,Wales,BuildCare,Facilities,INV-2025-00581,71,216.83,15395.18,30,Procurement Portal,3079.036,15395.18,N,OK
2025-01-16,S015,Brighton Care & Education Centre,South,PrintCo,Office & Training,INV-2025-00582,56,59.68,3342.36,60,ERP,668.4720000000001,3342.36,N,OK
2025-01-28,S014,Southampton Care & Education Centre,South,HealthStaffing,Agency Labour,INV-2025-00583,13,424.88,5523.47,45,ERP,1104.6940000000002,5523.47,N,OK
2025-10-11,S018,Newport Care & Education Centre,Wales,NurseLink,Agency Labour,INV-2025-00584,70,1045.93,73215.23,45,Legacy Spend File,14643.046,73215.23,N,OK
2025-02-19,S011,London Care & Education Centre,South,CloudLink,IT & Telecoms,INV-2025-00585,7,243.14,1702.01,45,Legacy Spend File,340.40200000000004,1702.01,Y,OK
2025-01-28,S004,Newcastle Care & Education Centre,North,OfficePlus,Office & Training,INV-2025-00586,47,85.97,4040.63,30,Procurement Portal,808.1260000000001,4040.63,N,OK
2025-11-17,S019,Wrexham Care & Education Centre,Wales,NetServe,IT & Telecoms,INV-2025-00587,77,170.88,13157.99,45,ERP,2631.598,13157.99,N,OK
2025-03-29,S013,Reading Care & Education Centre,South,MediSure,Medical Supplies,INV-2025-00588,38,75.19,2857.39,30,Procurement Portal,571.478,2857.39,Y,OK
2025-08-30,S010,Coventry Care & Education Centre,Midlands,TeleCare IT,IT & Telecoms,INV-2025-00589,63,347.34,21882.6,60,Procurement Portal,4376.5199999999995,21882.6,N,OK
2025-07-09,S009,Derby Care & Education Centre,Midlands,HealthStaffing,Agency Labour,INV-2025-00590,49,187.34,9179.76,45,ERP,1835.9520000000002,9179.76,N,OK
2025-08-14,S012,Bristol Care & Education Centre,South,CareMed,Medical Supplies,INV-2025-00591,60,124.82,7489.05,45,ERP,1497.8100000000002,7489.05,N,OK
2025-12-23,S005,Sheffield Care & Education Centre,North,MediSure,Medical Supplies,INV-2025-00592,13,92.28,1199.58,30,Legacy Spend File,239.916,1199.58,Y,OK
2025-04-27,S006,Birmingham Care & Education Centre,Midlands,NurseLink,Agency Labour,INV-2025-00593,71,390.42,27719.77,30,Procurement Portal,5543.954000000001,27719.77,N,OK
2025-12-18,S005,Sheffield Care & Education Centre,North,NurseLink,Agency Labour,INV-2025-00594,61,360.43,21986.21,60,ERP,4397.242,21986.21,N,OK
2025-07-22,S018,Newport Care & Education Centre,Wales,CloudLink,IT & Telecoms,INV-2025-00595,5,389.27,1946.35,60,Legacy Spend File,389.27,1946.35,Y,OK
2025-08-18,S009,Derby Care & Education Centre,Midlands,CleanWorks,Facilities,INV-2025-00596,23,135.97,3127.35,30,ERP,625.47,3127.35,Y,OK
2025-08-05,S020,Bangor Care & Education Centre,Wales,CleanWorks,Facilities,INV-2025-00597,11,155.17,1706.88,60,Procurement Portal,341.37600000000003,1706.88,Y,OK
2025-05-13,S008,Leicester Care & Education Centre,Midlands,BuildCare,Facilities,INV-2025-00598,41,105.07,4307.91,60,ERP,861.582,4307.91,N,OK
2025-07-23,S008,Leicester Care & Education Centre,Midlands,NurseLink,Agency Labour,INV-2025-00599,71,234.96,16682.26,45,Procurement Portal,3336.4519999999998,16682.26,N,OK
2025-12-25,S011,London Care & Education Centre,South,OfficePlus,Office & Training,INV-2025-00600,80,92.3,7383.7,60,Legacy Spend File,1476.74,7383.7,N,OK
2025-03-18,S015,Brighton Care & Education Centre,South,NourishCo,Food & Catering,INV-2025-00601,19,98.57,1872.76,60,Legacy Spend File,374.552,1872.76,N,OK
2025-10-16,S014,Southampton Care & Education Centre,South,FreshServe,Food & Catering,INV-2025-00602,13,39.14,508.85,45,Legacy Spend File,101.77000000000001,508.85,Y,OK
2025-07-16,S004,Newcastle Care & Education Centre,North,CareTemps,Agency Labour,INV-2025-00603,63,483.99,30491.42,60,Legacy Spend File,6098.284,30491.42,N,OK
2025-05-22,S016,Cardiff Care & Education Centre,Wales,MediSure,Medical Supplies,INV-2025-00604,52,252.92,13152.09,30,Legacy Spend File,2630.418,13152.09,Y,OK
2025-07-22,S020,Bangor Care & Education Centre,Wales,HealthStaffing,Agency Labour,INV-2025-00605,43,376.6,16193.61,60,ERP,3238.722,16193.61,N,OK
2025-07-10,S012,Bristol Care & Education Centre,South,LearnWell,Office & Training,INV-2025-00606,3,210.55,631.65,45,Procurement Portal,126.33,631.65,N,OK
2025-12-23,S006,Birmingham Care & Education Centre,Midlands,TeleCare IT,IT & Telecoms,INV-2025-00607,13,143.75,1868.69,30,ERP,373.73800000000006,1868.69,N,OK
2025-05-18,S011,London Care & Education Centre,South,LearnWell,Office & Training,INV-2025-00608,54,37.82,2042.46,60,Legacy Spend File,408.492,2042.46,N,OK
2025-04-19,S007,Nottingham Care & Education Centre,Midlands,WaterGrid,Utilities,INV-2025-00609,53,93.99,4981.35,60,Procurement Portal,996.2700000000001,4981.35,N,OK
2025-09-21,S019,Wrexham Care & Education Centre,Wales,FleetFuel,Vehicle & Fuel,INV-2025-00610,21,216.31,4542.46,30,Procurement Portal,908.4920000000001,4542.46,Y,OK
2025-09-26,S020,Bangor Care & Education Centre,Wales,HealthStaffing,Agency Labour,INV-2025-00611,73,429.96,31386.81,30,ERP,6277.362000000001,31386.81,N,OK
2025-05-08,S003,Leeds Care & Education Centre,North,UK Energy Partners,Utilities,INV-2025-00612,5,242.47,1212.36,45,ERP,242.47199999999998,1212.36,N,OK
2025-07-08,S006,Birmingham Care & Education Centre,Midlands,WaterGrid,Utilities,INV-2025-00613,60,291.62,17497.06,60,Procurement Portal,3499.4120000000003,17497.06,N,OK
2025-01-16,S013,Reading Care & Education Centre,South,KitchenPro,Food & Catering,INV-2025-00614,31,35.0,1085.02,45,Procurement Portal,217.00400000000002,1085.02,N,OK
2025-08-31,S004,Newcastle Care & Education Centre,North,OfficePlus,Office & Training,INV-2025-00615,76,287.91,21881.24,60,Procurement Portal,4376.2480000000005,21881.24,N,OK
2025-12-19,S007,Nottingham Care & Education Centre,Midlands,SafeGuard FM,Facilities,INV-2025-00616,12,193.26,2319.1,45,ERP,463.82,2319.1,N,OK
2025-10-20,S002,Manchester Care & Education Centre,North,MediSure,Medical Supplies,INV-2025-00617,28,127.44,3568.37,30,Legacy Spend File,713.674,3568.37,Y,OK
2025-11-30,S004,Newcastle Care & Education Centre,North,WaterGrid,Utilities,INV-2025-00618,53,372.65,19750.31,60,ERP,3950.0620000000004,19750.31,N,OK
2025-03-09,S005,Sheffield Care & Education Centre,North,CareMed,Medical Supplies,INV-2025-00619,23,156.34,3595.87,60,ERP,719.174,3595.87,N,OK
2025-06-06,S013,Reading Care & Education Centre,South,NetServe,IT & Telecoms,INV-2025-00620,36,248.83,8957.82,45,Procurement Portal,1791.564,8957.82,N,OK
2025-04-22,S005,Sheffield Care & Education Centre,North,LearnWell,Office & Training,INV-2025-00621,60,48.56,2913.39,45,Legacy Spend File,582.678,2913.39,N,OK
2025-02-22,S014,Southampton Care & Education Centre,South,NurseLink,Agency Labour,INV-2025-00622,1,388.81,388.81,60,Legacy Spend File,77.762,388.81,N,OK
2025-12-17,S015,Brighton Care & Education Centre,South,TeleCare IT,IT & Telecoms,INV-2025-00623,14,619.39,8671.51,45,ERP,1734.3020000000001,8671.51,N,OK
2025-06-16,S016,Cardiff Care & Education Centre,Wales,NetServe,IT & Telecoms,INV-2025-00624,36,461.1,16599.49,45,Legacy Spend File,3319.8980000000006,16599.49,N,OK
2025-03-18,S008,Leicester Care & Education Centre,Midlands,CloudLink,IT & Telecoms,INV-2025-00625,67,528.41,35403.74,30,ERP,7080.748,35403.74,Y,OK
2025-06-13,S004,Newcastle Care & Education Centre,North,NurseLink,Agency Labour,INV-2025-00626,18,226.47,4076.47,60,ERP,815.294,4076.47,N,OK
2025-05-13,S001,Preston Care & Education Centre,North,LearnWell,Office & Training,INV-2025-00627,54,43.52,2350.04,45,Procurement Portal,470.00800000000004,2350.04,N,OK
2025-12-29,S007,Nottingham Care & Education Centre,Midlands,ClinEquip,Medical Supplies,INV-2025-00628,74,111.98,8286.43,30,Procurement Portal,1657.286,8286.43,N,OK
2025-10-01,S005,Sheffield Care & Education Centre,North,PowerDirect,Utilities,INV-2025-00629,61,257.78,15724.63,60,Procurement Portal,3144.926,15724.63,N,OK
2025-12-03,S002,Manchester Care & Education Centre,North,CloudLink,IT & Telecoms,INV-2025-00630,72,401.59,28914.52,30,Procurement Portal,5782.904,28914.52,Y,OK
2025-05-13,S008,Leicester Care & Education Centre,Midlands,OfficePlus,Office & Training,INV-2025-00631,72,29.57,2128.77,30,Legacy Spend File,425.754,2128.77,N,OK
2025-07-01,S005,Sheffield Care & Education Centre,North,FreshServe,Food & Catering,INV-2025-00632,29,150.75,4371.82,60,Procurement Portal,874.364,4371.82,Y,OK
2025-05-14,S009,Derby Care & Education Centre,Midlands,RoadReady,Vehicle & Fuel,INV-2025-00633,75,87.09,6531.95,45,Procurement Portal,1306.39,6531.95,N,OK
2025-11-21,S001,Preston Care & Education Centre,North,OfficePlus,Office & Training,INV-2025-00634,75,59.31,4447.92,60,Legacy Spend File,889.5840000000001,4447.92,N,OK
2025-09-14,S011,London Care & Education Centre,South,OfficePlus,Office & Training,INV-2025-00635,16,42.98,687.75,60,Procurement Portal,137.55,687.75,N,OK
2025-01-28,S008,Leicester Care & Education Centre,Midlands,TeleCare IT,IT & Telecoms,INV-2025-00636,20,88.54,1770.8,30,ERP,354.16,1770.8,N,OK
2025-08-23,S005,Sheffield Care & Education Centre,North,NurseLink,Agency Labour,INV-2025-00637,19,471.79,8963.94,45,Legacy Spend File,1792.7880000000002,8963.94,N,OK
2025-06-20,S005,Sheffield Care & Education Centre,North,NourishCo,Food & Catering,INV-2025-00638,23,67.67,1556.52,45,Legacy Spend File,311.30400000000003,1556.52,N,OK
2025-05-21,S003,Leeds Care & Education Centre,North,CareMed,Medical Supplies,INV-2025-00639,27,59.03,1593.76,30,Legacy Spend File,318.752,1593.76,N,OK
2025-03-08,S014,Southampton Care & Education Centre,South,OfficePlus,Office & Training,INV-2025-00640,79,36.79,2906.32,45,Legacy Spend File,581.264,2906.32,N,OK
2025-09-02,S014,Southampton Care & Education Centre,South,CareTemps,Agency Labour,INV-2025-00641,50,249.41,12470.53,30,ERP,2494.106,12470.53,N,OK
2025-07-11,S012,Bristol Care & Education Centre,South,PowerDirect,Utilities,INV-2025-00642,2,626.05,1252.09,45,Legacy Spend File,250.418,1252.09,N,OK
2025-01-03,S017,Swansea Care & Education Centre,Wales,ClinEquip,Medical Supplies,INV-2025-00643,32,104.03,3329.08,30,Legacy Spend File,665.816,3329.08,N,OK
2025-02-22,S009,Derby Care & Education Centre,Midlands,CloudLink,IT & Telecoms,INV-2025-00644,50,96.25,4812.26,60,Legacy Spend File,962.4520000000001,4812.26,Y,OK
2025-01-24,S006,Birmingham Care & Education Centre,Midlands,CleanWorks,Facilities,INV-2025-00645,39,157.24,6132.51,45,Procurement Portal,1226.5020000000002,6132.51,Y,OK
2025-12-18,S007,Nottingham Care & Education Centre,Midlands,RoadReady,Vehicle & Fuel,INV-2025-00646,18,81.77,1471.81,45,Procurement Portal,294.362,1471.81,N,OK
2025-07-26,S006,Birmingham Care & Education Centre,Midlands,UK Energy Partners,Utilities,INV-2025-00647,3,56.72,170.17,30,ERP,34.034,170.17,N,OK
2025-01-12,S019,Wrexham Care & Education Centre,Wales,CleanWorks,Facilities,INV-2025-00648,76,174.7,13277.52,60,ERP,2655.5040000000004,13277.52,Y,OK
2025-11-30,S006,Birmingham Care & Education Centre,Midlands,AutoCare,Vehicle & Fuel,INV-2025-00649,5,83.67,418.34,45,Legacy Spend File,83.668,418.34,N,OK
2025-01-25,S006,Birmingham Care & Education Centre,Midlands,ClinEquip,Medical Supplies,INV-2025-00650,14,175.99,2463.81,60,ERP,492.762,2463.81,N,OK
2025-08-16,S007,Nottingham Care & Education Centre,Midlands,NourishCo,Food & Catering,INV-2025-00651,49,179.7,8805.51,30,Legacy Spend File,1761.102,8805.51,N,OK
2025-03-20,S014,Southampton Care & Education Centre,South,PrintCo,Office & Training,INV-2025-00652,27,139.37,3762.86,60,Legacy Spend File,752.5720000000001,3762.86,N,OK
2025-08-04,S010,Coventry Care & Education Centre,Midlands,CareMed,Medical Supplies,INV-2025-00653,13,103.5,1345.54,60,Legacy Spend File,269.108,1345.54,N,OK
2025-02-23,S017,Swansea Care & Education Centre,Wales,SafeGuard FM,Facilities,INV-2025-00654,66,97.94,6464.12,60,Legacy Spend File,1292.824,6464.12,N,OK
2025-02-24,S012,Bristol Care & Education Centre,South,CloudLink,IT & Telecoms,INV-2025-00655,64,905.94,57980.3,30,Legacy Spend File,11596.060000000001,57980.3,Y,OK
2025-04-14,S016,Cardiff Care & Education Centre,Wales,NetServe,IT & Telecoms,INV-2025-00656,46,227.28,10455.04,60,Procurement Portal,2091.0080000000003,10455.04,N,OK
2025-10-08,S004,Newcastle Care & Education Centre,North,CleanWorks,Facilities,INV-2025-00657,64,181.38,11608.59,30,Legacy Spend File,2321.7180000000003,11608.59,Y,OK
2025-01-02,S006,Birmingham Care & Education Centre,Midlands,FleetFuel,Vehicle & Fuel,INV-2025-00658,2,93.75,187.5,60,ERP,37.5,187.5,Y,OK
2025-02-16,S007,Nottingham Care & Education Centre,Midlands,OfficePlus,Office & Training,INV-2025-00659,66,83.63,5519.76,30,Legacy Spend File,1103.952,5519.76,N,OK
2025-11-26,S001,Preston Care & Education Centre,North,NourishCo,Food & Catering,INV-2025-00660,30,60.04,1801.16,45,Procurement Portal,360.232,1801.16,N,OK
2025-02-21,S013,Reading Care & Education Centre,South,OfficePlus,Office & Training,INV-2025-00661,23,54.71,1258.24,30,Procurement Portal,251.64800000000002,1258.24,N,OK
2025-03-01,S012,Bristol Care & Education Centre,South,RoadReady,Vehicle & Fuel,INV-2025-00662,13,70.32,914.2,30,ERP,182.84000000000003,914.2,N,OK
2025-07-03,S018,Newport Care & Education Centre,Wales,SafeGuard FM,Facilities,INV-2025-00663,57,176.79,10076.83,60,Procurement Portal,2015.366,10076.83,N,OK
2025-06-25,S012,Bristol Care & Education Centre,South,NourishCo,Food & Catering,INV-2025-00664,24,48.21,1156.97,30,Procurement Portal,231.394,1156.97,N,OK
2025-07-17,S012,Bristol Care & Education Centre,South,LearnWell,Office & Training,INV-2025-00665,62,50.67,3141.82,45,Legacy Spend File,628.364,3141.82,N,OK
2025-12-23,S009,Derby Care & Education Centre,Midlands,FreshServe,Food & Catering,INV-2025-00666,8,68.92,551.35,30,ERP,110.27000000000001,551.35,Y,OK
2025-12-14,S009,Derby Care & Education Centre,Midlands,PrintCo,Office & Training,INV-2025-00667,57,65.19,3715.62,30,Legacy Spend File,743.124,3715.62,N,OK
2025-01-15,S013,Reading Care & Education Centre,South,AutoCare,Vehicle & Fuel,INV-2025-00668,17,217.26,3693.34,45,Procurement Portal,738.6680000000001,3693.34,N,OK
2025-01-24,S003,Leeds Care & Education Centre,North,CareTemps,Agency Labour,INV-2025-00669,9,69.81,628.27,45,Legacy Spend File,125.654,628.27,N,OK
2025-12-14,S020,Bangor Care & Education Centre,Wales,ClinEquip,Medical Supplies,INV-2025-00670,68,218.73,14873.38,60,Legacy Spend File,2974.676,14873.38,N,OK
2025-06-23,S018,Newport Care & Education Centre,Wales,PowerDirect,Utilities,INV-2025-00671,67,496.12,33239.71,60,Legacy Spend File,6647.942,33239.71,N,OK
2025-12-05,S020,Bangor Care & Education Centre,Wales,NourishCo,Food & Catering,INV-2025-00672,32,20.78,664.98,45,Procurement Portal,132.996,664.98,N,OK
2025-10-13,S020,Bangor Care & Education Centre,Wales,HealthStaffing,Agency Labour,INV-2025-00673,79,248.47,19628.78,30,ERP,3925.756,19628.78,N,OK
2025-08-29,S009,Derby Care & Education Centre,Midlands,BuildCare,Facilities,INV-2025-00674,64,146.74,9391.38,30,ERP,1878.2759999999998,9391.38,N,OK
2025-05-04,S020,Bangor Care & Education Centre,Wales,LearnWell,Office & Training,INV-2025-00675,43,34.58,1487.06,45,ERP,297.412,1487.06,N,OK
2025-11-26,S005,Sheffield Care & Education Centre,North,PowerDirect,Utilities,INV-2025-00676,49,162.99,7986.29,45,ERP,1597.258,7986.29,N,OK
2025-10-21,S003,Leeds Care & Education Centre,North,LearnWell,Office & Training,INV-2025-00677,58,40.72,2361.65,30,Procurement Portal,472.33000000000004,2361.65,N,OK
2025-09-12,S015,Brighton Care & Education Centre,South,FleetFuel,Vehicle & Fuel,INV-2025-00678,3,249.04,747.13,30,Procurement Portal,149.42600000000002,747.13,Y,OK
2025-10-09,S006,Birmingham Care & Education Centre,Midlands,ClinEquip,Medical Supplies,INV-2025-00679,1,200.76,200.76,30,Legacy Spend File,40.152,200.76,N,OK
2025-10-15,S010,Coventry Care & Education Centre,Midlands,NetServe,IT & Telecoms,INV-2025-00680,27,442.74,11953.98,60,Legacy Spend File,2390.796,11953.98,N,OK
2025-01-28,S013,Reading Care & Education Centre,South,RoadReady,Vehicle & Fuel,INV-2025-00681,29,141.29,4097.34,45,Procurement Portal,819.4680000000001,4097.34,N,OK
2025-12-03,S014,Southampton Care & Education Centre,South,PrintCo,Office & Training,INV-2025-00682,47,40.31,1894.4,60,Procurement Portal,378.88000000000005,1894.4,N,OK
2025-04-24,S008,Leicester Care & Education Centre,Midlands,KitchenPro,Food & Catering,INV-2025-00683,1,48.71,48.71,45,Procurement Portal,9.742,48.71,N,OK
2025-09-25,S009,Derby Care & Education Centre,Midlands,NetServe,IT & Telecoms,INV-2025-00684,48,287.95,13821.55,60,ERP,2764.31,13821.55,N,OK
2025-03-13,S019,Wrexham Care & Education Centre,Wales,SafeGuard FM,Facilities,INV-2025-00685,53,91.91,4871.12,30,Procurement Portal,974.224,4871.12,N,OK
2025-03-03,S010,Coventry Care & Education Centre,Midlands,uk energy partners,Utilities,INV-2025-00686,51,370.04,18872.02,30,Procurement Portal,3774.4040000000005,18872.02,N,OK
2025-08-01,S017,Swansea Care & Education Centre,Wales,FleetFuel,Vehicle & Fuel,INV-2025-00687,6,83.24,499.42,60,Legacy Spend File,99.88400000000001,499.42,Y,OK
2025-08-23,S008,Leicester Care & Education Centre,Midlands,NourishCo,Food & Catering,INV-2025-00688,76,52.89,4019.73,60,ERP,803.946,4019.73,N,OK
2025-01-25,S014,Southampton Care & Education Centre,South,ClinEquip,Medical Supplies,INV-2025-00689,71,177.42,12596.82,45,Legacy Spend File,2519.364,12596.82,N,OK
2025-10-24,S007,Nottingham Care & Education Centre,Midlands,BuildCare,Facilities,INV-2025-00690,23,229.82,5285.89,60,ERP,1057.178,5285.89,N,OK
2025-11-04,S007,Nottingham Care & Education Centre,Midlands,NurseLink,Agency Labour,INV-2025-00691,78,245.98,19186.46,45,Legacy Spend File,3837.292,19186.46,N,OK
2025-12-21,S011,London Care & Education Centre,South,NurseLink,Agency Labour,INV-2025-00692,32,567.6,18163.14,45,Procurement Portal,3632.628,18163.14,N,OK
2025-03-10,S001,Preston Care & Education Centre,North,TeleCare IT,IT & Telecoms,INV-2025-00693,18,121.39,2185.09,45,Legacy Spend File,437.01800000000003,2185.09,N,OK
2025-10-08,S012,Bristol Care & Education Centre,South,NetServe,IT & Telecoms,INV-2025-00694,41,308.71,12656.98,60,Legacy Spend File,2531.396,12656.98,N,OK
2025-04-18,S020,Bangor Care & Education Centre,Wales,UK Energy Partners,Utilities,INV-2025-00695,80,346.43,27714.01,60,Procurement Portal,5542.802,27714.01,N,OK
2025-03-09,S019,Wrexham Care & Education Centre,Wales,AutoCare,Vehicle & Fuel,INV-2025-00696,23,80.13,1842.95,60,Legacy Spend File,368.59000000000003,1842.95,N,OK
2025-03-01,S010,Coventry Care & Education Centre,Midlands,AutoCare,Vehicle & Fuel,INV-2025-00697,46,113.66,5228.56,60,Procurement Portal,1045.7120000000002,5228.56,N,OK
2025-10-01,S009,Derby Care & Education Centre,Midlands,NurseLink,Agency Labour,INV-2025-00698,37,150.76,5578.01,45,ERP,1115.602,5578.01,N,OK
2025-07-15,S003,Leeds Care & Education Centre,North,FreshServe,Food & Catering,INV-2025-00699,19,108.05,2052.97,30,Legacy Spend File,410.594,2052.97,Y,OK
2025-03-24,S013,Reading Care & Education Centre,South,WaterGrid,Utilities,INV-2025-00700,37,225.83,8355.56,60,Procurement Portal,1671.112,8355.56,N,OK
2025-06-01,S011,London Care & Education Centre,South,ClinEquip,Medical Supplies,INV-2025-00701,27,90.02,2430.45,60,ERP,486.09,2430.45,N,OK
2025-11-12,S020,Bangor Care & Education Centre,Wales,OfficePlus,Office & Training,INV-2025-00702,72,133.55,9615.29,30,Legacy Spend File,1923.0580000000002,9615.29,N,OK
2025-09-19,S007,Nottingham Care & Education Centre,Midlands,HealthStaffing,Agency Labour,INV-2025-00703,37,203.65,7534.98,60,Legacy Spend File,1506.996,7534.98,N,OK
2025-08-02,S011,London Care & Education Centre,South,CareTemps,Agency Labour,INV-2025-00704,41,138.26,5668.62,60,ERP,1133.724,5668.62,N,OK
2025-11-14,S005,Sheffield Care & Education Centre,North,CloudLink,IT & Telecoms,INV-2025-00705,57,93.46,5326.94,30,Legacy Spend File,1065.388,5326.94,Y,OK
2025-10-07,S011,London Care & Education Centre,South,AutoCare,Vehicle & Fuel,INV-2025-00706,78,132.58,10341.2,30,Legacy Spend File,2068.2400000000002,10341.2,N,OK
2025-04-01,S006,Birmingham Care & Education Centre,Midlands,TeleCare IT,IT & Telecoms,INV-2025-00707,10,108.79,1087.87,30,ERP,217.57399999999998,1087.87,N,OK
2025-01-21,S017,Swansea Care & Education Centre,Wales,NourishCo,Food & Catering,INV-2025-00708,55,170.63,9384.9,45,Legacy Spend File,1876.98,9384.9,N,OK
2025-10-27,S019,Wrexham Care & Education Centre,Wales,CleanWorks,Facilities,INV-2025-00709,33,57.28,1890.13,30,Procurement Portal,378.02600000000007,1890.13,Y,OK
2025-03-20,S012,Bristol Care & Education Centre,South,CleanWorks,Facilities,INV-2025-00710,42,457.61,19219.44,60,ERP,3843.888,19219.44,Y,OK
2025-10-21,S013,Reading Care & Education Centre,South,TeleCare IT,IT & Telecoms,INV-2025-00711,71,247.07,17542.24,45,ERP,3508.4480000000003,17542.24,N,OK
2025-04-23,S008,Leicester Care & Education Centre,Midlands,AutoCare,Vehicle & Fuel,INV-2025-00712,24,90.08,2161.89,60,ERP,432.378,2161.89,N,OK
2025-10-06,S014,Southampton Care & Education Centre,South,SafeGuard FM,Facilities,INV-2025-00713,69,133.39,9203.67,45,ERP,1840.7340000000002,9203.67,N,OK
2025-12-06,S005,Sheffield Care & Education Centre,North,UK Energy Partners,Utilities,INV-2025-00714,43,311.37,13388.96,45,Procurement Portal,2677.792,13388.96,N,OK
2025-09-29,S003,Leeds Care & Education Centre,North,PowerDirect,Utilities,INV-2025-00715,61,244.88,14937.58,60,Legacy Spend File,2987.516,14937.58,N,OK
2025-06-27,S010,Coventry Care & Education Centre,Midlands,KitchenPro,Food & Catering,INV-2025-00716,58,119.25,6916.37,30,Legacy Spend File,1383.2740000000001,6916.37,N,OK
2025-12-16,S019,Wrexham Care & Education Centre,Wales,UK Energy Partners,Utilities,INV-2025-00717,42,266.21,11180.83,45,ERP,2236.166,11180.83,N,OK
2025-05-25,S006,Birmingham Care & Education Centre,Midlands,NetServe,IT & Telecoms,INV-2025-00718,4,238.96,955.84,60,Procurement Portal,191.168,955.84,N,OK
2025-01-23,S011,London Care & Education Centre,South,LearnWell,Office & Training,INV-2025-00719,38,61.41,2333.41,60,ERP,466.682,2333.41,N,OK
2025-03-27,S005,Sheffield Care & Education Centre,North,FreshServe,Food & Catering,INV-2025-00720,69,63.0,4346.71,60,ERP,869.3420000000001,4346.71,Y,OK
2025-12-10,S007,Nottingham Care & Education Centre,Midlands,FreshServe,Food & Catering,INV-2025-00721,28,76.99,2155.73,60,Procurement Portal,431.146,2155.73,Y,OK
2025-12-26,S010,Coventry Care & Education Centre,Midlands,PowerDirect,Utilities,INV-2025-00722,56,97.6,5465.55,60,ERP,1093.1100000000001,5465.55,N,OK
2025-08-24,S008,Leicester Care & Education Centre,Midlands,CleanWorks,Facilities,INV-2025-00723,43,85.75,3687.32,30,ERP,737.464,3687.32,Y,OK
2025-05-09,S014,Southampton Care & Education Centre,South,MediSure,Medical Supplies,INV-2025-00724,72,180.6,13003.23,30,Legacy Spend File,2600.646,13003.23,Y,OK
2025-07-18,S016,Cardiff Care & Education Centre,Wales,TeleCare IT,IT & Telecoms,INV-2025-00725,58,241.68,14017.29,60,Procurement Portal,2803.4580000000005,14017.29,N,OK
2025-07-19,S014,Southampton Care & Education Centre,South,FleetFuel,Vehicle & Fuel,INV-2025-00726,16,85.86,1373.72,60,ERP,274.744,1373.72,Y,OK
2025-10-27,S006,Birmingham Care & Education Centre,Midlands,KitchenPro,Food & Catering,INV-2025-00727,6,65.66,393.97,60,ERP,78.79400000000001,393.97,N,OK
2025-12-18,S002,Manchester Care & Education Centre,North,NourishCo,Food & Catering,INV-2025-00728,39,78.69,3069.04,60,ERP,613.808,3069.04,N,OK
2025-07-22,S011,London Care & Education Centre,South,LearnWell,Office & Training,INV-2025-00729,4,55.74,222.94,45,ERP,44.588,222.94,N,OK
2025-07-20,S002,Manchester Care & Education Centre,North,UK Energy Partners,Utilities,INV-2025-00730,70,162.94,11405.93,45,Legacy Spend File,2281.186,11405.93,N,OK
2025-11-28,S011,London Care & Education Centre,South,NetServe,IT & Telecoms,INV-2025-00731,48,245.02,11760.99,30,Legacy Spend File,2352.198,11760.99,N,OK
2025-01-22,S004,Newcastle Care & Education Centre,North,CleanWorks,Facilities,INV-2025-00732,1,105.09,105.09,60,Legacy Spend File,21.018,105.09,Y,OK
2025-04-18,S018,Newport Care & Education Centre,Wales,NourishCo,Food & Catering,INV-2025-00733,45,81.36,3661.36,30,Procurement Portal,732.272,3661.36,N,OK
2025-04-05,S016,Cardiff Care & Education Centre,Wales,CleanWorks,Facilities,INV-2025-00734,29,70.57,2046.39,60,Procurement Portal,409.278,2046.39,Y,OK
2025-12-10,S007,Nottingham Care & Education Centre,Midlands,FreshServe,Food & Catering,INV-2025-00735,73,114.48,8357.23,30,Legacy Spend File,1671.446,8357.23,Y,OK
2025-12-10,S014,Southampton Care & Education Centre,South,NourishCo,Food & Catering,INV-2025-00736,9,84.29,758.65,45,ERP,151.73,758.65,N,OK
2025-07-02,S006,Birmingham Care & Education Centre,Midlands,LearnWell,Office & Training,INV-2025-00737,17,86.34,1467.8,60,Legacy Spend File,293.56,1467.8,N,OK
2025-11-14,S013,Reading Care & Education Centre,South,NourishCo,Food & Catering,INV-2025-00738,9,111.59,1004.35,30,Procurement Portal,200.87,1004.35,N,OK
2025-11-12,S005,Sheffield Care & Education Centre,North,LearnWell,Office & Training,INV-2025-00739,40,187.45,7497.9,60,Legacy Spend File,1499.58,7497.9,N,OK
2025-08-08,S006,Birmingham Care & Education Centre,Midlands,RoadReady,Vehicle & Fuel,INV-2025-00740,22,165.97,3651.24,30,Procurement Portal,730.248,3651.24,N,OK
2025-11-25,S016,Cardiff Care & Education Centre,Wales,PowerDirect,Utilities,INV-2025-00741,56,90.83,5086.43,45,Procurement Portal,1017.2860000000001,5086.43,N,OK
2025-08-25,S007,Nottingham Care & Education Centre,Midlands,RoadReady,Vehicle & Fuel,INV-2025-00742,58,47.0,2725.9,45,Procurement Portal,545.1800000000001,2725.9,N,OK
2025-11-27,S010,Coventry Care & Education Centre,Midlands,FreshServe,Food & Catering,INV-2025-00743,78,46.1,3595.53,30,Procurement Portal,719.1060000000001,3595.53,Y,OK
2025-11-17,S001,Preston Care & Education Centre,North,WaterGrid,Utilities,INV-2025-00744,10,253.61,2536.13,60,ERP,507.22600000000006,2536.13,N,OK
2025-10-24,S006,Birmingham Care & Education Centre,Midlands,ClinEquip,Medical Supplies,INV-2025-00745,52,159.53,8295.33,60,ERP,1659.066,8295.33,N,OK
2025-10-04,S016,Cardiff Care & Education Centre,Wales,NetServe,IT & Telecoms,INV-2025-00746,61,147.59,9003.26,60,ERP,1800.652,9003.26,N,OK
2025-10-29,S009,Derby Care & Education Centre,Midlands,HealthStaffing,Agency Labour,INV-2025-00747,38,332.45,12633.29,30,Procurement Portal,2526.6580000000004,12633.29,N,OK
2025-07-06,S016,Cardiff Care & Education Centre,Wales,NourishCo,Food & Catering,INV-2025-00748,65,42.9,2788.65,30,Legacy Spend File,557.73,2788.65,N,OK
2025-03-13,S005,Sheffield Care & Education Centre,North,BuildCare,Facilities,INV-2025-00749,58,128.59,7458.17,30,ERP,1491.634,7458.17,N,OK
2025-09-05,S006,Birmingham Care & Education Centre,Midlands,BuildCare,Facilities,INV-2025-00750,46,83.04,3819.73,30,ERP,763.946,3819.73,N,OK
2025-02-02,S018,Newport Care & Education Centre,Wales,OfficePlus,Office & Training,INV-2025-00751,34,45.14,1534.67,45,ERP,306.934,1534.67,N,OK
2025-07-04,S010,Coventry Care & Education Centre,Midlands,PowerDirect,Utilities,INV-2025-00752,50,118.87,5943.52,45,Procurement Portal,1188.7040000000002,5943.52,N,OK
2025-06-15,S008,Leicester Care & Education Centre,Midlands,ClinEquip,Medical Supplies,INV-2025-00753,14,70.16,982.22,60,Legacy Spend File,196.44400000000002,982.22,N,OK
2025-05-15,S006,Birmingham Care & Education Centre,Midlands,NetServe,IT & Telecoms,INV-2025-00754,75,392.73,29454.99,60,Legacy Spend File,5890.9980000000005,29454.99,N,OK
2025-07-13,S017,Swansea Care & Education Centre,Wales,NurseLink,Agency Labour,INV-2025-00755,47,177.97,8364.57,60,Legacy Spend File,1672.914,8364.57,N,OK
2025-04-25,S012,Bristol Care & Education Centre,South,TeleCare IT,IT & Telecoms,INV-2025-00756,67,935.83,62700.85,45,Procurement Portal,12540.17,62700.85,N,OK
2025-11-06,S011,London Care & Education Centre,South,LearnWell,Office & Training,INV-2025-00757,1,98.38,98.38,60,ERP,19.676000000000002,98.38,N,OK
2025-02-09,S010,Coventry Care & Education Centre,Midlands,CleanWorks,Facilities,INV-2025-00758,66,199.26,13151.24,60,Procurement Portal,2630.248,13151.24,Y,OK
2025-03-22,S007,Nottingham Care & Education Centre,Midlands,CleanWorks,Facilities,INV-2025-00759,47,112.26,5276.44,60,Legacy Spend File,1055.288,5276.44,Y,OK
2025-06-19,S014,Southampton Care & Education Centre,South,WaterGrid,Utilities,INV-2025-00760,15,367.47,5511.99,45,Legacy Spend File,1102.398,5511.99,N,OK
2025-10-30,S004,Newcastle Care & Education Centre,North,OfficePlus,Office & Training,INV-2025-00761,21,54.65,1147.58,60,Procurement Portal,229.516,1147.58,N,OK
2025-03-07,S013,Reading Care & Education Centre,South,UK Energy Partners,Utilities,INV-2025-00762,74,267.35,19784.05,60,ERP,3956.81,19784.05,N,OK
2025-03-17,S019,Wrexham Care & Education Centre,Wales,ClinEquip,Medical Supplies,INV-2025-00763,8,490.56,3924.44,30,Procurement Portal,784.888,3924.44,N,OK
2025-10-16,S004,Newcastle Care & Education Centre,North,NurseLink,Agency Labour,INV-2025-00764,3,284.56,853.68,60,Legacy Spend File,170.736,853.68,N,OK
2025-04-21,S007,Nottingham Care & Education Centre,Midlands,CloudLink,IT & Telecoms,INV-2025-00765,58,413.94,24008.68,60,Procurement Portal,4801.736,24008.68,Y,OK
2025-07-30,S013,Reading Care & Education Centre,South,CleanWorks,Facilities,INV-2025-00766,77,122.27,9414.58,30,Legacy Spend File,1882.9160000000002,9414.58,Y,OK
2025-12-18,S014,Southampton Care & Education Centre,South,CloudLink,IT & Telecoms,INV-2025-00767,44,215.81,9495.5,45,Legacy Spend File,1899.1000000000001,9495.5,Y,OK
2025-07-13,S012,Bristol Care & Education Centre,South,FreshServe,Food & Catering,INV-2025-00768,50,172.14,8607.17,30,ERP,1721.4340000000002,8607.17,Y,OK
2025-09-16,S020,Bangor Care & Education Centre,Wales,PowerDirect,Utilities,INV-2025-00769,54,177.08,9562.58,30,Legacy Spend File,1912.516,9562.58,N,OK
2025-11-11,S012,Bristol Care & Education Centre,South,SafeGuard FM,Facilities,INV-2025-00770,77,487.75,37556.77,30,Legacy Spend File,7511.353999999999,37556.77,N,OK
2025-09-04,S003,Leeds Care & Education Centre,North,FreshServe,Food & Catering,INV-2025-00771,17,95.93,1630.86,60,Legacy Spend File,326.172,1630.86,Y,OK
2025-08-04,S002,Manchester Care & Education Centre,North,NurseLink,Agency Labour,INV-2025-00772,48,220.18,10568.43,30,Legacy Spend File,2113.686,10568.43,N,OK
2025-09-04,S020,Bangor Care & Education Centre,Wales,HealthStaffing,Agency Labour,INV-2025-00773,49,424.8,20814.96,45,Legacy Spend File,4162.992,20814.96,N,OK
2025-03-10,S005,Sheffield Care & Education Centre,North,NourishCo,Food & Catering,INV-2025-00774,33,110.97,3662.13,45,ERP,732.426,3662.13,N,OK
2025-10-06,S001,Preston Care & Education Centre,North,NetServe,IT & Telecoms,INV-2025-00775,53,309.71,16414.41,45,ERP,3282.882,16414.41,N,OK
2025-09-25,S001,Preston Care & Education Centre,North,ClinEquip,Medical Supplies,INV-2025-00776,16,50.6,809.53,60,ERP,161.906,809.53,N,OK
2025-06-11,S014,Southampton Care & Education Centre,South,PowerDirect,Utilities,INV-2025-00777,53,167.59,8882.4,45,ERP,1776.48,8882.4,N,OK
2025-10-27,S010,Coventry Care & Education Centre,Midlands,NurseLink,Agency Labour,INV-2025-00778,33,261.82,8639.97,45,Legacy Spend File,1727.994,8639.97,N,OK
2025-05-22,S004,Newcastle Care & Education Centre,North,AutoCare,Vehicle & Fuel,INV-2025-00779,51,91.19,4650.66,30,Procurement Portal,930.1320000000001,4650.66,N,OK
2025-07-09,S012,Bristol Care & Education Centre,South,OfficePlus,Office & Training,INV-2025-00780,72,105.52,7597.12,60,Procurement Portal,1519.424,7597.12,N,OK
2025-06-26,S014,Southampton Care & Education Centre,South,NetServe,IT & Telecoms,INV-2025-00781,51,242.59,12371.97,60,ERP,2474.3940000000002,12371.97,N,OK
2025-04-28,S006,Birmingham Care & Education Centre,Midlands,KitchenPro,Food & Catering,INV-2025-00782,58,31.19,1808.75,60,ERP,361.75,1808.75,N,OK
2025-07-25,S011,London Care & Education Centre,South,PowerDirect,Utilities,INV-2025-00783,44,308.14,13558.37,60,Legacy Spend File,2711.6740000000004,13558.37,N,OK
2025-07-19,S010,Coventry Care & Education Centre,Midlands,MediSure,Medical Supplies,INV-2025-00784,1,167.89,167.89,30,ERP,33.577999999999996,167.89,Y,OK
2025-02-02,S016,Cardiff Care & Education Centre,Wales,HealthStaffing,Agency Labour,INV-2025-00785,34,408.16,13877.55,30,Procurement Portal,2775.51,13877.55,N,OK
2025-07-16,S010,Coventry Care & Education Centre,Midlands,ClinEquip,Medical Supplies,INV-2025-00786,52,217.44,11306.86,60,Legacy Spend File,2261.3720000000003,11306.86,N,OK
2025-11-02,S020,Bangor Care & Education Centre,Wales,NetServe,IT & Telecoms,INV-2025-00787,8,348.03,2784.23,30,Legacy Spend File,556.846,2784.23,N,OK
2025-04-14,S012,Bristol Care & Education Centre,South,OfficePlus,Office & Training,INV-2025-00788,67,96.55,6468.7,45,ERP,1293.74,6468.7,N,OK
2025-03-28,S006,Birmingham Care & Education Centre,Midlands,PowerDirect,Utilities,INV-2025-00789,5,240.54,1202.68,45,ERP,240.53600000000003,1202.68,N,OK
2025-02-14,S018,Newport Care & Education Centre,Wales,MediSure,Medical Supplies,INV-2025-00790,36,48.13,1732.78,45,Procurement Portal,346.55600000000004,1732.78,Y,OK
2025-10-28,S016,Cardiff Care & Education Centre,Wales,CareTemps,Agency Labour,INV-2025-00791,26,379.96,9879.02,60,ERP,1975.804,9879.02,N,OK
2025-10-09,S017,Swansea Care & Education Centre,Wales,FreshServe,Food & Catering,INV-2025-00792,37,72.87,2696.02,60,Legacy Spend File,539.2040000000001,2696.02,Y,OK
2025-05-22,S008,Leicester Care & Education Centre,Midlands,RoadReady,Vehicle & Fuel,INV-2025-00793,29,110.3,3198.83,60,ERP,639.7660000000001,3198.83,N,OK
2025-01-03,S016,Cardiff Care & Education Centre,Wales,NurseLink,Agency Labour,INV-2025-00794,34,148.65,5053.98,30,Procurement Portal,1010.7959999999999,5053.98,N,OK
2025-02-07,S009,Derby Care & Education Centre,Midlands,KitchenPro,Food & Catering,INV-2025-00795,65,35.87,2331.33,45,Procurement Portal,466.266,2331.33,N,OK
2025-10-22,S015,Brighton Care & Education Centre,South,NetServe,IT & Telecoms,INV-2025-00796,33,392.63,12956.71,60,Procurement Portal,2591.342,12956.71,N,OK
2025-06-23,S004,Newcastle Care & Education Centre,North,OfficePlus,Office & Training,INV-2025-00797,59,73.39,4329.77,60,Procurement Portal,865.9540000000002,4329.77,N,OK
2025-03-01,S017,Swansea Care & Education Centre,Wales,CareMed,Medical Supplies,INV-2025-00798,34,174.57,5935.33,30,Procurement Portal,1187.066,5935.33,N,OK
2025-12-26,S009,Derby Care & Education Centre,Midlands,PowerDirect,Utilities,INV-2025-00799,30,253.92,7617.73,45,Procurement Portal,1523.546,7617.73,N,OK
2025-05-15,S002,Manchester Care & Education Centre,North,ClinEquip,Medical Supplies,INV-2025-00800,32,121.98,3903.36,45,ERP,780.672,3903.36,N,OK
2025-10-11,S012,Bristol Care & Education Centre,South,FleetFuel,Vehicle & Fuel,INV-2025-00801,23,159.16,3660.76,45,Procurement Portal,732.152,3660.76,Y,OK
2025-05-18,S010,Coventry Care & Education Centre,Midlands,PowerDirect,Utilities,INV-2025-00802,24,188.22,4517.39,60,Legacy Spend File,903.4780000000001,4517.39,N,OK
2025-04-13,S001,Preston Care & Education Centre,North,PrintCo,Office & Training,INV-2025-00803,31,79.07,2451.22,60,ERP,490.24399999999997,2451.22,N,OK
2025-04-14,S004,Newcastle Care & Education Centre,North,UK Energy Partners,Utilities,INV-2025-00804,32,193.87,6203.97,60,Procurement Portal,1240.794,6203.97,N,OK
2025-02-10,S003,Leeds Care & Education Centre,North,FreshServe,Food & Catering,INV-2025-00805,64,51.18,3275.73,60,ERP,655.1460000000001,3275.73,Y,OK
2025-07-10,S012,Bristol Care & Education Centre,South,CareMed,Medical Supplies,INV-2025-00806,80,101.24,8098.82,45,Procurement Portal,1619.7640000000001,8098.82,N,OK
2025-04-04,S016,Cardiff Care & Education Centre,Wales,TeleCare IT,IT & Telecoms,INV-2025-00807,66,248.59,16406.88,45,Procurement Portal,3281.376,16406.88,N,OK
2025-09-27,S020,Bangor Care & Education Centre,Wales,CleanWorks,Facilities,INV-2025-00808,55,138.33,7608.17,45,Legacy Spend File,1521.634,7608.17,Y,OK
2025-12-18,S020,Bangor Care & Education Centre,Wales,RoadReady,Vehicle & Fuel,INV-2025-00809,23,189.53,4359.17,45,ERP,871.8340000000001,4359.17,N,OK
2025-12-19,S019,Wrexham Care & Education Centre,Wales,LearnWell,Office & Training,INV-2025-00810,2,45.85,91.71,30,Legacy Spend File,18.342,91.71,N,OK
2025-02-21,S006,Birmingham Care & Education Centre,Midlands,NurseLink,Agency Labour,INV-2025-00811,42,270.7,11369.31,45,Legacy Spend File,2273.862,11369.31,N,OK
2025-05-15,S015,Brighton Care & Education Centre,South,BuildCare,Facilities,INV-2025-00812,31,141.33,4381.26,45,Procurement Portal,876.2520000000001,4381.26,N,OK
2025-04-05,S003,Leeds Care & Education Centre,North,RoadReady,Vehicle & Fuel,INV-2025-00813,64,210.55,13475.09,45,ERP,2695.018,13475.09,N,OK
2025-07-25,S016,Cardiff Care & Education Centre,Wales,RoadReady,Vehicle & Fuel,INV-2025-00814,36,105.85,3810.44,45,ERP,762.0880000000001,3810.44,N,OK
2025-12-18,S005,Sheffield Care & Education Centre,North,BuildCare,Facilities,INV-2025-00815,30,317.5,9524.94,30,Legacy Spend File,1904.9880000000003,9524.94,N,OK
2025-08-10,S013,Reading Care & Education Centre,South,PowerDirect,Utilities,INV-2025-00816,49,110.43,5411.18,30,ERP,1082.236,5411.18,N,OK
2025-01-05,S018,Newport Care & Education Centre,Wales,SafeGuard FM,Facilities,INV-2025-00817,23,208.48,4795.0,45,Procurement Portal,959.0,4795.0,N,OK
2025-06-03,S012,Bristol Care & Education Centre,South,RoadReady,Vehicle & Fuel,INV-2025-00818,33,154.96,5113.71,60,Legacy Spend File,1022.7420000000001,5113.71,N,OK
2025-12-20,S020,Bangor Care & Education Centre,Wales,HealthStaffing,Agency Labour,INV-2025-00819,21,313.89,6591.66,30,ERP,1318.332,6591.66,N,OK
2025-02-19,S009,Derby Care & Education Centre,Midlands,PrintCo,Office & Training,INV-2025-00820,58,134.76,7816.13,60,Procurement Portal,1563.226,7816.13,N,OK
2025-10-14,S008,Leicester Care & Education Centre,Midlands,RoadReady,Vehicle & Fuel,INV-2025-00821,72,71.48,5146.31,45,Procurement Portal,1029.2620000000002,5146.31,N,OK
2025-06-29,S002,Manchester Care & Education Centre,North,HealthStaffing,Agency Labour,INV-2025-00822,78,651.27,50799.02,30,Legacy Spend File,10159.804,50799.02,N,OK
2025-07-01,S020,Bangor Care & Education Centre,Wales,safeguard fm,Facilities,INV-2025-00823,42,637.37,26769.55,60,Legacy Spend File,5353.91,26769.55,N,OK
2025-07-15,S005,Sheffield Care & Education Centre,North,OfficePlus,Office & Training,INV-2025-00824,79,61.43,4853.11,45,Procurement Portal,970.622,4853.11,N,OK
2025-11-24,S004,Newcastle Care & Education Centre,North,CleanWorks,Facilities,INV-2025-00825,44,140.88,6198.86,45,Legacy Spend File,1239.772,6198.86,Y,OK
2025-02-10,S003,Leeds Care & Education Centre,North,HealthStaffing,Agency Labour,INV-2025-00826,21,667.24,14011.96,45,ERP,2802.392,14011.96,N,OK
2025-05-30,S020,Bangor Care & Education Centre,Wales,AutoCare,Vehicle & Fuel,INV-2025-00827,35,226.48,7926.68,60,Legacy Spend File,1585.3360000000002,7926.68,N,OK
2025-07-05,S018,Newport Care & Education Centre,Wales,TeleCare IT,IT & Telecoms,INV-2025-00828,76,165.02,12541.37,60,Procurement Portal,2508.2740000000003,12541.37,N,OK
2025-01-12,S014,Southampton Care & Education Centre,South,CleanWorks,Facilities,INV-2025-00829,17,142.86,2428.59,60,ERP,485.7180000000001,2428.59,Y,OK
2025-12-25,S007,Nottingham Care & Education Centre,Midlands,NetServe,IT & Telecoms,INV-2025-00830,11,188.41,2072.56,30,ERP,414.512,2072.56,N,OK
2025-02-02,S002,Manchester Care & Education Centre,North,FreshServe,Food & Catering,INV-2025-00831,61,31.03,1892.8,60,ERP,378.56,1892.8,Y,OK
2025-02-12,S006,Birmingham Care & Education Centre,Midlands,NurseLink,Agency Labour,INV-2025-00832,14,181.0,2534.07,45,Legacy Spend File,506.8140000000001,2534.07,N,OK
2025-07-19,S010,Coventry Care & Education Centre,Midlands,KitchenPro,Food & Catering,INV-2025-00833,40,37.42,1496.66,30,ERP,299.33200000000005,1496.66,N,OK
2025-11-17,S010,Coventry Care & Education Centre,Midlands,TeleCare IT,IT & Telecoms,INV-2025-00834,17,144.22,2451.74,30,Legacy Spend File,490.34799999999996,2451.74,N,OK
2025-12-06,S007,Nottingham Care & Education Centre,Midlands,MediSure,Medical Supplies,INV-2025-00835,46,117.73,5415.69,45,Procurement Portal,1083.138,5415.69,Y,OK
2025-08-16,S018,Newport Care & Education Centre,Wales,NetServe,IT & Telecoms,INV-2025-00836,18,250.25,4504.43,60,Legacy Spend File,900.8860000000001,4504.43,N,OK
2025-11-22,S013,Reading Care & Education Centre,South,PrintCo,Office & Training,INV-2025-00837,73,175.96,12845.17,45,Legacy Spend File,2569.034,12845.17,N,OK
2025-09-04,S018,Newport Care & Education Centre,Wales,TeleCare IT,IT & Telecoms,INV-2025-00838,70,127.04,8893.07,30,ERP,1778.614,8893.07,N,OK
2025-07-31,S020,Bangor Care & Education Centre,Wales,TeleCare IT,IT & Telecoms,INV-2025-00839,34,378.04,12853.42,30,Procurement Portal,2570.684,12853.42,N,OK
2025-03-11,S013,Reading Care & Education Centre,South,ClinEquip,Medical Supplies,INV-2025-00840,45,106.68,4800.43,45,Procurement Portal,960.0860000000001,4800.43,N,OK
2025-09-09,S002,Manchester Care & Education Centre,North,ClinEquip,Medical Supplies,INV-2025-00841,62,116.78,7240.32,45,ERP,1448.064,7240.32,N,OK
2025-04-29,S020,Bangor Care & Education Centre,Wales,NetServe,IT & Telecoms,INV-2025-00842,1,318.87,318.87,60,Procurement Portal,63.774,318.87,N,OK
2025-08-12,S011,London Care & Education Centre,South,NurseLink,Agency Labour,INV-2025-00843,51,161.79,8251.18,30,ERP,1650.236,8251.18,N,OK
2025-04-23,S008,Leicester Care & Education Centre,Midlands,CareTemps,Agency Labour,INV-2025-00844,34,370.22,12587.61,30,Procurement Portal,2517.5220000000004,12587.61,N,OK
2025-11-10,S008,Leicester Care & Education Centre,Midlands,PowerDirect,Utilities,INV-2025-00845,35,273.97,9588.86,45,Legacy Spend File,1917.7720000000002,9588.86,N,OK
2025-04-07,S002,Manchester Care & Education Centre,North,TeleCare IT,IT & Telecoms,INV-2025-00846,9,288.44,2595.93,30,ERP,519.186,2595.93,N,OK
2025-08-22,S001,Preston Care & Education Centre,North,KitchenPro,Food & Catering,INV-2025-00847,80,76.21,6096.42,45,Procurement Portal,1219.284,6096.42,N,OK
2025-06-14,S009,Derby Care & Education Centre,Midlands,OfficePlus,Office & Training,INV-2025-00848,3,289.43,868.28,30,ERP,173.656,868.28,N,OK
2025-02-22,S015,Brighton Care & Education Centre,South,MediSure,Medical Supplies,INV-2025-00849,37,84.5,3126.45,45,ERP,625.29,3126.45,Y,OK
2025-01-05,S019,Wrexham Care & Education Centre,Wales,PrintCo,Office & Training,INV-2025-00850,30,56.0,1680.15,30,ERP,336.03000000000003,1680.15,N,OK
2025-06-25,S009,Derby Care & Education Centre,Midlands,OfficePlus,Office & Training,INV-2025-00851,54,53.24,2874.82,45,Procurement Portal,574.964,2874.82,N,OK
2025-01-17,S010,Coventry Care & Education Centre,Midlands,PrintCo,Office & Training,INV-2025-00852,43,55.26,2376.01,30,ERP,475.20200000000006,2376.01,N,OK
2025-02-06,S006,Birmingham Care & Education Centre,Midlands,TeleCare IT,IT & Telecoms,INV-2025-00853,70,154.94,10846.09,45,ERP,2169.2180000000003,10846.09,N,OK
2025-01-07,S015,Brighton Care & Education Centre,South,TeleCare IT,IT & Telecoms,INV-2025-00854,16,423.09,6769.45,60,ERP,1353.89,6769.45,N,OK
2025-01-18,S010,Coventry Care & Education Centre,Midlands,OfficePlus,Office & Training,INV-2025-00855,26,163.82,4259.31,45,Legacy Spend File,851.8620000000001,4259.31,N,OK
2025-07-19,S016,Cardiff Care & Education Centre,Wales,WaterGrid,Utilities,INV-2025-00856,40,182.65,7305.84,45,ERP,1461.1680000000001,7305.84,N,OK
2025-10-09,S016,Cardiff Care & Education Centre,Wales,ClinEquip,Medical Supplies,INV-2025-00857,67,75.92,5086.72,30,Procurement Portal,1017.344,5086.72,N,OK
2025-07-04,S003,Leeds Care & Education Centre,North,CloudLink,IT & Telecoms,INV-2025-00858,7,285.12,1995.83,60,ERP,399.166,1995.83,Y,OK
2025-08-11,S018,Newport Care & Education Centre,Wales,PowerDirect,Utilities,INV-2025-00859,42,184.52,7749.69,30,ERP,1549.938,7749.69,N,OK
2025-05-05,S020,Bangor Care & Education Centre,Wales,NourishCo,Food & Catering,INV-2025-00860,2,92.07,184.13,30,Legacy Spend File,36.826,184.13,N,OK
2025-11-02,S004,Newcastle Care & Education Centre,North,PrintCo,Office & Training,INV-2025-00861,20,83.86,1677.11,45,ERP,335.422,1677.11,N,OK
2025-02-16,S014,Southampton Care & Education Centre,South,SafeGuard FM,Facilities,INV-2025-00862,80,78.2,6256.17,45,Legacy Spend File,1251.2340000000002,6256.17,N,OK
2025-11-27,S015,Brighton Care & Education Centre,South,CareMed,Medical Supplies,INV-2025-00863,20,281.07,5621.49,60,Legacy Spend File,1124.298,5621.49,N,OK
2025-04-30,S006,Birmingham Care & Education Centre,Midlands,SafeGuard FM,Facilities,INV-2025-00864,41,483.33,19816.33,60,Legacy Spend File,3963.2660000000005,19816.33,N,OK
2025-04-09,S015,Brighton Care & Education Centre,South,RoadReady,Vehicle & Fuel,INV-2025-00865,3,67.82,203.46,60,Procurement Portal,40.69200000000001,203.46,N,OK
2025-01-21,S014,Southampton Care & Education Centre,South,SafeGuard FM,Facilities,INV-2025-00866,63,145.43,9162.33,60,Procurement Portal,1832.4660000000001,9162.33,N,OK
2025-12-23,S018,Newport Care & Education Centre,Wales,NetServe,IT & Telecoms,INV-2025-00867,63,257.46,16219.8,30,Legacy Spend File,3243.96,16219.8,N,OK
2025-08-28,S019,Wrexham Care & Education Centre,Wales,RoadReady,Vehicle & Fuel,INV-2025-00868,36,114.19,4110.69,60,Legacy Spend File,822.1379999999999,4110.69,N,OK
2025-03-21,S020,Bangor Care & Education Centre,Wales,KitchenPro,Food & Catering,INV-2025-00869,58,93.37,5415.55,45,Procurement Portal,1083.1100000000001,5415.55,N,OK
2025-01-01,S009,Derby Care & Education Centre,Midlands,RoadReady,Vehicle & Fuel,INV-2025-00870,65,287.0,18655.13,45,Legacy Spend File,3731.0260000000003,18655.13,N,OK
2025-07-06,S012,Bristol Care & Education Centre,South,ClinEquip,Medical Supplies,INV-2025-00871,80,108.87,8709.74,30,Procurement Portal,1741.948,8709.74,N,OK
2025-10-03,S015,Brighton Care & Education Centre,South,KitchenPro,Food & Catering,INV-2025-00872,50,41.9,2095.08,30,Legacy Spend File,419.016,2095.08,N,OK
2025-03-20,S005,Sheffield Care & Education Centre,North,PrintCo,Office & Training,INV-2025-00873,79,35.12,2774.73,45,Procurement Portal,554.946,2774.73,N,OK
2025-02-19,S005,Sheffield Care & Education Centre,North,FleetFuel,Vehicle & Fuel,INV-2025-00874,67,63.55,4258.01,60,ERP,851.6020000000001,4258.01,Y,OK
2025-01-17,S006,Birmingham Care & Education Centre,Midlands,CleanWorks,Facilities,INV-2025-00875,26,176.75,4595.5,30,Procurement Portal,919.1,4595.5,Y,OK
2025-10-20,S004,Newcastle Care & Education Centre,North,FreshServe,Food & Catering,INV-2025-00876,50,174.41,8720.37,60,Procurement Portal,1744.0740000000003,8720.37,Y,OK
2025-07-07,S011,London Care & Education Centre,South,CloudLink,IT & Telecoms,INV-2025-00877,29,165.5,4799.36,60,Legacy Spend File,959.872,4799.36,Y,OK
2025-12-02,S019,Wrexham Care & Education Centre,Wales,MediSure,Medical Supplies,INV-2025-00878,63,135.72,8550.2,30,Procurement Portal,1710.0400000000002,8550.2,Y,OK
2025-10-13,S008,Leicester Care & Education Centre,Midlands,CareMed,Medical Supplies,INV-2025-00879,54,118.92,6421.73,45,Legacy Spend File,1284.346,6421.73,N,OK
2025-01-21,S012,Bristol Care & Education Centre,South,NetServe,IT & Telecoms,INV-2025-00880,10,422.95,4229.46,45,ERP,845.892,4229.46,N,OK
2025-04-29,S003,Leeds Care & Education Centre,North,FreshServe,Food & Catering,INV-2025-00881,69,260.92,18003.23,45,ERP,3600.646,18003.23,Y,OK
2025-11-17,S009,Derby Care & Education Centre,Midlands,PowerDirect,Utilities,INV-2025-00882,23,186.7,4294.01,60,Legacy Spend File,858.8020000000001,4294.01,N,OK
2025-02-24,S013,Reading Care & Education Centre,South,NurseLink,Agency Labour,INV-2025-00883,74,229.2,16960.73,45,Legacy Spend File,3392.146,16960.73,N,OK
2025-03-27,S001,Preston Care & Education Centre,North,HealthStaffing,Agency Labour,INV-2025-00884,24,532.76,12786.24,60,Procurement Portal,2557.248,12786.24,N,OK
2025-03-22,S014,Southampton Care & Education Centre,South,AutoCare,Vehicle & Fuel,INV-2025-00885,69,138.23,9537.85,60,Procurement Portal,1907.5700000000002,9537.85,N,OK
2025-06-16,S009,Derby Care & Education Centre,Midlands,AutoCare,Vehicle & Fuel,INV-2025-00886,48,262.32,12591.37,45,Legacy Spend File,2518.2740000000003,12591.37,N,OK
2025-05-04,S007,Nottingham Care & Education Centre,Midlands,AutoCare,Vehicle & Fuel,INV-2025-00887,73,130.98,9561.47,60,ERP,1912.2939999999999,9561.47,N,OK
2025-08-20,S014,Southampton Care & Education Centre,South,TeleCare IT,IT & Telecoms,INV-2025-00888,58,180.55,10472.0,45,ERP,2094.4,10472.0,N,OK
2025-11-02,S011,London Care & Education Centre,South,CareMed,Medical Supplies,INV-2025-00889,3,166.06,498.18,60,ERP,99.63600000000001,498.18,N,OK
2025-04-24,S013,Reading Care & Education Centre,South,CareMed,Medical Supplies,INV-2025-00890,28,220.8,6182.53,45,ERP,1236.506,6182.53,N,OK
2025-09-19,S018,Newport Care & Education Centre,Wales,NetServe,IT & Telecoms,INV-2025-00891,72,345.47,24873.52,60,Legacy Spend File,4974.704000000001,24873.52,N,OK
2025-08-24,S008,Leicester Care & Education Centre,Midlands,FreshServe,Food & Catering,INV-2025-00892,46,85.92,3952.21,30,ERP,790.442,3952.21,Y,OK
2025-05-08,S013,Reading Care & Education Centre,South,AutoCare,Vehicle & Fuel,INV-2025-00893,30,170.81,5124.28,45,Procurement Portal,1024.856,5124.28,N,OK
2025-04-22,S009,Derby Care & Education Centre,Midlands,NurseLink,Agency Labour,INV-2025-00894,10,570.72,5707.18,60,Procurement Portal,1141.4360000000001,5707.18,N,OK
2025-12-20,S013,Reading Care & Education Centre,South,SafeGuard FM,Facilities,INV-2025-00895,74,384.96,28487.18,30,Legacy Spend File,5697.436000000001,28487.18,N,OK
2025-10-23,S001,Preston Care & Education Centre,North,CloudLink,IT & Telecoms,INV-2025-00896,49,314.32,15401.78,30,ERP,3080.356,15401.78,Y,OK
2025-08-02,S002,Manchester Care & Education Centre,North,RoadReady,Vehicle & Fuel,INV-2025-00897,16,86.66,1386.52,30,Legacy Spend File,277.30400000000003,1386.52,N,OK
2025-11-20,S015,Brighton Care & Education Centre,South,ClinEquip,Medical Supplies,INV-2025-00898,49,130.08,6374.14,30,Procurement Portal,1274.8280000000002,6374.14,N,OK
2025-10-04,S006,Birmingham Care & Education Centre,Midlands,CareMed,Medical Supplies,INV-2025-00899,73,233.01,17009.57,30,Procurement Portal,3401.914,17009.57,N,OK
2025-01-26,S006,Birmingham Care & Education Centre,Midlands,UK Energy Partners,Utilities,INV-2025-00900,51,159.52,8135.33,45,Legacy Spend File,1627.066,8135.33,N,OK
2025-08-10,S009,Derby Care & Education Centre,Midlands,FreshServe,Food & Catering,INV-2025-00901,38,79.61,3025.23,45,ERP,605.046,3025.23,Y,OK
2025-09-01,,Preston Care & Education Centre,North,FleetFuel,Vehicle & Fuel,INV-2025-00902,74,76.52,5662.41,60,ERP,1132.482,5662.41,Y,Missing site
2025-02-13,S005,Sheffield Care & Education Centre,North,CareTemps,Agency Labour,INV-2025-00903,52,304.78,15848.59,60,Procurement Portal,3169.7180000000003,15848.59,N,OK
2025-09-04,S016,Cardiff Care & Education Centre,Wales,CleanWorks,Facilities,INV-2025-00904,72,363.62,26180.54,30,Procurement Portal,5236.108,26180.54,Y,OK
2025-11-12,S009,Derby Care & Education Centre,Midlands,PowerDirect,Utilities,INV-2025-00905,68,277.71,18884.05,30,ERP,3776.81,18884.05,N,OK
2025-06-15,S011,London Care & Education Centre,South,TeleCare IT,IT & Telecoms,INV-2025-00906,74,225.69,16701.15,30,ERP,3340.2300000000005,16701.15,N,OK
2025-07-07,S010,Coventry Care & Education Centre,Midlands,CareTemps,Agency Labour,INV-2025-00907,45,142.0,6390.22,30,Procurement Portal,1278.044,6390.22,N,OK
2025-03-28,S008,Leicester Care & Education Centre,Midlands,CareMed,Medical Supplies,INV-2025-00908,45,180.9,8140.39,60,Procurement Portal,1628.0780000000002,8140.39,N,OK
2025-01-23,S016,Cardiff Care & Education Centre,Wales,SafeGuard FM,Facilities,INV-2025-00909,30,256.72,7701.5,30,Legacy Spend File,1540.3000000000002,7701.5,N,OK
2025-02-13,S001,Preston Care & Education Centre,North,BuildCare,Facilities,INV-2025-00910,15,591.55,8873.26,60,ERP,1774.652,8873.26,N,OK
2025-01-08,S015,Brighton Care & Education Centre,South,SafeGuard FM,Facilities,INV-2025-00911,44,151.97,6686.65,60,ERP,1337.33,6686.65,N,OK
2025-01-12,S019,Wrexham Care & Education Centre,Wales,LearnWell,Office & Training,INV-2025-00912,43,84.61,3638.11,30,Legacy Spend File,727.6220000000001,3638.11,N,OK
2025-10-07,S015,Brighton Care & Education Centre,South,UK Energy Partners,Utilities,INV-2025-00913,67,286.75,19212.46,45,Legacy Spend File,3842.492,19212.46,N,OK
2025-12-24,S013,Reading Care & Education Centre,South,BuildCare,Facilities,INV-2025-00914,3,428.61,1285.84,45,Legacy Spend File,257.168,1285.84,N,OK
2025-03-29,S020,Bangor Care & Education Centre,Wales,CareMed,Medical Supplies,INV-2025-00915,8,113.87,910.98,45,ERP,182.19600000000003,910.98,N,OK
2025-08-27,S019,Wrexham Care & Education Centre,Wales,CloudLink,IT & Telecoms,INV-2025-00916,2,256.49,512.98,30,Procurement Portal,102.596,512.98,Y,OK
2025-12-04,S017,Swansea Care & Education Centre,Wales,NetServe,IT & Telecoms,INV-2025-00917,47,307.34,14445.21,30,ERP,2889.042,14445.21,N,OK
2025-07-14,S004,Newcastle Care & Education Centre,North,HealthStaffing,Agency Labour,INV-2025-00918,66,332.43,21940.12,60,ERP,4388.024,21940.12,N,OK
2025-09-30,S007,Nottingham Care & Education Centre,Midlands,PrintCo,Office & Training,INV-2025-00919,12,58.67,704.05,30,ERP,140.81,704.05,N,OK
2025-12-31,S008,Leicester Care & Education Centre,Midlands,PrintCo,Office & Training,INV-2025-00920,3,83.45,250.35,30,ERP,50.07,250.35,N,OK
2025-09-08,S006,Birmingham Care & Education Centre,Midlands,TeleCare IT,IT & Telecoms,INV-2025-00921,51,397.07,20250.82,60,ERP,4050.164,20250.82,N,OK
2025-06-30,S001,Preston Care & Education Centre,North,AutoCare,Vehicle & Fuel,INV-2025-00922,46,54.02,2484.77,60,Procurement Portal,496.954,2484.77,N,OK
2025-11-17,S011,London Care & Education Centre,South,CloudLink,IT & Telecoms,INV-2025-00923,33,236.69,7810.84,45,ERP,1562.1680000000001,7810.84,Y,OK
2025-03-19,S012,Bristol Care & Education Centre,South,CloudLink,IT & Telecoms,INV-2025-00924,44,149.69,6586.32,45,Legacy Spend File,1317.2640000000001,6586.32,Y,OK
2025-07-15,S009,Derby Care & Education Centre,Midlands,KitchenPro,Food & Catering,INV-2025-00925,67,125.42,8403.1,60,Legacy Spend File,1680.6200000000001,8403.1,N,OK
2025-05-04,S005,Sheffield Care & Education Centre,North,WaterGrid,Utilities,INV-2025-00926,74,108.17,8004.61,30,Procurement Portal,1600.922,8004.61,N,OK
2025-10-05,S001,Preston Care & Education Centre,North,RoadReady,Vehicle & Fuel,INV-2025-00927,17,69.86,1187.59,30,Legacy Spend File,237.518,1187.59,N,OK
2025-06-08,S017,Swansea Care & Education Centre,Wales,UK Energy Partners,Utilities,INV-2025-00928,68,307.64,20919.46,30,Procurement Portal,4183.892,20919.46,N,OK
2025-02-04,S003,Leeds Care & Education Centre,North,SafeGuard FM,Facilities,INV-2025-00929,72,425.81,30658.38,60,Legacy Spend File,6131.676,30658.38,N,OK
2025-03-16,S002,Manchester Care & Education Centre,North,SafeGuard FM,Facilities,INV-2025-00930,4,173.61,694.43,45,Procurement Portal,138.886,694.43,N,OK
2025-11-23,S003,Leeds Care & Education Centre,North,TeleCare IT,IT & Telecoms,INV-2025-00931,36,162.11,5835.92,30,ERP,1167.184,5835.92,N,OK
2025-01-14,S003,Leeds Care & Education Centre,North,CleanWorks,Facilities,INV-2025-00932,79,506.53,40016.26,60,Procurement Portal,8003.252,40016.26,Y,OK
2025-04-29,S011,London Care & Education Centre,South,PowerDirect,Utilities,INV-2025-00933,30,112.74,3382.1,60,ERP,676.4200000000001,3382.1,N,OK
2025-09-02,S019,Wrexham Care & Education Centre,Wales,KitchenPro,Food & Catering,INV-2025-00934,18,19.4,349.12,60,Legacy Spend File,69.824,349.12,N,OK
2025-07-18,S015,Brighton Care & Education Centre,South,FleetFuel,Vehicle & Fuel,INV-2025-00935,63,121.01,7623.72,45,ERP,1524.7440000000001,7623.72,Y,OK
2025-01-17,S011,London Care & Education Centre,South,UK Energy Partners,Utilities,INV-2025-00936,53,189.68,10052.97,30,Procurement Portal,2010.594,10052.97,N,OK
2025-12-10,S002,Manchester Care & Education Centre,North,PowerDirect,Utilities,INV-2025-00937,26,142.56,3706.63,30,ERP,741.326,3706.63,N,OK
2025-09-08,S019,Wrexham Care & Education Centre,Wales,PrintCo,Office & Training,INV-2025-00938,42,110.73,4650.61,45,ERP,930.122,4650.61,N,OK
2025-11-08,S008,Leicester Care & Education Centre,Midlands,HealthStaffing,Agency Labour,INV-2025-00939,49,343.05,16809.39,60,Procurement Portal,3361.878,16809.39,N,OK
2025-02-25,S019,Wrexham Care & Education Centre,Wales,ClinEquip,Medical Supplies,INV-2025-00940,58,87.99,5103.55,45,ERP,1020.71,5103.55,N,OK
2025-01-21,S001,Preston Care & Education Centre,North,NurseLink,Agency Labour,INV-2025-00941,72,148.36,10681.63,45,Legacy Spend File,2136.326,10681.63,N,OK
2025-05-30,S005,Sheffield Care & Education Centre,North,MediSure,Medical Supplies,INV-2025-00942,57,193.9,11052.31,45,Procurement Portal,2210.462,11052.31,Y,OK
2025-08-05,S002,Manchester Care & Education Centre,North,OfficePlus,Office & Training,INV-2025-00943,38,107.24,4075.24,60,ERP,815.048,4075.24,N,OK
2025-11-27,S020,Bangor Care & Education Centre,Wales,SafeGuard FM,Facilities,INV-2025-00944,58,170.44,9885.78,30,Legacy Spend File,1977.1560000000002,9885.78,N,OK
2025-10-27,S009,Derby Care & Education Centre,Midlands,FreshServe,Food & Catering,INV-2025-00945,70,179.48,12563.27,30,Procurement Portal,2512.6540000000005,12563.27,Y,OK
2025-01-13,S016,Cardiff Care & Education Centre,Wales,RoadReady,Vehicle & Fuel,INV-2025-00946,23,52.74,1212.97,45,Legacy Spend File,242.59400000000002,1212.97,N,OK
2025-02-16,S020,Bangor Care & Education Centre,Wales,WaterGrid,Utilities,INV-2025-00947,33,108.03,3565.04,45,Legacy Spend File,713.008,3565.04,N,OK
2025-03-05,S003,Leeds Care & Education Centre,North,BuildCare,Facilities,INV-2025-00948,12,123.03,1476.33,30,Legacy Spend File,295.266,1476.33,N,OK
2025-09-26,S005,Sheffield Care & Education Centre,North,FleetFuel,Vehicle & Fuel,INV-2025-00949,50,92.65,4632.39,60,Legacy Spend File,926.4780000000001,4632.39,Y,OK
2025-10-09,S003,Leeds Care & Education Centre,North,SafeGuard FM,Facilities,INV-2025-00950,49,205.78,10083.08,30,ERP,2016.616,10083.08,N,OK
2025-03-16,S013,Reading Care & Education Centre,South,CleanWorks,Facilities,INV-2025-00951,23,157.63,3625.59,60,ERP,725.118,3625.59,Y,OK
2025-08-17,S007,Nottingham Care & Education Centre,Midlands,TeleCare IT,IT & Telecoms,INV-2025-00952,37,267.0,9879.09,60,ERP,1975.8180000000002,9879.09,N,OK
2025-01-02,S002,Manchester Care & Education Centre,North,CleanWorks,Facilities,INV-2025-00953,80,90.43,7234.65,45,ERP,1446.93,7234.65,Y,OK
2025-10-06,S015,Brighton Care & Education Centre,South,LearnWell,Office & Training,INV-2025-00954,1,165.93,165.93,60,Procurement Portal,33.186,165.93,N,OK
2025-12-04,S019,Wrexham Care & Education Centre,Wales,PowerDirect,Utilities,INV-2025-00955,61,238.96,14576.29,45,Procurement Portal,2915.2580000000003,14576.29,N,OK
2025-11-04,S018,Newport Care & Education Centre,Wales,KitchenPro,Food & Catering,INV-2025-00956,1,120.17,120.17,30,Legacy Spend File,24.034000000000002,120.17,N,OK
2025-04-05,S019,Wrexham Care & Education Centre,Wales,UK Energy Partners,Utilities,INV-2025-00957,19,301.86,5735.32,30,Legacy Spend File,1147.064,5735.32,N,OK
2025-01-17,S018,Newport Care & Education Centre,Wales,MediSure,Medical Supplies,INV-2025-00958,74,154.27,11416.0,60,Procurement Portal,2283.2000000000003,11416.0,Y,OK
2025-02-25,S011,London Care & Education Centre,South,FreshServe,Food & Catering,INV-2025-00959,54,88.92,4801.79,30,ERP,960.3580000000001,4801.79,Y,OK
2025-12-05,S019,Wrexham Care & Education Centre,Wales,netserve,IT & Telecoms,INV-2025-00960,77,281.43,21669.75,60,Legacy Spend File,4333.95,21669.75,N,OK
2025-10-24,S008,Leicester Care & Education Centre,Midlands,PrintCo,Office & Training,INV-2025-00961,47,106.8,5019.74,30,ERP,1003.948,5019.74,N,OK
2025-07-14,S020,Bangor Care & Education Centre,Wales,RoadReady,Vehicle & Fuel,INV-2025-00962,9,197.34,1776.03,45,Legacy Spend File,355.206,1776.03,N,OK
2025-03-10,S014,Southampton Care & Education Centre,South,TeleCare IT,IT & Telecoms,INV-2025-00963,16,245.11,3921.79,60,Procurement Portal,784.3580000000001,3921.79,N,OK
2025-04-18,S002,Manchester Care & Education Centre,North,NurseLink,Agency Labour,INV-2025-00964,27,443.07,11962.97,60,ERP,2392.594,11962.97,N,OK
2025-12-19,S004,Newcastle Care & Education Centre,North,NourishCo,Food & Catering,INV-2025-00965,78,61.87,4825.85,60,Procurement Portal,965.1700000000001,4825.85,N,OK
2025-09-27,S005,Sheffield Care & Education Centre,North,RoadReady,Vehicle & Fuel,INV-2025-00966,74,209.76,15521.89,60,Procurement Portal,3104.378,15521.89,N,OK
2025-11-20,S012,Bristol Care & Education Centre,South,PrintCo,Office & Training,INV-2025-00967,64,51.7,3308.85,45,ERP,661.77,3308.85,N,OK
2025-05-29,S018,Newport Care & Education Centre,Wales,PowerDirect,Utilities,INV-2025-00968,25,673.16,16828.92,30,ERP,3365.7839999999997,16828.92,N,OK
2025-03-02,S008,Leicester Care & Education Centre,Midlands,PrintCo,Office & Training,INV-2025-00969,27,73.36,1980.76,60,Procurement Portal,396.15200000000004,1980.76,N,OK
2025-06-29,S020,Bangor Care & Education Centre,Wales,CareMed,Medical Supplies,INV-2025-00970,72,54.63,3933.29,60,ERP,786.658,3933.29,N,OK
2025-05-25,S014,Southampton Care & Education Centre,South,PowerDirect,Utilities,INV-2025-00971,33,268.25,8852.24,30,Procurement Portal,1770.448,8852.24,N,OK
2025-02-28,S004,Newcastle Care & Education Centre,North,FleetFuel,Vehicle & Fuel,INV-2025-00972,43,65.32,2808.76,45,Procurement Portal,561.7520000000001,2808.76,Y,OK
2025-04-10,S007,Nottingham Care & Education Centre,Midlands,MediSure,Medical Supplies,INV-2025-00973,43,190.54,8193.09,45,Legacy Spend File,1638.6180000000002,8193.09,Y,OK
2025-11-27,S007,Nottingham Care & Education Centre,Midlands,OfficePlus,Office & Training,INV-2025-00974,18,52.38,942.86,45,ERP,188.572,942.86,N,OK
2025-06-21,S019,Wrexham Care & Education Centre,Wales,PrintCo,Office & Training,INV-2025-00975,60,58.68,3520.76,45,Legacy Spend File,704.152,3520.76,N,OK
2025-12-14,S007,Nottingham Care & Education Centre,Midlands,NetServe,IT & Telecoms,INV-2025-00976,41,77.82,3190.56,60,Legacy Spend File,638.1120000000001,3190.56,N,OK
2025-12-17,S010,Coventry Care & Education Centre,Midlands,PowerDirect,Utilities,INV-2025-00977,43,194.94,8382.43,45,ERP,1676.486,8382.43,N,OK
2025-06-23,S014,Southampton Care & Education Centre,South,CloudLink,IT & Telecoms,INV-2025-00978,49,58.0,2842.14,60,Legacy Spend File,568.428,2842.14,Y,OK
2025-11-01,S008,Leicester Care & Education Centre,Midlands,HealthStaffing,Agency Labour,INV-2025-00979,15,125.54,1883.12,45,Legacy Spend File,376.624,1883.12,N,OK
2025-07-31,S008,Leicester Care & Education Centre,Midlands,CareMed,Medical Supplies,INV-2025-00980,12,182.31,2187.74,45,ERP,437.548,2187.74,N,OK
2025-04-21,S009,Derby Care & Education Centre,Midlands,LearnWell,Office & Training,INV-2025-00981,68,115.55,7857.2,45,ERP,1571.44,7857.2,N,OK
2025-04-14,S005,Sheffield Care & Education Centre,North,FleetFuel,Vehicle & Fuel,INV-2025-00982,12,120.05,1440.56,45,Legacy Spend File,288.112,1440.56,Y,OK
2025-03-20,S018,Newport Care & Education Centre,Wales,PrintCo,Office & Training,INV-2025-00983,25,44.06,1101.61,45,Procurement Portal,220.322,1101.61,N,OK
2025-03-15,S011,London Care & Education Centre,South,TeleCare IT,IT & Telecoms,INV-2025-00984,13,214.3,2785.93,60,Legacy Spend File,557.186,2785.93,N,OK
2025-01-19,S003,Leeds Care & Education Centre,North,PowerDirect,Utilities,INV-2025-00985,59,249.51,14720.8,45,Legacy Spend File,2944.16,14720.8,N,OK
2025-06-09,S010,Coventry Care & Education Centre,Midlands,FreshServe,Food & Catering,INV-2025-00986,6,34.37,206.24,60,Legacy Spend File,41.248000000000005,206.24,Y,OK
2025-01-24,S006,Birmingham Care & Education Centre,Midlands,RoadReady,Vehicle & Fuel,INV-2025-00987,14,217.18,3040.58,60,Legacy Spend File,608.116,3040.58,N,OK
2025-10-23,S013,Reading Care & Education Centre,South,CloudLink,IT & Telecoms,INV-2025-00988,40,356.44,14257.76,60,ERP,2851.552,14257.76,Y,OK
2025-05-27,S005,Sheffield Care & Education Centre,North,UK Energy Partners,Utilities,INV-2025-00989,36,221.39,7970.08,60,Procurement Portal,1594.016,7970.08,N,OK
2025-03-18,S019,Wrexham Care & Education Centre,Wales,NourishCo,Food & Catering,INV-2025-00990,21,65.97,1385.33,45,ERP,277.066,1385.33,N,OK
2025-10-05,S007,Nottingham Care & Education Centre,Midlands,FreshServe,Food & Catering,INV-2025-00991,45,72.89,3280.2,60,Procurement Portal,656.04,3280.2,Y,OK
2025-05-26,S010,Coventry Care & Education Centre,Midlands,BuildCare,Facilities,INV-2025-00992,74,58.56,4333.23,30,ERP,866.646,4333.23,N,OK
2025-06-23,S009,Derby Care & Education Centre,Midlands,NetServe,IT & Telecoms,INV-2025-00993,70,192.04,13442.48,45,ERP,2688.496,13442.48,N,OK
2025-12-12,S012,Bristol Care & Education Centre,South,CareMed,Medical Supplies,INV-2025-00994,7,82.47,577.27,30,Procurement Portal,115.45400000000001,577.27,N,OK
2025-07-20,S007,Nottingham Care & Education Centre,Midlands,NourishCo,Food & Catering,INV-2025-00995,23,37.47,861.77,60,Legacy Spend File,172.354,861.77,N,OK
2025-07-02,S010,Coventry Care & Education Centre,Midlands,PrintCo,Office & Training,INV-2025-00996,40,64.26,2570.26,45,ERP,514.052,2570.26,N,OK
2025-10-18,S016,Cardiff Care & Education Centre,Wales,NourishCo,Food & Catering,INV-2025-00997,17,174.71,2970.03,30,Legacy Spend File,594.0060000000001,2970.03,N,OK
2025-06-08,S015,Brighton Care & Education Centre,South,NourishCo,Food & Catering,INV-2025-00998,60,92.47,5548.01,45,ERP,1109.602,5548.01,N,OK
2025-05-13,S012,Bristol Care & Education Centre,South,BuildCare,Facilities,INV-2025-00999,47,131.47,6179.27,45,ERP,1235.8540000000003,6179.27,N,OK
2025-08-21,S018,Newport Care & Education Centre,Wales,RoadReady,Vehicle & Fuel,INV-2025-01000,63,130.16,8200.35,30,ERP,1640.0700000000002,8200.35,N,OK
2025-09-03,S012,Bristol Care & Education Centre,South,NourishCo,Food & Catering,INV-2025-01001,60,140.34,8420.1,30,Procurement Portal,1684.0200000000002,8420.1,N,OK
2025-02-22,S019,Wrexham Care & Education Centre,Wales,BuildCare,Facilities,INV-2025-01002,52,299.32,15564.52,60,ERP,3112.9040000000005,15564.52,N,OK
2025-09-30,S009,Derby Care & Education Centre,Midlands,NourishCo,Food & Catering,INV-2025-01003,60,67.17,4030.03,45,Legacy Spend File,806.0060000000001,4030.03,N,OK
2025-05-05,S011,London Care & Education Centre,South,PowerDirect,Utilities,INV-2025-01004,71,175.15,12435.69,30,Procurement Portal,2487.1380000000004,12435.69,N,OK
2025-04-17,S012,Bristol Care & Education Centre,South,NourishCo,Food & Catering,INV-2025-01005,76,95.43,7252.8,45,Procurement Portal,1450.5600000000002,7252.8,N,OK
2025-12-22,S015,Brighton Care & Education Centre,South,AutoCare,Vehicle & Fuel,INV-2025-01006,31,117.95,3656.57,30,Legacy Spend File,731.3140000000001,3656.57,N,OK
2025-12-31,S001,Preston Care & Education Centre,North,KitchenPro,Food & Catering,INV-2025-01007,74,106.35,7869.96,45,ERP,1573.9920000000002,7869.96,N,OK
2025-10-12,S004,Newcastle Care & Education Centre,North,LearnWell,Office & Training,INV-2025-01008,13,106.36,1382.68,45,ERP,276.536,1382.68,N,OK
2025-11-03,S010,Coventry Care & Education Centre,Midlands,HealthStaffing,Agency Labour,INV-2025-01009,14,534.34,7480.79,60,Legacy Spend File,1496.1580000000001,7480.79,N,OK
2025-11-27,S008,Leicester Care & Education Centre,Midlands,RoadReady,Vehicle & Fuel,INV-2025-01010,8,70.77,566.2,30,ERP,113.24000000000001,566.2,N,OK
2025-12-05,S013,Reading Care & Education Centre,South,MediSure,Medical Supplies,INV-2025-01011,20,247.66,4953.21,45,Legacy Spend File,990.642,4953.21,Y,OK
2025-10-23,S020,Bangor Care & Education Centre,Wales,NurseLink,Agency Labour,INV-2025-01012,58,334.44,19397.61,30,ERP,3879.5220000000004,19397.61,N,OK
2025-10-19,S012,Bristol Care & Education Centre,South,RoadReady,Vehicle & Fuel,INV-2025-01013,39,297.46,11600.83,45,Legacy Spend File,2320.166,11600.83,N,OK
2025-01-05,S010,Coventry Care & Education Centre,Midlands,KitchenPro,Food & Catering,INV-2025-01014,79,44.49,3514.95,60,Procurement Portal,702.99,3514.95,N,OK
2025-07-09,S018,Newport Care & Education Centre,Wales,CloudLink,IT & Telecoms,INV-2025-01015,71,571.58,40582.31,30,ERP,8116.4619999999995,40582.31,Y,OK
2025-05-25,S017,Swansea Care & Education Centre,Wales,FleetFuel,Vehicle & Fuel,INV-2025-01016,4,105.92,423.7,30,Procurement Portal,84.74000000000001,423.7,Y,OK
2025-06-12,S005,Sheffield Care & Education Centre,North,NurseLink,Agency Labour,INV-2025-01017,49,209.66,10273.5,45,Procurement Portal,2054.7000000000003,10273.5,N,OK
2025-03-30,S013,Reading Care & Education Centre,South,PowerDirect,Utilities,INV-2025-01018,61,191.58,11686.59,30,ERP,2337.318,11686.59,N,OK
2025-08-02,S018,Newport Care & Education Centre,Wales,CareTemps,Agency Labour,INV-2025-01019,20,251.54,5030.75,45,Legacy Spend File,1006.1500000000001,5030.75,N,OK
2025-02-06,S003,Leeds Care & Education Centre,North,CleanWorks,Facilities,INV-2025-01020,3,227.29,681.88,30,Legacy Spend File,136.376,681.88,Y,OK
2025-02-13,S005,Sheffield Care & Education Centre,North,HealthStaffing,Agency Labour,INV-2025-01021,18,399.95,7199.12,60,Procurement Portal,1439.824,7199.12,N,OK
2025-04-03,S016,Cardiff Care & Education Centre,Wales,NurseLink,Agency Labour,INV-2025-01022,59,218.82,12910.35,60,Procurement Portal,2582.07,12910.35,N,OK
2025-07-01,S020,Bangor Care & Education Centre,Wales,LearnWell,Office & Training,INV-2025-01023,29,74.0,2146.06,30,Procurement Portal,429.212,2146.06,N,OK
2025-09-13,S003,Leeds Care & Education Centre,North,ClinEquip,Medical Supplies,INV-2025-01024,31,389.84,12085.09,60,Legacy Spend File,2417.018,12085.09,N,OK
2025-10-23,S007,Nottingham Care & Education Centre,Midlands,NurseLink,Agency Labour,INV-2025-01025,47,775.83,36463.93,30,ERP,7292.786,36463.93,N,OK
2025-07-08,S003,Leeds Care & Education Centre,North,PrintCo,Office & Training,INV-2025-01026,15,95.34,1430.12,60,Procurement Portal,286.024,1430.12,N,OK
2025-09-27,S012,Bristol Care & Education Centre,South,FreshServe,Food & Catering,INV-2025-01027,36,66.37,2389.43,45,Legacy Spend File,477.88599999999997,2389.43,Y,OK
2025-08-30,S011,London Care & Education Centre,South,FreshServe,Food & Catering,INV-2025-01028,10,69.44,694.36,60,Legacy Spend File,138.872,694.36,Y,OK
2025-01-28,S015,Brighton Care & Education Centre,South,NetServe,IT & Telecoms,INV-2025-01029,44,308.3,13565.05,60,ERP,2713.01,13565.05,N,OK
2025-08-29,S018,Newport Care & Education Centre,Wales,PrintCo,Office & Training,INV-2025-01030,74,42.73,3162.18,60,Procurement Portal,632.436,3162.18,N,OK
2025-05-29,S015,Brighton Care & Education Centre,South,RoadReady,Vehicle & Fuel,INV-2025-01031,22,82.46,1814.13,30,Legacy Spend File,362.826,1814.13,N,OK
2025-10-16,S009,Derby Care & Education Centre,Midlands,NetServe,IT & Telecoms,INV-2025-01032,34,87.87,2987.72,30,Legacy Spend File,597.544,2987.72,N,OK
2025-01-27,S019,Wrexham Care & Education Centre,Wales,BuildCare,Facilities,INV-2025-01033,38,224.2,8519.52,60,Legacy Spend File,1703.9040000000002,8519.52,N,OK
2025-02-12,S001,Preston Care & Education Centre,North,TeleCare IT,IT & Telecoms,INV-2025-01034,17,314.06,5339.03,60,ERP,1067.806,5339.03,N,OK
2025-11-12,S017,Swansea Care & Education Centre,Wales,CloudLink,IT & Telecoms,INV-2025-01035,36,168.66,6071.7,45,Procurement Portal,1214.34,6071.7,Y,OK
2025-03-31,S017,Swansea Care & Education Centre,Wales,KitchenPro,Food & Catering,INV-2025-01036,76,154.48,11740.66,60,ERP,2348.132,11740.66,N,OK
2025-03-31,S001,Preston Care & Education Centre,North,LearnWell,Office & Training,INV-2025-01037,34,38.22,1299.43,60,ERP,259.886,1299.43,N,OK
2025-01-17,S005,Sheffield Care & Education Centre,North,BuildCare,Facilities,INV-2025-01038,44,80.44,3539.5,30,ERP,707.9000000000001,3539.5,N,OK
2025-07-31,S015,Brighton Care & Education Centre,South,SafeGuard FM,Facilities,INV-2025-01039,50,203.65,10182.53,30,Legacy Spend File,2036.5060000000003,10182.53,N,OK
2025-10-23,S017,Swansea Care & Education Centre,Wales,CleanWorks,Facilities,INV-2025-01040,45,320.17,14407.78,30,Legacy Spend File,2881.5560000000005,14407.78,Y,OK
2025-03-27,S001,Preston Care & Education Centre,North,FreshServe,Food & Catering,INV-2025-01041,60,164.11,9846.7,45,Procurement Portal,1969.3400000000001,9846.7,Y,OK
2025-09-30,S015,Brighton Care & Education Centre,South,PrintCo,Office & Training,INV-2025-01042,30,58.27,1748.13,45,Legacy Spend File,349.62600000000003,1748.13,N,OK
2025-05-15,S020,Bangor Care & Education Centre,Wales,CareTemps,Agency Labour,INV-2025-01043,19,542.97,10316.46,60,Procurement Portal,2063.292,10316.46,N,OK
2025-07-15,S012,Bristol Care & Education Centre,South,TeleCare IT,IT & Telecoms,INV-2025-01044,41,215.39,8830.97,60,Legacy Spend File,1766.194,8830.97,N,OK
2025-11-23,S003,Leeds Care & Education Centre,North,KitchenPro,Food & Catering,INV-2025-01045,46,59.11,2719.17,45,Legacy Spend File,543.8340000000001,2719.17,N,OK
2025-05-19,S017,Swansea Care & Education Centre,Wales,TeleCare IT,IT & Telecoms,INV-2025-01046,35,357.68,12518.82,30,Procurement Portal,2503.764,12518.82,N,OK
2025-12-12,S013,Reading Care & Education Centre,South,CareTemps,Agency Labour,INV-2025-01047,31,429.47,13313.68,60,Legacy Spend File,2662.7360000000003,13313.68,N,OK
2025-06-22,S014,Southampton Care & Education Centre,South,PowerDirect,Utilities,INV-2025-01048,24,105.05,2521.22,45,Legacy Spend File,504.24399999999997,2521.22,N,OK
2025-01-07,S015,Brighton Care & Education Centre,South,MediSure,Medical Supplies,INV-2025-01049,53,270.32,14326.71,30,Legacy Spend File,2865.342,14326.71,Y,OK
2025-04-23,S007,Nottingham Care & Education Centre,Midlands,LearnWell,Office & Training,INV-2025-01050,37,160.22,5928.08,45,ERP,1185.616,5928.08,N,OK
2025-02-17,S014,Southampton Care & Education Centre,South,ClinEquip,Medical Supplies,INV-2025-01051,8,85.07,680.53,60,Legacy Spend File,136.106,680.53,N,OK
2025-03-03,S011,London Care & Education Centre,South,KitchenPro,Food & Catering,INV-2025-01052,12,80.81,969.7,60,ERP,193.94000000000003,969.7,N,OK
2025-12-23,S005,Sheffield Care & Education Centre,North,CleanWorks,Facilities,INV-2025-01053,24,236.2,5668.77,45,Procurement Portal,1133.7540000000001,5668.77,Y,OK
2025-08-21,S002,Manchester Care & Education Centre,North,KitchenPro,Food & Catering,INV-2025-01054,36,75.02,2700.73,45,Legacy Spend File,540.1460000000001,2700.73,N,OK
2025-03-24,S001,Preston Care & Education Centre,North,RoadReady,Vehicle & Fuel,INV-2025-01055,10,70.19,701.9,45,ERP,140.38,701.9,N,OK
2025-01-31,S018,Newport Care & Education Centre,Wales,CareTemps,Agency Labour,INV-2025-01056,34,207.35,7049.77,45,ERP,1409.9540000000002,7049.77,N,OK
2025-04-13,S007,Nottingham Care & Education Centre,Midlands,NourishCo,Food & Catering,INV-2025-01057,79,64.09,5063.33,45,ERP,1012.666,5063.33,N,OK
2025-03-15,S014,Southampton Care & Education Centre,South,OfficePlus,Office & Training,INV-2025-01058,70,142.95,10006.44,45,ERP,2001.2880000000002,10006.44,N,OK
2025-05-13,S017,Swansea Care & Education Centre,Wales,NourishCo,Food & Catering,INV-2025-01059,14,87.65,1227.12,30,ERP,245.42399999999998,1227.12,N,OK
2025-01-10,S019,Wrexham Care & Education Centre,Wales,TeleCare IT,IT & Telecoms,INV-2025-01060,64,179.43,11483.57,30,Legacy Spend File,2296.714,11483.57,N,OK
2025-12-07,S016,Cardiff Care & Education Centre,Wales,MediSure,Medical Supplies,INV-2025-01061,50,183.45,9172.35,45,ERP,1834.4700000000003,9172.35,Y,OK
2025-10-22,S004,Newcastle Care & Education Centre,North,RoadReady,Vehicle & Fuel,INV-2025-01062,1,19.83,19.83,60,Legacy Spend File,3.9659999999999997,19.83,N,OK
2025-07-26,S002,Manchester Care & Education Centre,North,LearnWell,Office & Training,INV-2025-01063,9,141.08,1269.7,60,ERP,253.94000000000003,1269.7,N,OK
2025-09-04,S016,Cardiff Care & Education Centre,Wales,NurseLink,Agency Labour,INV-2025-01064,16,115.23,1843.7,60,Legacy Spend File,368.74,1843.7,N,OK
2025-06-05,S016,Cardiff Care & Education Centre,Wales,AutoCare,Vehicle & Fuel,INV-2025-01065,52,77.83,4047.19,30,Legacy Spend File,809.4380000000001,4047.19,N,OK
2025-10-01,S008,Leicester Care & Education Centre,Midlands,NourishCo,Food & Catering,INV-2025-01066,44,35.11,1544.97,30,Procurement Portal,308.994,1544.97,N,OK
2025-04-14,S002,Manchester Care & Education Centre,North,NetServe,IT & Telecoms,INV-2025-01067,23,107.94,2482.56,60,ERP,496.512,2482.56,N,OK
2025-12-23,S020,Bangor Care & Education Centre,Wales,WaterGrid,Utilities,INV-2025-01068,50,473.39,23669.41,30,Legacy Spend File,4733.8820000000005,23669.41,N,OK
2025-02-13,S015,Brighton Care & Education Centre,South,RoadReady,Vehicle & Fuel,INV-2025-01069,57,73.45,4186.8,60,ERP,837.3600000000001,4186.8,N,OK
2025-01-13,S016,Cardiff Care & Education Centre,Wales,MediSure,Medical Supplies,INV-2025-01070,76,145.19,11034.72,30,Procurement Portal,2206.944,11034.72,Y,OK
2025-11-26,S016,Cardiff Care & Education Centre,Wales,KitchenPro,Food & Catering,INV-2025-01071,40,63.34,2533.76,45,Legacy Spend File,506.75200000000007,2533.76,N,OK
2025-06-23,S010,Coventry Care & Education Centre,Midlands,MediSure,Medical Supplies,INV-2025-01072,8,156.0,1248.01,45,Legacy Spend File,249.602,1248.01,Y,OK
2025-04-19,S001,Preston Care & Education Centre,North,HealthStaffing,Agency Labour,INV-2025-01073,67,312.95,20967.46,45,Legacy Spend File,4193.492,20967.46,N,OK
2025-10-24,S002,Manchester Care & Education Centre,North,BuildCare,Facilities,INV-2025-01074,30,88.88,2666.46,30,ERP,533.292,2666.46,N,OK
2025-12-01,S001,Preston Care & Education Centre,North,SafeGuard FM,Facilities,INV-2025-01075,3,311.35,934.04,45,Legacy Spend File,186.808,934.04,N,OK
2025-11-29,S009,Derby Care & Education Centre,Midlands,PowerDirect,Utilities,INV-2025-01076,17,190.55,3239.29,30,ERP,647.8580000000001,3239.29,N,OK
2025-02-19,S003,Leeds Care & Education Centre,North,CareMed,Medical Supplies,INV-2025-01077,59,50.98,3007.63,60,ERP,601.5260000000001,3007.63,N,OK
2025-02-28,S016,Cardiff Care & Education Centre,Wales,FreshServe,Food & Catering,INV-2025-01078,64,51.36,3287.25,60,Legacy Spend File,657.45,3287.25,Y,OK
2025-08-07,S007,Nottingham Care & Education Centre,Midlands,FreshServe,Food & Catering,INV-2025-01079,44,148.38,6528.91,60,Legacy Spend File,1305.7820000000002,6528.91,Y,OK
2025-12-17,S019,Wrexham Care & Education Centre,Wales,FleetFuel,Vehicle & Fuel,INV-2025-01080,74,151.64,11221.24,60,ERP,2244.248,11221.24,Y,OK
2025-10-31,S009,Derby Care & Education Centre,Midlands,UK Energy Partners,Utilities,INV-2025-01081,23,206.38,4746.66,45,ERP,949.332,4746.66,N,OK
2025-08-01,S006,Birmingham Care & Education Centre,Midlands,CloudLink,IT & Telecoms,INV-2025-01082,22,181.55,3994.12,60,Procurement Portal,798.8240000000001,3994.12,Y,OK
2025-05-05,S002,Manchester Care & Education Centre,North,SafeGuard FM,Facilities,INV-2025-01083,75,150.82,11311.17,30,ERP,2262.234,11311.17,N,OK
2025-01-09,S005,Sheffield Care & Education Centre,North,HealthStaffing,Agency Labour,INV-2025-01084,63,940.11,59226.75,30,ERP,11845.35,59226.75,N,OK
2025-12-28,S006,Birmingham Care & Education Centre,Midlands,CleanWorks,Facilities,INV-2025-01085,76,222.08,16877.8,45,Procurement Portal,3375.56,16877.8,Y,OK
2025-03-06,S015,Brighton Care & Education Centre,South,PrintCo,Office & Training,INV-2025-01086,27,95.01,2565.34,30,Legacy Spend File,513.0680000000001,2565.34,N,OK
2025-05-03,S018,Newport Care & Education Centre,Wales,LearnWell,Office & Training,INV-2025-01087,23,132.18,3040.08,60,Legacy Spend File,608.016,3040.08,N,OK
2025-09-13,S004,Newcastle Care & Education Centre,North,BuildCare,Facilities,INV-2025-01088,79,205.26,16215.76,30,Legacy Spend File,3243.152,16215.76,N,OK
2025-01-03,S020,Bangor Care & Education Centre,Wales,RoadReady,Vehicle & Fuel,INV-2025-01089,72,82.39,5931.72,30,ERP,1186.344,5931.72,N,OK
2025-07-05,S007,Nottingham Care & Education Centre,Midlands,KitchenPro,Food & Catering,INV-2025-01090,70,58.35,4084.24,60,ERP,816.848,4084.24,N,OK
2025-01-28,S001,Preston Care & Education Centre,North,WaterGrid,Utilities,INV-2025-01091,25,240.35,6008.65,30,ERP,1201.73,6008.65,N,OK
2025-04-01,S008,Leicester Care & Education Centre,Midlands,LearnWell,Office & Training,INV-2025-01092,21,73.48,1543.08,60,ERP,308.616,1543.08,N,OK
2025-04-18,S007,Nottingham Care & Education Centre,Midlands,RoadReady,Vehicle & Fuel,INV-2025-01093,56,141.75,7938.07,45,Procurement Portal,1587.614,7938.07,N,OK
2025-02-23,S011,London Care & Education Centre,South,OfficePlus,Office & Training,INV-2025-01094,7,77.17,540.22,60,ERP,108.04400000000001,540.22,N,OK
2025-09-21,S013,Reading Care & Education Centre,South,CareMed,Medical Supplies,INV-2025-01095,15,179.55,2693.22,30,ERP,538.644,2693.22,N,OK
2025-10-24,S011,London Care & Education Centre,South,PrintCo,Office & Training,INV-2025-01096,42,71.74,3013.22,45,ERP,602.644,3013.22,N,OK
2025-02-26,S002,Manchester Care & Education Centre,North,fleetfuel,Vehicle & Fuel,INV-2025-01097,42,99.2,4166.35,30,ERP,833.2700000000001,4166.35,Y,OK
2025-07-12,S015,Brighton Care & Education Centre,South,HealthStaffing,Agency Labour,INV-2025-01098,29,99.96,2898.85,30,Procurement Portal,579.77,2898.85,N,OK
2025-08-12,S018,Newport Care & Education Centre,Wales,OfficePlus,Office & Training,INV-2025-01099,19,124.15,2358.8,30,Legacy Spend File,471.76000000000005,2358.8,N,OK
2025-07-11,S001,Preston Care & Education Centre,North,SafeGuard FM,Facilities,INV-2025-01100,18,217.79,3920.2,45,Legacy Spend File,784.04,3920.2,N,OK
2025-04-14,S020,Bangor Care & Education Centre,Wales,RoadReady,Vehicle & Fuel,INV-2025-01101,43,164.48,,30,ERP,0.0,0.0,N,Missing spend
2025-03-11,S006,Birmingham Care & Education Centre,Midlands,CareMed,Medical Supplies,INV-2025-01102,15,24.4,365.99,45,Procurement Portal,73.19800000000001,365.99,N,OK
2025-04-23,S016,Cardiff Care & Education Centre,Wales,SafeGuard FM,Facilities,INV-2025-01103,38,567.68,21571.95,60,ERP,4314.39,21571.95,N,OK
2025-10-11,S012,Bristol Care & Education Centre,South,BuildCare,Facilities,INV-2025-01104,30,166.7,5000.93,30,Procurement Portal,1000.1860000000001,5000.93,N,OK
2025-10-30,S015,Brighton Care & Education Centre,South,OfficePlus,Office & Training,INV-2025-01105,61,137.96,8415.77,45,Procurement Portal,1683.1540000000002,8415.77,N,OK
2025-05-07,S004,Newcastle Care & Education Centre,North,NurseLink,Agency Labour,INV-2025-01106,32,169.33,5418.48,45,Procurement Portal,1083.696,5418.48,N,OK
2025-03-18,S003,Leeds Care & Education Centre,North,PowerDirect,Utilities,INV-2025-01107,74,350.19,25914.34,30,Procurement Portal,5182.868,25914.34,N,OK
2025-09-16,S009,Derby Care & Education Centre,Midlands,CareMed,Medical Supplies,INV-2025-01108,5,67.23,336.15,45,Legacy Spend File,67.23,336.15,N,OK
2025-02-20,S001,Preston Care & Education Centre,North,PrintCo,Office & Training,INV-2025-01109,58,53.22,3086.7,45,ERP,617.34,3086.7,N,OK
2025-07-28,S007,Nottingham Care & Education Centre,Midlands,ClinEquip,Medical Supplies,INV-2025-01110,28,343.85,9627.83,30,Procurement Portal,1925.566,9627.83,N,OK
2025-02-16,S002,Manchester Care & Education Centre,North,PowerDirect,Utilities,INV-2025-01111,3,225.11,675.33,45,Legacy Spend File,135.066,675.33,N,OK
2025-08-24,S003,Leeds Care & Education Centre,North,BuildCare,Facilities,INV-2025-01112,74,202.87,15012.07,60,Legacy Spend File,3002.414,15012.07,N,OK
2025-03-12,S003,Leeds Care & Education Centre,North,LearnWell,Office & Training,INV-2025-01113,52,121.03,6293.48,30,Procurement Portal,1258.696,6293.48,N,OK
2025-11-21,S001,Preston Care & Education Centre,North,PrintCo,Office & Training,INV-2025-01114,1,98.51,98.51,60,ERP,19.702,98.51,N,OK
2025-01-17,S018,Newport Care & Education Centre,Wales,AutoCare,Vehicle & Fuel,INV-2025-01115,38,103.19,3921.36,45,Procurement Portal,784.272,3921.36,N,OK
2025-02-11,S014,Southampton Care & Education Centre,South,PowerDirect,Utilities,INV-2025-01116,80,305.57,24445.86,45,Legacy Spend File,4889.1720000000005,24445.86,N,OK
2025-02-26,S007,Nottingham Care & Education Centre,Midlands,FleetFuel,Vehicle & Fuel,INV-2025-01117,50,356.29,17814.69,45,Procurement Portal,3562.938,17814.69,Y,OK
2025-07-07,S016,Cardiff Care & Education Centre,Wales,CareMed,Medical Supplies,INV-2025-01118,23,116.26,2673.91,60,Legacy Spend File,534.782,2673.91,N,OK
2025-12-30,S006,Birmingham Care & Education Centre,Midlands,KitchenPro,Food & Catering,INV-2025-01119,27,72.6,1960.25,30,Procurement Portal,392.05,1960.25,N,OK
2025-09-02,S010,Coventry Care & Education Centre,Midlands,KitchenPro,Food & Catering,INV-2025-01120,75,115.84,8688.32,60,ERP,1737.664,8688.32,N,OK
2025-06-30,S002,Manchester Care & Education Centre,North,WaterGrid,Utilities,INV-2025-01121,35,459.21,16072.23,60,Legacy Spend File,3214.446,16072.23,N,OK
2025-02-02,S003,Leeds Care & Education Centre,North,CloudLink,IT & Telecoms,INV-2025-01122,48,422.63,20286.18,45,Procurement Portal,4057.2360000000003,20286.18,Y,OK
2025-12-30,S013,Reading Care & Education Centre,South,NourishCo,Food & Catering,INV-2025-01123,69,92.36,6372.81,60,Legacy Spend File,1274.5620000000001,6372.81,N,OK
2025-07-08,S010,Coventry Care & Education Centre,Midlands,PrintCo,Office & Training,INV-2025-01124,9,40.0,359.98,30,Procurement Portal,71.99600000000001,359.98,N,OK
2025-04-02,S006,Birmingham Care & Education Centre,Midlands,NourishCo,Food & Catering,INV-2025-01125,37,159.62,5905.81,30,ERP,1181.162,5905.81,N,OK
2025-12-23,S007,Nottingham Care & Education Centre,Midlands,CloudLink,IT & Telecoms,INV-2025-01126,19,117.11,2225.14,45,ERP,445.028,2225.14,Y,OK
2025-08-02,S010,Coventry Care & Education Centre,Midlands,CareMed,Medical Supplies,INV-2025-01127,70,141.73,9921.27,30,Procurement Portal,1984.2540000000001,9921.27,N,OK
2025-11-27,S008,Leicester Care & Education Centre,Midlands,CareTemps,Agency Labour,INV-2025-01128,3,198.13,594.39,45,ERP,118.878,594.39,N,OK
2025-09-24,S015,Brighton Care & Education Centre,South,MediSure,Medical Supplies,INV-2025-01129,43,115.84,4981.15,45,Legacy Spend File,996.23,4981.15,Y,OK
2025-10-31,S013,Reading Care & Education Centre,South,RoadReady,Vehicle & Fuel,INV-2025-01130,68,113.83,7740.36,60,Procurement Portal,1548.0720000000001,7740.36,N,OK
2025-03-09,S018,Newport Care & Education Centre,Wales,NetServe,IT & Telecoms,INV-2025-01131,40,262.53,10501.29,30,Procurement Portal,2100.2580000000003,10501.29,N,OK
2025-05-28,S002,Manchester Care & Education Centre,North,LearnWell,Office & Training,INV-2025-01132,7,94.59,662.13,30,Procurement Portal,132.42600000000002,662.13,N,OK
2025-11-13,S011,London Care & Education Centre,South,OfficePlus,Office & Training,INV-2025-01133,21,182.19,3825.91,60,Legacy Spend File,765.182,3825.91,N,OK
2025-12-29,S006,Birmingham Care & Education Centre,Midlands,CleanWorks,Facilities,INV-2025-01134,20,231.0,4619.92,30,ERP,923.984,4619.92,Y,OK
2025-10-22,S004,Newcastle Care & Education Centre,North,CareMed,Medical Supplies,INV-2025-01135,17,104.92,1783.65,45,Procurement Portal,356.73,1783.65,N,OK
2025-10-15,S007,Nottingham Care & Education Centre,Midlands,CleanWorks,Facilities,INV-2025-01136,5,305.88,1529.42,60,Procurement Portal,305.884,1529.42,Y,OK
2025-08-18,S009,Derby Care & Education Centre,Midlands,SafeGuard FM,Facilities,INV-2025-01137,70,346.25,24237.61,30,Legacy Spend File,4847.522,24237.61,N,OK
2025-07-27,S017,Swansea Care & Education Centre,Wales,FreshServe,Food & Catering,INV-2025-01138,64,33.09,2117.7,30,Procurement Portal,423.53999999999996,2117.7,Y,OK
2025-10-07,S013,Reading Care & Education Centre,South,CleanWorks,Facilities,INV-2025-01139,65,250.02,16251.07,45,Legacy Spend File,3250.214,16251.07,Y,OK
2025-05-29,S008,Leicester Care & Education Centre,Midlands,TeleCare IT,IT & Telecoms,INV-2025-01140,74,323.52,23940.76,60,ERP,4788.152,23940.76,N,OK
2025-12-19,S005,Sheffield Care & Education Centre,North,LearnWell,Office & Training,INV-2025-01141,15,63.68,955.16,60,Procurement Portal,191.032,955.16,N,OK
2025-10-10,S006,Birmingham Care & Education Centre,Midlands,BuildCare,Facilities,INV-2025-01142,15,383.6,5753.97,45,ERP,1150.794,5753.97,N,OK
2025-07-02,S016,Cardiff Care & Education Centre,Wales,WaterGrid,Utilities,INV-2025-01143,12,230.2,2762.35,45,ERP,552.47,2762.35,N,OK
2025-09-27,S018,Newport Care & Education Centre,Wales,PowerDirect,Utilities,INV-2025-01144,29,267.88,7768.43,45,ERP,1553.6860000000001,7768.43,N,OK
2025-08-17,S002,Manchester Care & Education Centre,North,KitchenPro,Food & Catering,INV-2025-01145,12,59.1,709.18,60,Procurement Portal,141.83599999999998,709.18,N,OK
2025-11-05,S003,Leeds Care & Education Centre,North,LearnWell,Office & Training,INV-2025-01146,78,75.65,5900.34,60,ERP,1180.068,5900.34,N,OK
2025-03-17,S006,Birmingham Care & Education Centre,Midlands,RoadReady,Vehicle & Fuel,INV-2025-01147,55,51.98,2859.09,45,Procurement Portal,571.8180000000001,2859.09,N,OK
2025-06-26,S020,Bangor Care & Education Centre,Wales,CareMed,Medical Supplies,INV-2025-01148,45,54.35,2445.8,45,Procurement Portal,489.1600000000001,2445.8,N,OK
2025-08-16,S017,Swansea Care & Education Centre,Wales,FreshServe,Food & Catering,INV-2025-01149,54,156.24,8436.72,45,Procurement Portal,1687.344,8436.72,Y,OK
2025-08-01,S019,Wrexham Care & Education Centre,Wales,NurseLink,Agency Labour,INV-2025-01150,18,188.28,3389.12,60,Legacy Spend File,677.8240000000001,3389.12,N,OK
2025-06-05,S001,Preston Care & Education Centre,North,CleanWorks,Facilities,INV-2025-01151,61,104.34,6364.97,60,Procurement Portal,1272.9940000000001,6364.97,Y,OK
2025-01-04,S019,Wrexham Care & Education Centre,Wales,HealthStaffing,Agency Labour,INV-2025-01152,53,91.78,4864.45,60,Procurement Portal,972.89,4864.45,N,OK
2025-08-25,S013,Reading Care & Education Centre,South,BuildCare,Facilities,INV-2025-01153,73,126.66,9246.38,30,ERP,1849.2759999999998,9246.38,N,OK
2025-10-11,S018,Newport Care & Education Centre,Wales,CareTemps,Agency Labour,INV-2025-01154,63,144.91,9129.06,30,Procurement Portal,1825.812,9129.06,N,OK
2025-10-14,S014,Southampton Care & Education Centre,South,TeleCare IT,IT & Telecoms,INV-2025-01155,60,542.8,32567.84,30,ERP,6513.568,32567.84,N,OK
2025-06-03,S001,Preston Care & Education Centre,North,SafeGuard FM,Facilities,INV-2025-01156,61,313.67,19134.15,30,Legacy Spend File,3826.8300000000004,19134.15,N,OK
2025-04-02,S006,Birmingham Care & Education Centre,Midlands,TeleCare IT,IT & Telecoms,INV-2025-01157,63,150.68,9492.71,60,Legacy Spend File,1898.542,9492.71,N,OK
2025-05-22,S008,Leicester Care & Education Centre,Midlands,MediSure,Medical Supplies,INV-2025-01158,64,414.19,26508.34,30,Legacy Spend File,5301.668000000001,26508.34,Y,OK
2025-09-04,S016,Cardiff Care & Education Centre,Wales,AutoCare,Vehicle & Fuel,INV-2025-01159,73,163.02,11900.16,45,Procurement Portal,2380.032,11900.16,N,OK
2025-03-03,S009,Derby Care & Education Centre,Midlands,PrintCo,Office & Training,INV-2025-01160,48,62.73,3011.01,60,Legacy Spend File,602.2020000000001,3011.01,N,OK
2025-03-25,S015,Brighton Care & Education Centre,South,CareMed,Medical Supplies,INV-2025-01161,75,30.35,2276.3,30,ERP,455.26000000000005,2276.3,N,OK
2025-03-11,S006,Birmingham Care & Education Centre,Midlands,PrintCo,Office & Training,INV-2025-01162,46,264.41,12162.93,30,ERP,2432.5860000000002,12162.93,N,OK
2025-11-22,S001,Preston Care & Education Centre,North,RoadReady,Vehicle & Fuel,INV-2025-01163,46,44.24,2035.0,30,Procurement Portal,407.0,2035.0,N,OK
2025-04-10,S014,Southampton Care & Education Centre,South,KitchenPro,Food & Catering,INV-2025-01164,24,26.3,631.1,30,Legacy Spend File,126.22000000000001,631.1,N,OK
2025-06-15,S016,Cardiff Care & Education Centre,Wales,BuildCare,Facilities,INV-2025-01165,41,315.88,12951.19,60,Procurement Portal,2590.2380000000003,12951.19,N,OK
2025-10-01,S019,Wrexham Care & Education Centre,Wales,FleetFuel,Vehicle & Fuel,INV-2025-01166,75,363.49,27261.45,45,ERP,5452.290000000001,27261.45,Y,OK
2025-05-25,S012,Bristol Care & Education Centre,South,BuildCare,Facilities,INV-2025-01167,48,385.41,18499.67,45,Procurement Portal,3699.9339999999997,18499.67,N,OK
2025-04-22,S007,Nottingham Care & Education Centre,Midlands,CleanWorks,Facilities,INV-2025-01168,20,245.45,4909.07,60,ERP,981.814,4909.07,Y,OK
2025-08-24,S005,Sheffield Care & Education Centre,North,NourishCo,Food & Catering,INV-2025-01169,10,90.15,901.52,30,ERP,180.304,901.52,N,OK
2025-06-09,S006,Birmingham Care & Education Centre,Midlands,LearnWell,Office & Training,INV-2025-01170,47,119.93,5636.48,30,Procurement Portal,1127.296,5636.48,N,OK
2025-12-30,S014,Southampton Care & Education Centre,South,FleetFuel,Vehicle & Fuel,INV-2025-01171,39,144.21,5624.29,30,Legacy Spend File,1124.858,5624.29,Y,OK
2025-12-22,S003,Leeds Care & Education Centre,North,UK Energy Partners,Utilities,INV-2025-01172,19,291.81,5544.46,60,ERP,1108.892,5544.46,N,OK
2025-03-08,S017,Swansea Care & Education Centre,Wales,CleanWorks,Facilities,INV-2025-01173,11,190.62,2096.79,45,Legacy Spend File,419.358,2096.79,Y,OK
2025-09-05,S013,Reading Care & Education Centre,South,FreshServe,Food & Catering,INV-2025-01174,56,62.8,3516.82,30,ERP,703.364,3516.82,Y,OK
2025-09-20,S003,Leeds Care & Education Centre,North,ClinEquip,Medical Supplies,INV-2025-01175,76,79.27,6024.23,30,Procurement Portal,1204.846,6024.23,N,OK
2025-02-03,S007,Nottingham Care & Education Centre,Midlands,CloudLink,IT & Telecoms,INV-2025-01176,39,188.53,7352.66,60,ERP,1470.5320000000002,7352.66,Y,OK
2025-11-05,S007,Nottingham Care & Education Centre,Midlands,FreshServe,Food & Catering,INV-2025-01177,27,25.62,691.66,60,ERP,138.332,691.66,Y,OK
2025-02-16,S006,Birmingham Care & Education Centre,Midlands,FleetFuel,Vehicle & Fuel,INV-2025-01178,19,90.0,1709.97,60,Procurement Portal,341.994,1709.97,Y,OK
2025-03-24,S020,Bangor Care & Education Centre,Wales,RoadReady,Vehicle & Fuel,INV-2025-01179,65,55.16,3585.09,60,Legacy Spend File,717.018,3585.09,N,OK
2025-10-24,S006,Birmingham Care & Education Centre,Midlands,FreshServe,Food & Catering,INV-2025-01180,2,35.42,70.85,60,ERP,14.17,70.85,Y,OK
2025-03-29,S011,London Care & Education Centre,South,WaterGrid,Utilities,INV-2025-01181,69,276.0,19044.03,30,Legacy Spend File,3808.806,19044.03,N,OK
2025-12-29,S017,Swansea Care & Education Centre,Wales,PowerDirect,Utilities,INV-2025-01182,61,537.57,32791.87,45,Legacy Spend File,6558.374000000001,32791.87,N,OK
2025-12-11,S018,Newport Care & Education Centre,Wales,SafeGuard FM,Facilities,INV-2025-01183,14,298.28,4175.91,30,Procurement Portal,835.182,4175.91,N,OK
2025-09-21,S006,Birmingham Care & Education Centre,Midlands,HealthStaffing,Agency Labour,INV-2025-01184,30,126.47,3794.11,45,ERP,758.8220000000001,3794.11,N,OK
2025-08-27,S008,Leicester Care & Education Centre,Midlands,FleetFuel,Vehicle & Fuel,INV-2025-01185,15,55.12,826.86,60,ERP,165.372,826.86,Y,OK
2025-05-28,S002,Manchester Care & Education Centre,North,AutoCare,Vehicle & Fuel,INV-2025-01186,72,159.38,11475.47,60,ERP,2295.094,11475.47,N,OK
2025-03-01,S016,Cardiff Care & Education Centre,Wales,RoadReady,Vehicle & Fuel,INV-2025-01187,50,55.34,2767.04,45,Procurement Portal,553.408,2767.04,N,OK
2025-08-16,S014,Southampton Care & Education Centre,South,NetServe,IT & Telecoms,INV-2025-01188,29,194.43,5638.51,60,Procurement Portal,1127.702,5638.51,N,OK
2025-02-05,S010,Coventry Care & Education Centre,Midlands,HealthStaffing,Agency Labour,INV-2025-01189,61,405.98,24764.96,60,Procurement Portal,4952.992,24764.96,N,OK
2025-09-09,S019,Wrexham Care & Education Centre,Wales,ClinEquip,Medical Supplies,INV-2025-01190,14,70.45,986.3,45,Procurement Portal,197.26,986.3,N,OK
2025-03-15,S017,Swansea Care & Education Centre,Wales,FreshServe,Food & Catering,INV-2025-01191,51,68.88,3512.8,45,Legacy Spend File,702.5600000000001,3512.8,Y,OK
2025-03-28,S019,Wrexham Care & Education Centre,Wales,KitchenPro,Food & Catering,INV-2025-01192,9,31.21,280.87,45,ERP,56.17400000000001,280.87,N,OK
2025-07-26,S011,London Care & Education Centre,South,PowerDirect,Utilities,INV-2025-01193,16,179.6,2873.53,30,Procurement Portal,574.706,2873.53,N,OK
2025-10-25,S016,Cardiff Care & Education Centre,Wales,LearnWell,Office & Training,INV-2025-01194,76,89.42,6796.08,45,Legacy Spend File,1359.2160000000001,6796.08,N,OK
2025-12-08,S008,Leicester Care & Education Centre,Midlands,RoadReady,Vehicle & Fuel,INV-2025-01195,78,39.56,3085.41,45,Procurement Portal,617.082,3085.41,N,OK
2025-08-21,S001,Preston Care & Education Centre,North,CloudLink,IT & Telecoms,INV-2025-01196,14,280.31,3924.31,30,Procurement Portal,784.8620000000001,3924.31,Y,OK
2025-11-18,S017,Swansea Care & Education Centre,Wales,OfficePlus,Office & Training,INV-2025-01197,18,74.19,1335.5,30,ERP,267.1,1335.5,N,OK
2025-09-13,S003,Leeds Care & Education Centre,North,MediSure,Medical Supplies,INV-2025-01198,4,162.61,650.44,30,Procurement Portal,130.08800000000002,650.44,Y,OK
2025-06-05,S019,Wrexham Care & Education Centre,Wales,FleetFuel,Vehicle & Fuel,INV-2025-01199,80,107.45,8596.03,60,ERP,1719.2060000000001,8596.03,Y,OK
2025-09-24,S020,Bangor Care & Education Centre,Wales,KitchenPro,Food & Catering,INV-2025-01200,64,137.64,8809.16,45,ERP,1761.832,8809.16,N,OK
2025-09-16,S005,Sheffield Care & Education Centre,North,LearnWell,Office & Training,INV-2025-01201,34,80.35,2731.82,60,Procurement Portal,546.364,2731.82,N,OK
2025-08-09,S007,Nottingham Care & Education Centre,Midlands,MediSure,Medical Supplies,INV-2025-01202,16,94.76,1516.12,45,Procurement Portal,303.224,1516.12,Y,OK
2025-08-24,S017,Swansea Care & Education Centre,Wales,CareTemps,Agency Labour,INV-2025-01203,5,320.87,1604.37,30,ERP,320.874,1604.37,N,OK
2025-03-26,S005,Sheffield Care & Education Centre,North,NetServe,IT & Telecoms,INV-2025-01204,63,296.62,18686.87,45,ERP,3737.374,18686.87,N,OK
2025-02-26,S002,Manchester Care & Education Centre,North,CareTemps,Agency Labour,INV-2025-01205,73,308.17,22496.5,60,Procurement Portal,4499.3,22496.5,N,OK
2025-10-15,S003,Leeds Care & Education Centre,North,LearnWell,Office & Training,INV-2025-01206,21,76.69,1610.56,60,ERP,322.112,1610.56,N,OK
2025-10-30,S005,Sheffield Care & Education Centre,North,TeleCare IT,IT & Telecoms,INV-2025-01207,49,149.54,7327.23,60,Legacy Spend File,1465.446,7327.23,N,OK
2025-02-01,S006,Birmingham Care & Education Centre,Midlands,TeleCare IT,IT & Telecoms,INV-2025-01208,4,152.79,611.14,60,ERP,122.22800000000001,611.14,N,OK
2025-10-26,S019,Wrexham Care & Education Centre,Wales,RoadReady,Vehicle & Fuel,INV-2025-01209,4,43.92,175.69,60,Procurement Portal,35.138,175.69,N,OK
2025-06-26,S001,Preston Care & Education Centre,North,NourishCo,Food & Catering,INV-2025-01210,46,170.15,7826.7,45,Procurement Portal,1565.3400000000001,7826.7,N,OK
2025-05-01,S014,Southampton Care & Education Centre,South,UK Energy Partners,Utilities,INV-2025-01211,40,126.13,5045.32,60,ERP,1009.064,5045.32,N,OK
2025-02-28,S016,Cardiff Care & Education Centre,Wales,NourishCo,Food & Catering,INV-2025-01212,44,44.4,1953.7,30,ERP,390.74,1953.7,N,OK
2025-08-24,S016,Cardiff Care & Education Centre,Wales,FleetFuel,Vehicle & Fuel,INV-2025-01213,55,63.99,3519.54,60,Legacy Spend File,703.908,3519.54,Y,OK
2025-12-23,S017,Swansea Care & Education Centre,Wales,CloudLink,IT & Telecoms,INV-2025-01214,61,359.9,21954.11,60,ERP,4390.822,21954.11,Y,OK
2025-07-19,S014,Southampton Care & Education Centre,South,NurseLink,Agency Labour,INV-2025-01215,42,255.08,10713.18,60,ERP,2142.636,10713.18,N,OK
2025-12-12,S004,Newcastle Care & Education Centre,North,KitchenPro,Food & Catering,INV-2025-01216,27,129.11,3485.9,45,Procurement Portal,697.1800000000001,3485.9,N,OK
2025-11-11,S010,Coventry Care & Education Centre,Midlands,FleetFuel,Vehicle & Fuel,INV-2025-01217,39,65.59,2558.1,45,Procurement Portal,511.62,2558.1,Y,OK
2025-02-08,S020,Bangor Care & Education Centre,Wales,PrintCo,Office & Training,INV-2025-01218,69,87.44,6033.25,30,Procurement Portal,1206.65,6033.25,N,OK
2025-10-21,S013,Reading Care & Education Centre,South,CareMed,Medical Supplies,INV-2025-01219,52,75.8,3941.41,30,Legacy Spend File,788.282,3941.41,N,OK
2025-10-24,S008,Leicester Care & Education Centre,Midlands,KitchenPro,Food & Catering,INV-2025-01220,13,211.5,2749.48,60,Procurement Portal,549.8960000000001,2749.48,N,OK
2025-09-29,S007,Nottingham Care & Education Centre,Midlands,KitchenPro,Food & Catering,INV-2025-01221,61,33.83,2063.34,45,ERP,412.66800000000006,2063.34,N,OK
2025-06-04,S004,Newcastle Care & Education Centre,North,KitchenPro,Food & Catering,INV-2025-01222,65,77.08,5009.92,45,Procurement Portal,1001.984,5009.92,N,OK
2025-08-01,S001,Preston Care & Education Centre,North,FleetFuel,Vehicle & Fuel,INV-2025-01223,52,134.62,7000.23,45,Legacy Spend File,1400.046,7000.23,Y,OK
2025-10-08,S006,Birmingham Care & Education Centre,Midlands,PrintCo,Office & Training,INV-2025-01224,24,94.17,2260.03,30,Legacy Spend File,452.0060000000001,2260.03,N,OK
2025-09-13,S007,Nottingham Care & Education Centre,Midlands,BuildCare,Facilities,INV-2025-01225,28,162.56,4551.69,60,Legacy Spend File,910.338,4551.69,N,OK
2025-09-30,S019,Wrexham Care & Education Centre,Wales,NetServe,IT & Telecoms,INV-2025-01226,79,204.84,16182.31,45,Legacy Spend File,3236.462,16182.31,N,OK
2025-04-13,S002,Manchester Care & Education Centre,North,ClinEquip,Medical Supplies,INV-2025-01227,47,122.93,5777.55,45,ERP,1155.51,5777.55,N,OK
2025-12-17,S006,Birmingham Care & Education Centre,Midlands,BuildCare,Facilities,INV-2025-01228,39,166.02,6474.76,45,Procurement Portal,1294.9520000000002,6474.76,N,OK
2025-04-15,S012,Bristol Care & Education Centre,South,KitchenPro,Food & Catering,INV-2025-01229,53,110.45,5853.6,45,Procurement Portal,1170.72,5853.6,N,OK
2025-12-18,S001,Preston Care & Education Centre,North,SafeGuard FM,Facilities,INV-2025-01230,77,607.13,46749.08,30,Procurement Portal,9349.816,46749.08,N,OK
2025-04-09,S012,Bristol Care & Education Centre,South,FreshServe,Food & Catering,INV-2025-01231,4,47.84,191.34,30,Procurement Portal,38.268,191.34,Y,OK
2025-08-12,S015,Brighton Care & Education Centre,South,PrintCo,Office & Training,INV-2025-01232,55,35.31,1941.91,60,ERP,388.38200000000006,1941.91,N,OK
2025-03-11,S013,Reading Care & Education Centre,South,SafeGuard FM,Facilities,INV-2025-01233,4,171.47,685.88,45,Procurement Portal,137.17600000000002,685.88,N,OK
2025-01-22,S019,Wrexham Care & Education Centre,Wales,buildcare,Facilities,INV-2025-01234,63,743.82,46860.56,30,ERP,9372.112,46860.56,N,OK
2025-06-02,S008,Leicester Care & Education Centre,Midlands,AutoCare,Vehicle & Fuel,INV-2025-01235,9,61.06,549.54,45,Procurement Portal,109.908,549.54,N,OK
2025-03-13,S014,Southampton Care & Education Centre,South,NourishCo,Food & Catering,INV-2025-01236,31,160.12,4963.61,30,Legacy Spend File,992.722,4963.61,N,OK
2025-12-07,S002,Manchester Care & Education Centre,North,KitchenPro,Food & Catering,INV-2025-01237,75,163.55,12266.3,60,Procurement Portal,2453.2599999999998,12266.3,N,OK
2025-11-04,S015,Brighton Care & Education Centre,South,FreshServe,Food & Catering,INV-2025-01238,16,47.94,767.01,45,Procurement Portal,153.40200000000002,767.01,Y,OK
2025-05-01,S005,Sheffield Care & Education Centre,North,NurseLink,Agency Labour,INV-2025-01239,55,410.23,22562.77,30,ERP,4512.554,22562.77,N,OK
2025-05-21,S004,Newcastle Care & Education Centre,North,CleanWorks,Facilities,INV-2025-01240,57,440.79,25125.19,45,Procurement Portal,5025.0380000000005,25125.19,Y,OK
2025-10-01,S002,Manchester Care & Education Centre,North,CareMed,Medical Supplies,INV-2025-01241,48,97.41,4675.88,60,ERP,935.176,4675.88,N,OK
2025-12-16,S009,Derby Care & Education Centre,Midlands,CareTemps,Agency Labour,INV-2025-01242,32,268.22,8583.09,45,ERP,1716.6180000000002,8583.09,N,OK
2025-07-08,S003,Leeds Care & Education Centre,North,PrintCo,Office & Training,INV-2025-01243,40,54.47,2178.61,30,Legacy Spend File,435.72200000000004,2178.61,N,OK
2025-12-06,S014,Southampton Care & Education Centre,South,ClinEquip,Medical Supplies,INV-2025-01244,7,68.67,480.72,60,Legacy Spend File,96.144,480.72,N,OK
2025-07-16,S011,London Care & Education Centre,South,NetServe,IT & Telecoms,INV-2025-01245,40,153.93,6157.37,60,Legacy Spend File,1231.4740000000002,6157.37,N,OK
2025-05-02,S017,Swansea Care & Education Centre,Wales,KitchenPro,Food & Catering,INV-2025-01246,57,33.16,1889.89,45,ERP,377.97800000000007,1889.89,N,OK
2025-02-16,S002,Manchester Care & Education Centre,North,TeleCare IT,IT & Telecoms,INV-2025-01247,31,224.16,6949.05,45,ERP,1389.8100000000002,6949.05,N,OK
2025-06-12,S015,Brighton Care & Education Centre,South,PrintCo,Office & Training,INV-2025-01248,53,49.11,2602.67,30,Procurement Portal,520.534,2602.67,N,OK
2025-07-31,S018,Newport Care & Education Centre,Wales,LearnWell,Office & Training,INV-2025-01249,43,85.29,3667.52,60,Procurement Portal,733.504,3667.52,N,OK
2025-05-14,S020,Bangor Care & Education Centre,Wales,BuildCare,Facilities,INV-2025-01250,65,76.49,4972.12,30,Procurement Portal,994.424,4972.12,N,OK
2025-12-22,S010,Coventry Care & Education Centre,Midlands,RoadReady,Vehicle & Fuel,INV-2025-01251,4,113.96,455.85,30,Legacy Spend File,91.17000000000002,455.85,N,OK
2025-08-16,S005,Sheffield Care & Education Centre,North,BuildCare,Facilities,INV-2025-01252,18,284.69,5124.4,30,Procurement Portal,1024.8799999999999,5124.4,N,OK
2025-10-22,S017,Swansea Care & Education Centre,Wales,TeleCare IT,IT & Telecoms,INV-2025-01253,11,73.48,808.33,30,ERP,161.66600000000003,808.33,N,OK
2025-12-18,S014,Southampton Care & Education Centre,South,BuildCare,Facilities,INV-2025-01254,53,221.12,11719.15,45,Procurement Portal,2343.83,11719.15,N,OK
2025-03-30,S019,Wrexham Care & Education Centre,Wales,SafeGuard FM,Facilities,INV-2025-01255,76,353.6,26873.83,45,Procurement Portal,5374.7660000000005,26873.83,N,OK
2025-07-08,S019,Wrexham Care & Education Centre,Wales,NourishCo,Food & Catering,INV-2025-01256,24,33.42,802.02,45,Procurement Portal,160.404,802.02,N,OK
2025-01-12,S016,Cardiff Care & Education Centre,Wales,UK Energy Partners,Utilities,INV-2025-01257,72,627.27,45163.38,60,Legacy Spend File,9032.676,45163.38,N,OK
2025-08-25,S011,London Care & Education Centre,South,UK Energy Partners,Utilities,INV-2025-01258,26,314.79,8184.67,45,Legacy Spend File,1636.9340000000002,8184.67,N,OK
2025-11-13,S010,Coventry Care & Education Centre,Midlands,CareMed,Medical Supplies,INV-2025-01259,55,81.43,4478.61,60,Procurement Portal,895.722,4478.61,N,OK
2025-03-29,S008,Leicester Care & Education Centre,Midlands,NourishCo,Food & Catering,INV-2025-01260,73,63.04,4601.67,30,ERP,920.3340000000001,4601.67,N,OK
2025-12-11,S013,Reading Care & Education Centre,South,CareTemps,Agency Labour,INV-2025-01261,64,407.83,26101.43,30,ERP,5220.286,26101.43,N,OK
2025-05-17,S004,Newcastle Care & Education Centre,North,UK Energy Partners,Utilities,INV-2025-01262,37,260.67,9644.87,60,Procurement Portal,1928.9740000000002,9644.87,N,OK
2025-04-16,S012,Bristol Care & Education Centre,South,SafeGuard FM,Facilities,INV-2025-01263,77,242.08,18640.24,30,Procurement Portal,3728.0480000000007,18640.24,N,OK
2025-04-03,S017,Swansea Care & Education Centre,Wales,WaterGrid,Utilities,INV-2025-01264,53,150.67,7985.5,30,ERP,1597.1000000000001,7985.5,N,OK
2025-11-13,S003,Leeds Care & Education Centre,North,CloudLink,IT & Telecoms,INV-2025-01265,58,241.48,14005.69,30,Procurement Portal,2801.1380000000004,14005.69,Y,OK
2025-01-06,S009,Derby Care & Education Centre,Midlands,OfficePlus,Office & Training,INV-2025-01266,61,34.47,2102.37,30,Procurement Portal,420.474,2102.37,N,OK
2025-04-19,S001,Preston Care & Education Centre,North,NurseLink,Agency Labour,INV-2025-01267,50,282.2,14109.89,60,Procurement Portal,2821.978,14109.89,N,OK
2025-02-18,S015,Brighton Care & Education Centre,South,CloudLink,IT & Telecoms,INV-2025-01268,72,133.82,9634.87,30,ERP,1926.9740000000002,9634.87,Y,OK
2025-07-01,S014,Southampton Care & Education Centre,South,WaterGrid,Utilities,INV-2025-01269,78,166.82,13012.01,60,Legacy Spend File,2602.402,13012.01,N,OK
2025-05-10,S020,Bangor Care & Education Centre,Wales,MediSure,Medical Supplies,INV-2025-01270,65,236.83,15393.96,60,Procurement Portal,3078.792,15393.96,Y,OK
2025-07-09,S018,Newport Care & Education Centre,Wales,NurseLink,Agency Labour,INV-2025-01271,17,546.76,9294.86,60,ERP,1858.9720000000002,9294.86,N,OK
2025-03-28,S020,Bangor Care & Education Centre,Wales,SafeGuard FM,Facilities,INV-2025-01272,65,251.64,16356.33,45,Procurement Portal,3271.266,16356.33,N,OK
2025-06-12,S016,Cardiff Care & Education Centre,Wales,CleanWorks,Facilities,INV-2025-01273,68,98.71,6712.27,45,ERP,1342.4540000000002,6712.27,Y,OK
2025-01-23,S008,Leicester Care & Education Centre,Midlands,NourishCo,Food & Catering,INV-2025-01274,17,54.62,928.51,45,Procurement Portal,185.702,928.51,N,OK
2025-05-25,S004,Newcastle Care & Education Centre,North,RoadReady,Vehicle & Fuel,INV-2025-01275,34,185.13,6294.56,60,Procurement Portal,1258.9120000000003,6294.56,N,OK
2025-03-26,S016,Cardiff Care & Education Centre,Wales,RoadReady,Vehicle & Fuel,INV-2025-01276,41,102.7,4210.74,60,Procurement Portal,842.148,4210.74,N,OK
2025-04-07,S005,Sheffield Care & Education Centre,North,OfficePlus,Office & Training,INV-2025-01277,20,268.57,5371.44,30,ERP,1074.288,5371.44,N,OK
2025-05-14,S008,Leicester Care & Education Centre,Midlands,CareMed,Medical Supplies,INV-2025-01278,21,148.98,3128.59,60,Procurement Portal,625.7180000000001,3128.59,N,OK
2025-01-21,S018,Newport Care & Education Centre,Wales,NourishCo,Food & Catering,INV-2025-01279,57,72.24,4117.76,45,Legacy Spend File,823.5520000000001,4117.76,N,OK
2025-09-10,S005,Sheffield Care & Education Centre,North,LearnWell,Office & Training,INV-2025-01280,15,63.27,949.11,60,ERP,189.822,949.11,N,OK
2025-04-15,S002,Manchester Care & Education Centre,North,FleetFuel,Vehicle & Fuel,INV-2025-01281,37,102.24,3782.89,30,ERP,756.578,3782.89,Y,OK
2025-12-06,S018,Newport Care & Education Centre,Wales,NetServe,IT & Telecoms,INV-2025-01282,75,202.3,15172.76,30,Legacy Spend File,3034.552,15172.76,N,OK
2025-02-09,S012,Bristol Care & Education Centre,South,SafeGuard FM,Facilities,INV-2025-01283,32,265.71,8502.81,45,Legacy Spend File,1700.562,8502.81,N,OK
2025-05-26,S011,London Care & Education Centre,South,FleetFuel,Vehicle & Fuel,INV-2025-01284,16,160.78,2572.55,45,Procurement Portal,514.5100000000001,2572.55,Y,OK
2025-03-20,S013,Reading Care & Education Centre,South,NourishCo,Food & Catering,INV-2025-01285,4,42.19,168.74,30,Procurement Portal,33.748000000000005,168.74,N,OK
2025-11-18,S008,Leicester Care & Education Centre,Midlands,LearnWell,Office & Training,INV-2025-01286,35,36.06,1262.26,60,Legacy Spend File,252.452,1262.26,N,OK
2025-12-02,S009,Derby Care & Education Centre,Midlands,FleetFuel,Vehicle & Fuel,INV-2025-01287,80,34.6,2768.31,45,Procurement Portal,553.662,2768.31,Y,OK
2025-01-25,S019,Wrexham Care & Education Centre,Wales,CleanWorks,Facilities,INV-2025-01288,37,238.02,8806.72,45,ERP,1761.344,8806.72,Y,OK
2025-11-05,S002,Manchester Care & Education Centre,North,KitchenPro,Food & Catering,INV-2025-01289,49,35.43,1736.03,30,Procurement Portal,347.206,1736.03,N,OK
2025-07-24,S003,Leeds Care & Education Centre,North,CleanWorks,Facilities,INV-2025-01290,12,55.08,661.01,30,ERP,132.202,661.01,Y,OK
2025-05-26,S008,Leicester Care & Education Centre,Midlands,CareTemps,Agency Labour,INV-2025-01291,20,371.48,7429.64,30,Procurement Portal,1485.928,7429.64,N,OK
2025-06-08,S001,Preston Care & Education Centre,North,NurseLink,Agency Labour,INV-2025-01292,78,1181.96,92193.14,30,Procurement Portal,18438.628,92193.14,N,OK
2025-09-20,S012,Bristol Care & Education Centre,South,NourishCo,Food & Catering,INV-2025-01293,26,64.78,1684.37,45,Procurement Portal,336.874,1684.37,N,OK
2025-10-16,S010,Coventry Care & Education Centre,Midlands,LearnWell,Office & Training,INV-2025-01294,77,118.94,9158.74,45,ERP,1831.748,9158.74,N,OK
2025-11-11,S011,London Care & Education Centre,South,CareTemps,Agency Labour,INV-2025-01295,24,313.81,7531.45,45,Legacy Spend File,1506.29,7531.45,N,OK
2025-09-20,S014,Southampton Care & Education Centre,South,FreshServe,Food & Catering,INV-2025-01296,44,61.56,2708.6,45,Legacy Spend File,541.72,2708.6,Y,OK
2025-09-27,S003,Leeds Care & Education Centre,North,SafeGuard FM,Facilities,INV-2025-01297,68,298.4,20291.49,30,Procurement Portal,4058.2980000000007,20291.49,N,OK
2025-09-02,S014,Southampton Care & Education Centre,South,HealthStaffing,Agency Labour,INV-2025-01298,39,255.73,9973.56,30,ERP,1994.712,9973.56,N,OK
2025-09-25,S001,Preston Care & Education Centre,North,CloudLink,IT & Telecoms,INV-2025-01299,55,254.85,14017.0,45,Legacy Spend File,2803.4,14017.0,Y,OK
2025-09-20,S003,Leeds Care & Education Centre,North,FreshServe,Food & Catering,INV-2025-01300,14,77.58,1086.13,60,Procurement Portal,217.22600000000003,1086.13,Y,OK
2025-12-05,S013,Reading Care & Education Centre,South,NourishCo,Food & Catering,INV-2025-01301,73,45.01,3285.9,45,Procurement Portal,657.1800000000001,3285.9,N,OK
2025-01-09,S006,Birmingham Care & Education Centre,Midlands,KitchenPro,Food & Catering,INV-2025-01302,15,112.17,1682.54,60,Legacy Spend File,336.50800000000004,1682.54,N,OK
2025-07-21,S018,Newport Care & Education Centre,Wales,CleanWorks,Facilities,INV-2025-01303,6,163.49,980.92,30,Procurement Portal,196.184,980.92,Y,OK
2025-10-28,S010,Coventry Care & Education Centre,Midlands,TeleCare IT,IT & Telecoms,INV-2025-01304,59,145.18,8565.56,60,Procurement Portal,1713.112,8565.56,N,OK
2025-04-06,S001,Preston Care & Education Centre,North,TeleCare IT,IT & Telecoms,INV-2025-01305,28,295.51,8274.32,30,ERP,1654.864,8274.32,N,OK
2025-02-24,S020,Bangor Care & Education Centre,Wales,NetServe,IT & Telecoms,INV-2025-01306,56,134.22,7516.24,60,ERP,1503.248,7516.24,N,OK
2025-01-07,S012,Bristol Care & Education Centre,South,HealthStaffing,Agency Labour,INV-2025-01307,22,304.69,6703.09,60,Procurement Portal,1340.6180000000002,6703.09,N,OK
2025-11-05,S013,Reading Care & Education Centre,South,NurseLink,Agency Labour,INV-2025-01308,63,298.5,18805.45,45,Legacy Spend File,3761.09,18805.45,N,OK
2025-12-11,S011,London Care & Education Centre,South,AutoCare,Vehicle & Fuel,INV-2025-01309,51,172.62,8803.86,45,ERP,1760.7720000000002,8803.86,N,OK
2025-04-08,S003,Leeds Care & Education Centre,North,CleanWorks,Facilities,INV-2025-01310,15,233.7,3505.51,30,Legacy Spend File,701.1020000000001,3505.51,Y,OK
2025-09-04,S012,Bristol Care & Education Centre,South,MediSure,Medical Supplies,INV-2025-01311,19,118.36,2248.83,60,ERP,449.766,2248.83,Y,OK
2025-06-04,S017,Swansea Care & Education Centre,Wales,UK Energy Partners,Utilities,INV-2025-01312,60,391.99,23519.31,30,Procurement Portal,4703.862,23519.31,N,OK
2025-03-27,S018,Newport Care & Education Centre,Wales,MediSure,Medical Supplies,INV-2025-01313,20,257.78,5155.6,60,Legacy Spend File,1031.1200000000001,5155.6,Y,OK
2025-01-11,S004,Newcastle Care & Education Centre,North,LearnWell,Office & Training,INV-2025-01314,58,101.93,5911.93,60,ERP,1182.3860000000002,5911.93,N,OK
2025-07-20,S017,Swansea Care & Education Centre,Wales,NetServe,IT & Telecoms,INV-2025-01315,7,221.26,1548.79,45,ERP,309.75800000000004,1548.79,N,OK
2025-09-11,S009,Derby Care & Education Centre,Midlands,CareTemps,Agency Labour,INV-2025-01316,75,145.81,10935.4,60,Legacy Spend File,2187.08,10935.4,N,OK
2025-09-07,S007,Nottingham Care & Education Centre,Midlands,CloudLink,IT & Telecoms,INV-2025-01317,52,122.46,6368.11,45,Legacy Spend File,1273.622,6368.11,Y,OK
2025-02-01,S010,Coventry Care & Education Centre,Midlands,OfficePlus,Office & Training,INV-2025-01318,68,63.41,4311.85,30,Procurement Portal,862.3700000000001,4311.85,N,OK
2025-02-02,S006,Birmingham Care & Education Centre,Midlands,AutoCare,Vehicle & Fuel,INV-2025-01319,35,67.94,2377.95,60,Procurement Portal,475.59,2377.95,N,OK
2025-11-15,S004,Newcastle Care & Education Centre,North,NourishCo,Food & Catering,INV-2025-01320,45,58.65,2639.16,45,Legacy Spend File,527.832,2639.16,N,OK
2025-05-28,S005,Sheffield Care & Education Centre,North,MediSure,Medical Supplies,INV-2025-01321,25,123.8,3094.94,45,Procurement Portal,618.988,3094.94,Y,OK
2025-04-23,S018,Newport Care & Education Centre,Wales,PowerDirect,Utilities,INV-2025-01322,76,334.55,25425.94,60,Procurement Portal,5085.188,25425.94,N,OK
2025-05-31,S003,Leeds Care & Education Centre,North,OfficePlus,Office & Training,INV-2025-01323,50,72.15,3607.38,45,Legacy Spend File,721.4760000000001,3607.38,N,OK
2025-03-24,S019,Wrexham Care & Education Centre,Wales,RoadReady,Vehicle & Fuel,INV-2025-01324,80,124.15,9931.63,30,Procurement Portal,1986.326,9931.63,N,OK
2025-09-05,S006,Birmingham Care & Education Centre,Midlands,KitchenPro,Food & Catering,INV-2025-01325,17,67.35,1144.89,30,ERP,228.97800000000004,1144.89,N,OK
2025-08-01,S019,Wrexham Care & Education Centre,Wales,OfficePlus,Office & Training,INV-2025-01326,64,25.3,1619.49,45,ERP,323.898,1619.49,N,OK
2025-07-03,S011,London Care & Education Centre,South,MediSure,Medical Supplies,INV-2025-01327,34,71.58,2433.82,45,Legacy Spend File,486.76400000000007,2433.82,Y,OK
2025-01-17,S012,Bristol Care & Education Centre,South,BuildCare,Facilities,INV-2025-01328,9,166.29,1496.57,45,Procurement Portal,299.314,1496.57,N,OK
2025-10-15,S018,Newport Care & Education Centre,Wales,UK Energy Partners,Utilities,INV-2025-01329,29,128.53,3727.25,45,Procurement Portal,745.45,3727.25,N,OK
2025-10-13,S003,Leeds Care & Education Centre,North,FleetFuel,Vehicle & Fuel,INV-2025-01330,35,132.14,4624.79,30,Legacy Spend File,924.9580000000001,4624.79,Y,OK
2025-01-26,S015,Brighton Care & Education Centre,South,KitchenPro,Food & Catering,INV-2025-01331,57,150.85,8598.57,45,ERP,1719.714,8598.57,N,OK
2025-01-22,S013,Reading Care & Education Centre,South,KitchenPro,Food & Catering,INV-2025-01332,65,127.07,8259.29,30,ERP,1651.8580000000002,8259.29,N,OK
2025-07-05,S019,Wrexham Care & Education Centre,Wales,FreshServe,Food & Catering,INV-2025-01333,21,57.8,1213.81,60,Procurement Portal,242.762,1213.81,Y,OK
2025-09-13,S018,Newport Care & Education Centre,Wales,PrintCo,Office & Training,INV-2025-01334,13,170.27,2213.51,30,Legacy Spend File,442.70200000000006,2213.51,N,OK
2025-03-04,S017,Swansea Care & Education Centre,Wales,FleetFuel,Vehicle & Fuel,INV-2025-01335,26,103.09,2680.45,45,Procurement Portal,536.09,2680.45,Y,OK
2025-06-24,S012,Bristol Care & Education Centre,South,WaterGrid,Utilities,INV-2025-01336,37,207.69,7684.66,60,ERP,1536.932,7684.66,N,OK
2025-08-01,S007,Nottingham Care & Education Centre,Midlands,TeleCare IT,IT & Telecoms,INV-2025-01337,47,157.0,7379.08,60,Legacy Spend File,1475.816,7379.08,N,OK
2025-08-04,S005,Sheffield Care & Education Centre,North,BuildCare,Facilities,INV-2025-01338,30,152.41,4572.41,30,Procurement Portal,914.482,4572.41,N,OK
2025-09-22,S020,Bangor Care & Education Centre,Wales,CareTemps,Agency Labour,INV-2025-01339,47,242.33,11389.34,30,Procurement Portal,2277.868,11389.34,N,OK
2025-09-22,S008,Leicester Care & Education Centre,Midlands,ClinEquip,Medical Supplies,INV-2025-01340,9,131.79,1186.12,30,Procurement Portal,237.224,1186.12,N,OK
2025-08-11,S014,Southampton Care & Education Centre,South,HealthStaffing,Agency Labour,INV-2025-01341,8,327.7,2621.6,45,ERP,524.32,2621.6,N,OK
2025-01-30,S002,Manchester Care & Education Centre,North,BuildCare,Facilities,INV-2025-01342,67,180.3,12080.22,45,Procurement Portal,2416.044,12080.22,N,OK
2025-06-10,S019,Wrexham Care & Education Centre,Wales,NetServe,IT & Telecoms,INV-2025-01343,45,279.76,12589.34,30,Procurement Portal,2517.8680000000004,12589.34,N,OK
2025-07-26,S015,Brighton Care & Education Centre,South,BuildCare,Facilities,INV-2025-01344,58,346.48,20095.58,60,ERP,4019.1160000000004,20095.58,N,OK
2025-06-26,S009,Derby Care & Education Centre,Midlands,PrintCo,Office & Training,INV-2025-01345,52,126.44,6574.72,30,Procurement Portal,1314.9440000000002,6574.72,N,OK
2025-06-21,S003,Leeds Care & Education Centre,North,ClinEquip,Medical Supplies,INV-2025-01346,50,53.03,2651.34,60,Legacy Spend File,530.268,2651.34,N,OK
2025-10-04,S020,Bangor Care & Education Centre,Wales,BuildCare,Facilities,INV-2025-01347,37,44.18,1634.71,30,ERP,326.942,1634.71,N,OK
2025-06-24,S017,Swansea Care & Education Centre,Wales,NetServe,IT & Telecoms,INV-2025-01348,21,367.79,7723.52,30,ERP,1544.7040000000002,7723.52,N,OK
2025-06-05,S005,Sheffield Care & Education Centre,North,CloudLink,IT & Telecoms,INV-2025-01349,55,103.74,5705.45,60,ERP,1141.09,5705.45,Y,OK
2025-05-13,S005,Sheffield Care & Education Centre,North,CareMed,Medical Supplies,INV-2025-01350,65,106.05,6892.97,45,ERP,1378.594,6892.97,N,OK
2025-06-02,S018,Newport Care & Education Centre,Wales,NourishCo,Food & Catering,INV-2025-01351,74,34.15,2527.26,60,ERP,505.45200000000006,2527.26,N,OK
2025-10-25,S007,Nottingham Care & Education Centre,Midlands,FleetFuel,Vehicle & Fuel,INV-2025-01352,73,35.26,2574.08,60,Legacy Spend File,514.816,2574.08,Y,OK
2025-06-03,S012,Bristol Care & Education Centre,South,WaterGrid,Utilities,INV-2025-01353,37,336.72,12458.81,60,Legacy Spend File,2491.762,12458.81,N,OK
2025-07-13,S012,Bristol Care & Education Centre,South,BuildCare,Facilities,INV-2025-01354,67,273.28,18309.67,60,ERP,3661.9339999999997,18309.67,N,OK
2025-10-26,S011,London Care & Education Centre,South,AutoCare,Vehicle & Fuel,INV-2025-01355,25,69.19,1729.65,45,Procurement Portal,345.93000000000006,1729.65,N,OK
2025-08-06,S010,Coventry Care & Education Centre,Midlands,BuildCare,Facilities,INV-2025-01356,53,43.29,2294.28,30,ERP,458.85600000000005,2294.28,N,OK
2025-09-01,S019,Wrexham Care & Education Centre,Wales,HealthStaffing,Agency Labour,INV-2025-01357,28,222.15,6220.17,45,ERP,1244.034,6220.17,N,OK
2025-10-14,S007,Nottingham Care & Education Centre,Midlands,NurseLink,Agency Labour,INV-2025-01358,67,372.14,24933.49,45,Procurement Portal,4986.698,24933.49,N,OK
2025-08-05,S006,Birmingham Care & Education Centre,Midlands,PrintCo,Office & Training,INV-2025-01359,57,33.25,1895.31,60,Procurement Portal,379.062,1895.31,N,OK
2025-03-15,S010,Coventry Care & Education Centre,Midlands,HealthStaffing,Agency Labour,INV-2025-01360,65,331.83,21569.11,30,Procurement Portal,4313.822,21569.11,N,OK
2025-12-27,S008,Leicester Care & Education Centre,Midlands,OfficePlus,Office & Training,INV-2025-01361,66,74.37,4908.49,60,ERP,981.698,4908.49,N,OK
2025-08-31,S012,Bristol Care & Education Centre,South,WaterGrid,Utilities,INV-2025-01362,5,343.8,1719.02,60,ERP,343.80400000000003,1719.02,N,OK
2025-11-05,S018,Newport Care & Education Centre,Wales,FleetFuel,Vehicle & Fuel,INV-2025-01363,53,101.46,5377.28,30,ERP,1075.456,5377.28,Y,OK
2025-09-25,S020,Bangor Care & Education Centre,Wales,CloudLink,IT & Telecoms,INV-2025-01364,20,128.82,2576.46,30,Procurement Portal,515.292,2576.46,Y,OK
2025-05-31,S003,Leeds Care & Education Centre,North,RoadReady,Vehicle & Fuel,INV-2025-01365,63,183.46,11557.92,30,ERP,2311.5840000000003,11557.92,N,OK
2025-06-06,S017,Swansea Care & Education Centre,Wales,HealthStaffing,Agency Labour,INV-2025-01366,37,274.95,10173.17,30,ERP,2034.634,10173.17,N,OK
2025-03-04,S008,Leicester Care & Education Centre,Midlands,OfficePlus,Office & Training,INV-2025-01367,71,73.88,5245.63,45,ERP,1049.126,5245.63,N,OK
2025-10-21,S013,Reading Care & Education Centre,South,CareTemps,Agency Labour,INV-2025-01368,40,179.56,7182.23,60,Procurement Portal,1436.446,7182.23,N,OK
2025-11-07,S013,Reading Care & Education Centre,South,CareTemps,Agency Labour,INV-2025-01369,17,235.09,3996.57,30,Legacy Spend File,799.3140000000001,3996.57,N,OK
2025-12-08,S005,Sheffield Care & Education Centre,North,LearnWell,Office & Training,INV-2025-01370,58,46.1,2673.89,30,Legacy Spend File,534.778,2673.89,N,OK
2025-12-07,S011,London Care & Education Centre,South,kitchenpro,Food & Catering,INV-2025-01371,80,59.1,4728.17,45,Procurement Portal,945.634,4728.17,N,OK
2025-10-04,S005,Sheffield Care & Education Centre,North,CareTemps,Agency Labour,INV-2025-01372,6,769.1,4614.61,60,Procurement Portal,922.922,4614.61,N,OK
2025-02-15,S010,Coventry Care & Education Centre,Midlands,NetServe,IT & Telecoms,INV-2025-01373,22,103.45,2275.89,60,ERP,455.178,2275.89,N,OK
2025-11-27,S013,Reading Care & Education Centre,South,NetServe,IT & Telecoms,INV-2025-01374,16,90.57,1449.19,60,Legacy Spend File,289.838,1449.19,N,OK
2025-10-05,S001,Preston Care & Education Centre,North,PowerDirect,Utilities,INV-2025-01375,74,561.5,41550.7,30,Legacy Spend File,8310.14,41550.7,N,OK
2025-09-15,S015,Brighton Care & Education Centre,South,WaterGrid,Utilities,INV-2025-01376,3,222.81,668.44,30,Legacy Spend File,133.68800000000002,668.44,N,OK
2025-05-21,S001,Preston Care & Education Centre,North,CleanWorks,Facilities,INV-2025-01377,27,124.58,3363.72,30,Legacy Spend File,672.744,3363.72,Y,OK
2025-10-01,S008,Leicester Care & Education Centre,Midlands,OfficePlus,Office & Training,INV-2025-01378,78,132.88,10364.53,45,Procurement Portal,2072.9060000000004,10364.53,N,OK
2025-01-12,S017,Swansea Care & Education Centre,Wales,CareMed,Medical Supplies,INV-2025-01379,44,86.0,3784.21,45,ERP,756.8420000000001,3784.21,N,OK
2025-06-12,S002,Manchester Care & Education Centre,North,ClinEquip,Medical Supplies,INV-2025-01380,49,327.6,16052.46,45,ERP,3210.492,16052.46,N,OK
2025-03-28,S006,Birmingham Care & Education Centre,Midlands,KitchenPro,Food & Catering,INV-2025-01381,37,94.37,3491.77,30,ERP,698.354,3491.77,N,OK
2025-06-07,S004,Newcastle Care & Education Centre,North,FreshServe,Food & Catering,INV-2025-01382,53,49.7,2634.18,60,ERP,526.836,2634.18,Y,OK
2025-01-14,S006,Birmingham Care & Education Centre,Midlands,FleetFuel,Vehicle & Fuel,INV-2025-01383,8,311.19,2489.5,45,Procurement Portal,497.90000000000003,2489.5,Y,OK
2025-07-31,S008,Leicester Care & Education Centre,Midlands,FleetFuel,Vehicle & Fuel,INV-2025-01384,42,68.08,2859.5,45,Procurement Portal,571.9,2859.5,Y,OK
2025-05-03,S001,Preston Care & Education Centre,North,MediSure,Medical Supplies,INV-2025-01385,77,180.48,13897.3,60,ERP,2779.46,13897.3,Y,OK
2025-05-18,S002,Manchester Care & Education Centre,North,HealthStaffing,Agency Labour,INV-2025-01386,8,353.68,2829.44,45,Procurement Portal,565.888,2829.44,N,OK
2025-09-05,S009,Derby Care & Education Centre,Midlands,HealthStaffing,Agency Labour,INV-2025-01387,4,613.84,2455.37,45,Legacy Spend File,491.074,2455.37,N,OK
2025-10-11,S003,Leeds Care & Education Centre,North,CareMed,Medical Supplies,INV-2025-01388,76,283.25,21526.85,60,ERP,4305.37,21526.85,N,OK
2025-10-18,S017,Swansea Care & Education Centre,Wales,SafeGuard FM,Facilities,INV-2025-01389,53,183.2,9709.41,45,ERP,1941.882,9709.41,N,OK
2025-07-11,S015,Brighton Care & Education Centre,South,UK Energy Partners,Utilities,INV-2025-01390,70,165.19,11563.12,30,ERP,2312.6240000000003,11563.12,N,OK
2025-08-20,S011,London Care & Education Centre,South,NurseLink,Agency Labour,INV-2025-01391,6,386.36,2318.15,30,Procurement Portal,463.63000000000005,2318.15,N,OK
2025-03-27,S007,Nottingham Care & Education Centre,Midlands,NetServe,IT & Telecoms,INV-2025-01392,1,151.55,151.55,30,Procurement Portal,30.310000000000002,151.55,N,OK
2025-07-14,S018,Newport Care & Education Centre,Wales,NetServe,IT & Telecoms,INV-2025-01393,45,665.8,29961.04,60,ERP,5992.2080000000005,29961.04,N,OK
2025-03-24,S010,Coventry Care & Education Centre,Midlands,CloudLink,IT & Telecoms,INV-2025-01394,69,237.16,16363.83,60,ERP,3272.766,16363.83,Y,OK
2025-12-24,S001,Preston Care & Education Centre,North,NourishCo,Food & Catering,INV-2025-01395,16,53.17,850.69,30,Legacy Spend File,170.13800000000003,850.69,N,OK
2025-04-18,S017,Swansea Care & Education Centre,Wales,TeleCare IT,IT & Telecoms,INV-2025-01396,79,243.52,19238.13,60,Procurement Portal,3847.626,19238.13,N,OK
2025-05-14,S016,Cardiff Care & Education Centre,Wales,AutoCare,Vehicle & Fuel,INV-2025-01397,58,45.28,2626.48,45,ERP,525.296,2626.48,N,OK
2025-04-18,S019,Wrexham Care & Education Centre,Wales,RoadReady,Vehicle & Fuel,INV-2025-01398,59,55.67,3284.69,60,Procurement Portal,656.9380000000001,3284.69,N,OK
2025-01-02,S008,Leicester Care & Education Centre,Midlands,BuildCare,Facilities,INV-2025-01399,78,348.34,27170.67,45,ERP,5434.134,27170.67,N,OK
2025-10-12,S005,Sheffield Care & Education Centre,North,SafeGuard FM,Facilities,INV-2025-01400,63,125.42,7901.44,45,Legacy Spend File,1580.288,7901.44,N,OK
2025-01-16,S001,Preston Care & Education Centre,North,KitchenPro,Food & Catering,INV-2025-01401,57,36.55,2083.15,60,ERP,416.63000000000005,2083.15,N,OK
2025-07-03,S004,Newcastle Care & Education Centre,North,NurseLink,Agency Labour,INV-2025-01402,50,403.0,20150.1,30,Legacy Spend File,4030.02,20150.1,N,OK
2025-07-09,S001,Preston Care & Education Centre,North,NourishCo,Food & Catering,INV-2025-01403,25,124.78,3119.41,45,ERP,623.8820000000001,3119.41,N,OK
2025-12-15,S001,Preston Care & Education Centre,North,CareMed,Medical Supplies,INV-2025-01404,46,178.2,8197.28,30,ERP,1639.4560000000001,8197.28,N,OK
2025-04-24,S015,Brighton Care & Education Centre,South,NetServe,IT & Telecoms,INV-2025-01405,30,380.49,11414.63,45,Procurement Portal,2282.926,11414.63,N,OK
2025-12-27,S017,Swansea Care & Education Centre,Wales,TeleCare IT,IT & Telecoms,INV-2025-01406,78,145.1,11317.43,30,ERP,2263.4860000000003,11317.43,N,OK
2025-05-23,S005,Sheffield Care & Education Centre,North,HealthStaffing,Agency Labour,INV-2025-01407,73,137.25,10019.07,60,Procurement Portal,2003.814,10019.07,N,OK
2025-10-17,S004,Newcastle Care & Education Centre,North,PowerDirect,Utilities,INV-2025-01408,78,570.89,44529.33,60,ERP,8905.866,44529.33,N,OK
2025-02-03,S005,Sheffield Care & Education Centre,North,BuildCare,Facilities,INV-2025-01409,17,150.73,2562.39,45,Legacy Spend File,512.478,2562.39,N,OK
2025-12-14,S017,Swansea Care & Education Centre,Wales,CloudLink,IT & Telecoms,INV-2025-01410,3,191.65,574.95,60,Legacy Spend File,114.99000000000001,574.95,Y,OK
2025-10-14,S020,Bangor Care & Education Centre,Wales,NetServe,IT & Telecoms,INV-2025-01411,59,456.75,26948.2,30,Procurement Portal,5389.64,26948.2,N,OK
2025-08-10,S009,Derby Care & Education Centre,Midlands,CareMed,Medical Supplies,INV-2025-01412,53,162.95,8636.13,45,ERP,1727.2259999999999,8636.13,N,OK
2025-07-05,S019,Wrexham Care & Education Centre,Wales,LearnWell,Office & Training,INV-2025-01413,67,96.37,6456.99,30,Legacy Spend File,1291.3980000000001,6456.99,N,OK
2025-08-04,S020,Bangor Care & Education Centre,Wales,CareMed,Medical Supplies,INV-2025-01414,69,394.75,27237.49,45,Procurement Portal,5447.4980000000005,27237.49,N,OK
2025-06-21,S020,Bangor Care & Education Centre,Wales,HealthStaffing,Agency Labour,INV-2025-01415,11,210.58,2316.34,60,ERP,463.26800000000003,2316.34,N,OK
2025-08-05,S005,Sheffield Care & Education Centre,North,PowerDirect,Utilities,INV-2025-01416,10,416.45,4164.53,30,ERP,832.906,4164.53,N,OK
2025-02-02,S002,Manchester Care & Education Centre,North,RoadReady,Vehicle & Fuel,INV-2025-01417,13,98.03,1274.34,30,Procurement Portal,254.868,1274.34,N,OK
2025-11-17,S015,Brighton Care & Education Centre,South,ClinEquip,Medical Supplies,INV-2025-01418,43,139.1,5981.45,45,ERP,1196.29,5981.45,N,OK
2025-06-24,S003,Leeds Care & Education Centre,North,OfficePlus,Office & Training,INV-2025-01419,7,173.84,1216.89,45,Legacy Spend File,243.37800000000004,1216.89,N,OK
2025-11-14,S019,Wrexham Care & Education Centre,Wales,KitchenPro,Food & Catering,INV-2025-01420,57,85.94,4898.81,30,Legacy Spend File,979.7620000000002,4898.81,N,OK
2025-02-01,S010,Coventry Care & Education Centre,Midlands,FreshServe,Food & Catering,INV-2025-01421,5,87.4,436.98,45,Procurement Portal,87.39600000000002,436.98,Y,OK
2025-02-01,S016,Cardiff Care & Education Centre,Wales,FreshServe,Food & Catering,INV-2025-01422,57,117.25,6682.97,30,Procurement Portal,1336.594,6682.97,Y,OK
2025-02-22,S005,Sheffield Care & Education Centre,North,HealthStaffing,Agency Labour,INV-2025-01423,8,245.44,1963.53,60,ERP,392.706,1963.53,N,OK
2025-02-19,S016,Cardiff Care & Education Centre,Wales,CareTemps,Agency Labour,INV-2025-01424,80,189.09,15127.11,45,ERP,3025.4220000000005,15127.11,N,OK
2025-07-16,S008,Leicester Care & Education Centre,Midlands,CareMed,Medical Supplies,INV-2025-01425,60,67.55,4052.91,45,Legacy Spend File,810.582,4052.91,N,OK
2025-11-30,S020,Bangor Care & Education Centre,Wales,NourishCo,Food & Catering,INV-2025-01426,4,22.04,88.16,45,Legacy Spend File,17.632,88.16,N,OK
2025-02-22,S002,Manchester Care & Education Centre,North,UK Energy Partners,Utilities,INV-2025-01427,2,774.62,1549.24,60,Legacy Spend File,309.848,1549.24,N,OK
2025-03-06,S012,Bristol Care & Education Centre,South,PowerDirect,Utilities,INV-2025-01428,66,136.28,8994.34,45,Procurement Portal,1798.8680000000002,8994.34,N,OK
2025-11-14,S010,Coventry Care & Education Centre,Midlands,PrintCo,Office & Training,INV-2025-01429,57,66.41,3785.18,30,ERP,757.0360000000001,3785.18,N,OK
2025-03-07,S018,Newport Care & Education Centre,Wales,MediSure,Medical Supplies,INV-2025-01430,40,103.05,4122.12,60,Procurement Portal,824.424,4122.12,Y,OK
2025-10-26,S001,Preston Care & Education Centre,North,RoadReady,Vehicle & Fuel,INV-2025-01431,70,112.5,7874.98,30,ERP,1574.996,7874.98,N,OK
2025-06-25,S007,Nottingham Care & Education Centre,Midlands,NetServe,IT & Telecoms,INV-2025-01432,38,344.57,13093.47,45,ERP,2618.694,13093.47,N,OK
2025-05-02,S016,Cardiff Care & Education Centre,Wales,CleanWorks,Facilities,INV-2025-01433,65,288.94,18781.07,60,ERP,3756.214,18781.07,Y,OK
2025-04-13,S003,Leeds Care & Education Centre,North,FleetFuel,Vehicle & Fuel,INV-2025-01434,26,68.94,1792.35,30,Procurement Portal,358.47,1792.35,Y,OK
2025-12-21,S013,Reading Care & Education Centre,South,PrintCo,Office & Training,INV-2025-01435,60,68.41,4104.81,60,Legacy Spend File,820.9620000000001,4104.81,N,OK
2025-06-03,S006,Birmingham Care & Education Centre,Midlands,AutoCare,Vehicle & Fuel,INV-2025-01436,54,110.97,5992.6,45,ERP,1198.5200000000002,5992.6,N,OK
2025-09-11,S009,Derby Care & Education Centre,Midlands,OfficePlus,Office & Training,INV-2025-01437,29,65.41,1896.95,30,Legacy Spend File,379.39000000000004,1896.95,N,OK
2025-11-16,S017,Swansea Care & Education Centre,Wales,WaterGrid,Utilities,INV-2025-01438,28,605.16,16944.62,30,Procurement Portal,3388.924,16944.62,N,OK
2025-07-12,S007,Nottingham Care & Education Centre,Midlands,AutoCare,Vehicle & Fuel,INV-2025-01439,27,124.45,3360.18,45,ERP,672.0360000000001,3360.18,N,OK
2025-02-07,S014,Southampton Care & Education Centre,South,FleetFuel,Vehicle & Fuel,INV-2025-01440,46,142.32,6546.6,30,Legacy Spend File,1309.3200000000002,6546.6,Y,OK
2025-08-14,S014,Southampton Care & Education Centre,South,SafeGuard FM,Facilities,INV-2025-01441,25,259.18,6479.62,60,Legacy Spend File,1295.924,6479.62,N,OK
2025-04-12,S016,Cardiff Care & Education Centre,Wales,MediSure,Medical Supplies,INV-2025-01442,26,228.81,5949.12,45,ERP,1189.824,5949.12,Y,OK
2025-03-31,S001,Preston Care & Education Centre,North,NetServe,IT & Telecoms,INV-2025-01443,44,243.03,10693.37,60,ERP,2138.6740000000004,10693.37,N,OK
2025-04-01,S006,Birmingham Care & Education Centre,Midlands,UK Energy Partners,Utilities,INV-2025-01444,34,122.51,4165.38,30,ERP,833.076,4165.38,N,OK
2025-12-02,S002,Manchester Care & Education Centre,North,SafeGuard FM,Facilities,INV-2025-01445,15,224.26,3363.83,45,ERP,672.7660000000001,3363.83,N,OK
2025-07-09,S020,Bangor Care & Education Centre,Wales,OfficePlus,Office & Training,INV-2025-01446,48,52.42,2516.04,60,ERP,503.208,2516.04,N,OK
2025-02-03,S001,Preston Care & Education Centre,North,NurseLink,Agency Labour,INV-2025-01447,16,224.31,3589.01,30,ERP,717.8020000000001,3589.01,N,OK
2025-07-13,S020,Bangor Care & Education Centre,Wales,PowerDirect,Utilities,INV-2025-01448,48,345.14,16566.9,45,Legacy Spend File,3313.3800000000006,16566.9,N,OK
2025-11-12,S008,Leicester Care & Education Centre,Midlands,UK Energy Partners,Utilities,INV-2025-01449,76,493.99,37543.29,30,Legacy Spend File,7508.658,37543.29,N,OK
2025-05-07,S017,Swansea Care & Education Centre,Wales,SafeGuard FM,Facilities,INV-2025-01450,7,182.12,1274.83,60,Procurement Portal,254.966,1274.83,N,OK
2025-02-11,S014,Southampton Care & Education Centre,South,OfficePlus,Office & Training,INV-2025-01451,61,88.89,5422.0,60,Legacy Spend File,1084.4,5422.0,N,OK
2025-07-18,S020,Bangor Care & Education Centre,Wales,BuildCare,Facilities,INV-2025-01452,66,459.06,30297.78,45,Procurement Portal,6059.5560000000005,30297.78,N,OK
2025-06-14,S017,Swansea Care & Education Centre,Wales,OfficePlus,Office & Training,INV-2025-01453,48,85.62,4109.69,60,Legacy Spend File,821.938,4109.69,N,OK
2025-05-18,S002,Manchester Care & Education Centre,North,LearnWell,Office & Training,INV-2025-01454,75,313.69,23526.95,45,Legacy Spend File,4705.39,23526.95,N,OK
2025-04-23,S003,Leeds Care & Education Centre,North,MediSure,Medical Supplies,INV-2025-01455,26,163.78,4258.27,45,ERP,851.6540000000001,4258.27,Y,OK
2025-08-06,S011,London Care & Education Centre,South,WaterGrid,Utilities,INV-2025-01456,49,94.92,4651.11,60,ERP,930.222,4651.11,N,OK
2025-02-13,S019,Wrexham Care & Education Centre,Wales,NetServe,IT & Telecoms,INV-2025-01457,18,332.94,5992.94,30,Procurement Portal,1198.588,5992.94,N,OK
2025-10-26,S007,Nottingham Care & Education Centre,Midlands,FleetFuel,Vehicle & Fuel,INV-2025-01458,6,117.16,702.94,45,Legacy Spend File,140.58800000000002,702.94,Y,OK
2025-08-19,S005,Sheffield Care & Education Centre,North,RoadReady,Vehicle & Fuel,INV-2025-01459,60,193.11,11586.38,45,Procurement Portal,2317.276,11586.38,N,OK
2025-05-20,S009,Derby Care & Education Centre,Midlands,LearnWell,Office & Training,INV-2025-01460,49,108.61,5321.75,30,ERP,1064.3500000000001,5321.75,N,OK
2025-11-27,S017,Swansea Care & Education Centre,Wales,WaterGrid,Utilities,INV-2025-01461,10,231.67,2316.69,45,ERP,463.338,2316.69,N,OK
2025-04-27,S017,Swansea Care & Education Centre,Wales,NourishCo,Food & Catering,INV-2025-01462,13,33.15,430.94,30,ERP,86.188,430.94,N,OK
2025-04-13,S017,Swansea Care & Education Centre,Wales,ClinEquip,Medical Supplies,INV-2025-01463,43,106.97,4599.62,30,Legacy Spend File,919.924,4599.62,N,OK
2025-12-16,S007,Nottingham Care & Education Centre,Midlands,TeleCare IT,IT & Telecoms,INV-2025-01464,36,137.81,4960.99,30,Legacy Spend File,992.198,4960.99,N,OK
2025-10-06,S007,Nottingham Care & Education Centre,Midlands,BuildCare,Facilities,INV-2025-01465,34,130.8,4447.2,30,Procurement Portal,889.44,4447.2,N,OK
2025-07-27,S014,Southampton Care & Education Centre,South,RoadReady,Vehicle & Fuel,INV-2025-01466,75,131.31,9848.59,60,ERP,1969.718,9848.59,N,OK
2025-04-27,S008,Leicester Care & Education Centre,Midlands,SafeGuard FM,Facilities,INV-2025-01467,30,450.97,13529.15,60,Legacy Spend File,2705.83,13529.15,N,OK
2025-09-22,S018,Newport Care & Education Centre,Wales,OfficePlus,Office & Training,INV-2025-01468,76,93.18,7081.85,60,Procurement Portal,1416.3700000000001,7081.85,N,OK
2025-02-13,S017,Swansea Care & Education Centre,Wales,LearnWell,Office & Training,INV-2025-01469,41,38.85,1592.92,30,Procurement Portal,318.58400000000006,1592.92,N,OK
2025-08-13,S018,Newport Care & Education Centre,Wales,HealthStaffing,Agency Labour,INV-2025-01470,58,383.11,22220.2,60,ERP,4444.04,22220.2,N,OK
2025-03-07,S011,London Care & Education Centre,South,BuildCare,Facilities,INV-2025-01471,40,347.62,13904.72,60,ERP,2780.944,13904.72,N,OK
2025-04-26,S012,Bristol Care & Education Centre,South,RoadReady,Vehicle & Fuel,INV-2025-01472,54,67.93,3668.29,45,Legacy Spend File,733.658,3668.29,N,OK
2025-10-03,S016,Cardiff Care & Education Centre,Wales,NurseLink,Agency Labour,INV-2025-01473,39,278.68,10868.62,45,Legacy Spend File,2173.724,10868.62,N,OK
2025-03-20,S006,Birmingham Care & Education Centre,Midlands,MediSure,Medical Supplies,INV-2025-01474,43,120.97,5201.85,60,Legacy Spend File,1040.3700000000001,5201.85,Y,OK
2025-04-15,S017,Swansea Care & Education Centre,Wales,CareTemps,Agency Labour,INV-2025-01475,51,194.82,9935.94,30,Legacy Spend File,1987.188,9935.94,N,OK
2025-02-25,S013,Reading Care & Education Centre,South,WaterGrid,Utilities,INV-2025-01476,43,357.1,15355.29,60,Procurement Portal,3071.0580000000004,15355.29,N,OK
2025-03-29,S004,Newcastle Care & Education Centre,North,CloudLink,IT & Telecoms,INV-2025-01477,14,205.84,2881.78,60,Legacy Spend File,576.3560000000001,2881.78,Y,OK
2025-11-05,S013,Reading Care & Education Centre,South,ClinEquip,Medical Supplies,INV-2025-01478,63,151.14,9522.09,30,ERP,1904.4180000000001,9522.09,N,OK
2025-05-26,S019,Wrexham Care & Education Centre,Wales,NourishCo,Food & Catering,INV-2025-01479,27,39.9,1077.18,30,Procurement Portal,215.43600000000004,1077.18,N,OK
2025-01-30,S013,Reading Care & Education Centre,South,NourishCo,Food & Catering,INV-2025-01480,48,51.1,2452.8,60,ERP,490.56000000000006,2452.8,N,OK
2025-07-20,S007,Nottingham Care & Education Centre,Midlands,RoadReady,Vehicle & Fuel,INV-2025-01481,21,141.34,2968.19,30,ERP,593.638,2968.19,N,OK
2025-02-05,S014,Southampton Care & Education Centre,South,CareTemps,Agency Labour,INV-2025-01482,50,244.38,12219.0,30,ERP,2443.8,12219.0,N,OK
2025-12-30,S014,Southampton Care & Education Centre,South,TeleCare IT,IT & Telecoms,INV-2025-01483,61,568.76,34694.33,30,Legacy Spend File,6938.866000000001,34694.33,N,OK
2025-04-14,S011,London Care & Education Centre,South,NetServe,IT & Telecoms,INV-2025-01484,65,176.59,11478.32,60,Legacy Spend File,2295.664,11478.32,N,OK
2025-01-04,S009,Derby Care & Education Centre,Midlands,CloudLink,IT & Telecoms,INV-2025-01485,19,248.94,4729.82,45,ERP,945.9639999999999,4729.82,Y,OK
2025-06-18,S009,Derby Care & Education Centre,Midlands,PowerDirect,Utilities,INV-2025-01486,73,417.54,30480.59,45,Procurement Portal,6096.118,30480.59,N,OK
2025-02-16,S013,Reading Care & Education Centre,South,ClinEquip,Medical Supplies,INV-2025-01487,37,55.0,2035.12,60,Procurement Portal,407.024,2035.12,N,OK
2025-11-10,S001,Preston Care & Education Centre,North,TeleCare IT,IT & Telecoms,INV-2025-01488,23,83.53,1921.15,45,ERP,384.23,1921.15,N,OK
2025-07-16,S011,London Care & Education Centre,South,CareTemps,Agency Labour,INV-2025-01489,24,129.63,3111.08,60,Legacy Spend File,622.216,3111.08,N,OK
2025-01-23,S008,Leicester Care & Education Centre,Midlands,NurseLink,Agency Labour,INV-2025-01490,31,600.76,18623.71,30,Procurement Portal,3724.742,18623.71,N,OK
2025-02-04,S011,London Care & Education Centre,South,NetServe,IT & Telecoms,INV-2025-01491,28,162.41,4547.4,45,Procurement Portal,909.48,4547.4,N,OK
2025-02-09,S020,Bangor Care & Education Centre,Wales,NourishCo,Food & Catering,INV-2025-01492,14,265.44,3716.19,60,Procurement Portal,743.238,3716.19,N,OK
2025-05-10,S008,Leicester Care & Education Centre,Midlands,OfficePlus,Office & Training,INV-2025-01493,27,54.99,1484.73,60,ERP,296.946,1484.73,N,OK
2025-11-24,S002,Manchester Care & Education Centre,North,MediSure,Medical Supplies,INV-2025-01494,60,132.82,7969.2,45,Procurement Portal,1593.8400000000001,7969.2,Y,OK
2025-07-23,S020,Bangor Care & Education Centre,Wales,HealthStaffing,Agency Labour,INV-2025-01495,5,700.6,3503.02,30,Procurement Portal,700.604,3503.02,N,OK
2025-12-10,S014,Southampton Care & Education Centre,South,SafeGuard FM,Facilities,INV-2025-01496,60,542.57,32553.9,45,Procurement Portal,6510.780000000001,32553.9,N,OK
2025-12-03,S001,Preston Care & Education Centre,North,KitchenPro,Food & Catering,INV-2025-01497,32,201.99,6463.65,60,Procurement Portal,1292.73,6463.65,N,OK
2025-03-24,S013,Reading Care & Education Centre,South,LearnWell,Office & Training,INV-2025-01498,22,145.78,3207.13,30,Legacy Spend File,641.426,3207.13,N,OK
2025-03-05,S010,Coventry Care & Education Centre,Midlands,SafeGuard FM,Facilities,INV-2025-01499,69,316.14,21813.79,60,Procurement Portal,4362.758000000001,21813.79,N,OK
2025-01-06,S004,Newcastle Care & Education Centre,North,KitchenPro,Food & Catering,INV-2025-01500,35,90.04,3151.47,30,Procurement Portal,630.294,3151.47,N,OK
2025-01-18,S007,Nottingham Care & Education Centre,Midlands,CleanWorks,Facilities,INV-2025-01501,69,276.18,19056.47,30,Procurement Portal,3811.2940000000003,19056.47,Y,OK
2025-09-25,S009,Derby Care & Education Centre,Midlands,ClinEquip,Medical Supplies,INV-2025-01502,14,88.62,1240.66,45,Legacy Spend File,248.13200000000003,1240.66,N,OK
2025-11-03,S019,Wrexham Care & Education Centre,Wales,OfficePlus,Office & Training,INV-2025-01503,1,47.82,47.82,30,Procurement Portal,9.564,47.82,N,OK
2025-05-03,S014,Southampton Care & Education Centre,South,WaterGrid,Utilities,INV-2025-01504,26,249.54,6487.95,30,ERP,1297.5900000000001,6487.95,N,OK
2025-06-22,S018,Newport Care & Education Centre,Wales,MediSure,Medical Supplies,INV-2025-01505,25,109.28,2731.94,60,Legacy Spend File,546.388,2731.94,Y,OK
2025-12-07,S004,Newcastle Care & Education Centre,North,UK Energy Partners,Utilities,INV-2025-01506,22,194.84,4286.51,60,ERP,857.3020000000001,4286.51,N,OK
2025-02-25,S004,Newcastle Care & Education Centre,North,NurseLink,Agency Labour,INV-2025-01507,42,440.01,18480.39,45,Legacy Spend File,3696.078,18480.39,N,OK
2025-04-17,S013,Reading Care & Education Centre,South,powerdirect,Utilities,INV-2025-01508,70,422.79,29595.39,45,Procurement Portal,5919.078,29595.39,N,OK
2025-02-24,S001,Preston Care & Education Centre,North,UK Energy Partners,Utilities,INV-2025-01509,46,262.46,12072.99,45,ERP,2414.598,12072.99,N,OK
2025-06-11,S006,Birmingham Care & Education Centre,Midlands,NurseLink,Agency Labour,INV-2025-01510,2,676.16,1352.31,45,ERP,270.462,1352.31,N,OK
2025-12-03,S016,Cardiff Care & Education Centre,Wales,UK Energy Partners,Utilities,INV-2025-01511,36,133.42,4803.26,60,Legacy Spend File,960.652,4803.26,N,OK
2025-04-22,S012,Bristol Care & Education Centre,South,MediSure,Medical Supplies,INV-2025-01512,53,107.88,5717.41,45,Legacy Spend File,1143.482,5717.41,Y,OK
2025-10-02,S013,Reading Care & Education Centre,South,KitchenPro,Food & Catering,INV-2025-01513,73,43.82,3199.0,30,Procurement Portal,639.8000000000001,3199.0,N,OK
2025-12-23,S014,Southampton Care & Education Centre,South,AutoCare,Vehicle & Fuel,INV-2025-01514,50,34.03,1701.57,60,Legacy Spend File,340.314,1701.57,N,OK
2025-11-22,S008,Leicester Care & Education Centre,Midlands,FleetFuel,Vehicle & Fuel,INV-2025-01515,41,90.78,3721.84,60,Procurement Portal,744.368,3721.84,Y,OK
2025-11-08,S012,Bristol Care & Education Centre,South,FleetFuel,Vehicle & Fuel,INV-2025-01516,75,88.85,6663.52,45,Procurement Portal,1332.7040000000002,6663.52,Y,OK
2025-10-28,S005,Sheffield Care & Education Centre,North,PowerDirect,Utilities,INV-2025-01517,2,574.71,1149.41,30,ERP,229.88200000000003,1149.41,N,OK
2025-05-02,S019,Wrexham Care & Education Centre,Wales,NourishCo,Food & Catering,INV-2025-01518,55,91.96,5057.7,30,Legacy Spend File,1011.54,5057.7,N,OK
2025-07-11,S012,Bristol Care & Education Centre,South,MediSure,Medical Supplies,INV-2025-01519,64,68.32,4372.42,45,ERP,874.484,4372.42,Y,OK
2025-11-25,S003,Leeds Care & Education Centre,North,HealthStaffing,Agency Labour,INV-2025-01520,5,831.75,4158.76,30,Legacy Spend File,831.7520000000001,4158.76,N,OK
2025-06-18,S009,Derby Care & Education Centre,Midlands,PrintCo,Office & Training,INV-2025-01521,18,146.8,2642.36,45,Procurement Portal,528.4720000000001,2642.36,N,OK
2025-08-01,S012,Bristol Care & Education Centre,South,ClinEquip,Medical Supplies,INV-2025-01522,37,165.28,6115.39,30,ERP,1223.0780000000002,6115.39,N,OK
2025-05-05,S017,Swansea Care & Education Centre,Wales,RoadReady,Vehicle & Fuel,INV-2025-01523,27,83.87,2264.59,60,ERP,452.91800000000006,2264.59,N,OK
2025-12-23,S010,Coventry Care & Education Centre,Midlands,PowerDirect,Utilities,INV-2025-01524,29,147.49,4277.25,60,Procurement Portal,855.45,4277.25,N,OK
2025-08-15,S010,Coventry Care & Education Centre,Midlands,FleetFuel,Vehicle & Fuel,INV-2025-01525,1,77.41,77.41,30,Procurement Portal,15.482,77.41,Y,OK
2025-11-21,S005,Sheffield Care & Education Centre,North,UK Energy Partners,Utilities,INV-2025-01526,19,454.99,8644.79,30,ERP,1728.9580000000003,8644.79,N,OK
2025-10-09,S010,Coventry Care & Education Centre,Midlands,BuildCare,Facilities,INV-2025-01527,27,507.49,13702.26,30,Legacy Spend File,2740.452,13702.26,N,OK
2025-08-28,S006,Birmingham Care & Education Centre,Midlands,NurseLink,Agency Labour,INV-2025-01528,40,701.04,28041.64,30,Legacy Spend File,5608.328,28041.64,N,OK
2025-04-01,S001,Preston Care & Education Centre,North,WaterGrid,Utilities,INV-2025-01529,78,191.06,14902.77,30,Procurement Portal,2980.554,14902.77,N,OK
2025-04-14,S009,Derby Care & Education Centre,Midlands,PrintCo,Office & Training,INV-2025-01530,35,40.52,1418.06,45,ERP,283.612,1418.06,N,OK
2025-03-27,S008,Leicester Care & Education Centre,Midlands,CareTemps,Agency Labour,INV-2025-01531,61,324.17,19774.41,45,Procurement Portal,3954.882,19774.41,N,OK
2025-09-04,S020,Bangor Care & Education Centre,Wales,HealthStaffing,Agency Labour,INV-2025-01532,3,113.42,340.27,45,Procurement Portal,68.054,340.27,N,OK
2025-10-03,S018,Newport Care & Education Centre,Wales,NetServe,IT & Telecoms,INV-2025-01533,20,262.79,5255.88,60,Legacy Spend File,1051.1760000000002,5255.88,N,OK
2025-08-26,S017,Swansea Care & Education Centre,Wales,TeleCare IT,IT & Telecoms,INV-2025-01534,40,202.85,8113.83,45,Procurement Portal,1622.766,8113.83,N,OK
2025-06-20,S015,Brighton Care & Education Centre,South,OfficePlus,Office & Training,INV-2025-01535,18,58.04,1044.76,60,Procurement Portal,208.952,1044.76,N,OK
2025-01-03,S004,Newcastle Care & Education Centre,North,CleanWorks,Facilities,INV-2025-01536,2,74.88,149.76,60,Legacy Spend File,29.951999999999998,149.76,Y,OK
2025-07-27,S014,Southampton Care & Education Centre,South,RoadReady,Vehicle & Fuel,INV-2025-01537,54,126.01,6804.51,45,Legacy Spend File,1360.902,6804.51,N,OK
2025-06-07,S003,Leeds Care & Education Centre,North,CareTemps,Agency Labour,INV-2025-01538,76,223.81,17009.55,30,Procurement Portal,3401.91,17009.55,N,OK
2025-10-17,S014,Southampton Care & Education Centre,South,NourishCo,Food & Catering,INV-2025-01539,21,34.16,717.27,30,Procurement Portal,143.454,717.27,N,OK
2025-12-30,S017,Swansea Care & Education Centre,Wales,AutoCare,Vehicle & Fuel,INV-2025-01540,63,19.57,1233.08,60,Legacy Spend File,246.61599999999999,1233.08,N,OK
2025-07-17,S002,Manchester Care & Education Centre,North,ClinEquip,Medical Supplies,INV-2025-01541,55,118.2,6500.87,60,ERP,1300.174,6500.87,N,OK
2025-07-05,S002,Manchester Care & Education Centre,North,OfficePlus,Office & Training,INV-2025-01542,4,198.79,795.14,60,Legacy Spend File,159.02800000000002,795.14,N,OK
2025-11-06,S016,Cardiff Care & Education Centre,Wales,SafeGuard FM,Facilities,INV-2025-01543,59,448.83,26481.11,60,ERP,5296.222000000001,26481.11,N,OK
2025-10-24,S009,Derby Care & Education Centre,Midlands,PowerDirect,Utilities,INV-2025-01544,21,194.43,4082.97,30,ERP,816.594,4082.97,N,OK
2025-12-28,S009,Derby Care & Education Centre,Midlands,CareTemps,Agency Labour,INV-2025-01545,76,215.41,16371.53,30,Legacy Spend File,3274.3060000000005,16371.53,N,OK
2025-08-07,S002,Manchester Care & Education Centre,North,HealthStaffing,Agency Labour,INV-2025-01546,33,388.23,12811.72,60,Procurement Portal,2562.344,12811.72,N,OK
2025-06-07,S003,Leeds Care & Education Centre,North,NurseLink,Agency Labour,INV-2025-01547,53,173.24,9181.65,60,ERP,1836.33,9181.65,N,OK
2025-05-18,S010,Coventry Care & Education Centre,Midlands,FleetFuel,Vehicle & Fuel,INV-2025-01548,27,112.15,3028.13,60,Procurement Portal,605.6260000000001,3028.13,Y,OK
2025-03-28,S010,Coventry Care & Education Centre,Midlands,CloudLink,IT & Telecoms,INV-2025-01549,63,335.28,21122.76,30,ERP,4224.552,21122.76,Y,OK
2025-08-02,S004,Newcastle Care & Education Centre,North,NurseLink,Agency Labour,INV-2025-01550,37,589.1,21796.7,60,Procurement Portal,4359.34,21796.7,N,OK
2025-04-06,S009,Derby Care & Education Centre,Midlands,SafeGuard FM,Facilities,INV-2025-01551,18,170.35,3066.35,30,Procurement Portal,613.27,3066.35,N,OK
2025-10-18,S008,Leicester Care & Education Centre,Midlands,NourishCo,Food & Catering,INV-2025-01552,28,58.11,1627.13,30,ERP,325.42600000000004,1627.13,N,OK
2025-05-13,S007,Nottingham Care & Education Centre,Midlands,CleanWorks,Facilities,INV-2025-01553,53,111.06,5886.16,45,Legacy Spend File,1177.232,5886.16,Y,OK
2025-03-27,S015,Brighton Care & Education Centre,South,KitchenPro,Food & Catering,INV-2025-01554,11,41.25,453.73,45,ERP,90.74600000000001,453.73,N,OK
2025-02-02,S001,Preston Care & Education Centre,North,NourishCo,Food & Catering,INV-2025-01555,44,57.39,2525.04,30,Legacy Spend File,505.00800000000004,2525.04,N,OK
2025-12-11,S005,Sheffield Care & Education Centre,North,LearnWell,Office & Training,INV-2025-01556,13,91.79,1193.31,30,ERP,238.662,1193.31,N,OK
2025-10-26,S015,Brighton Care & Education Centre,South,ClinEquip,Medical Supplies,INV-2025-01557,6,198.34,1190.02,30,ERP,238.00400000000002,1190.02,N,OK
2025-11-05,S020,Bangor Care & Education Centre,Wales,CareMed,Medical Supplies,INV-2025-01558,67,77.15,5169.01,45,Procurement Portal,1033.8020000000001,5169.01,N,OK
2025-08-08,S008,Leicester Care & Education Centre,Midlands,AutoCare,Vehicle & Fuel,INV-2025-01559,44,215.91,9499.98,45,Legacy Spend File,1899.996,9499.98,N,OK
2025-07-04,S001,Preston Care & Education Centre,North,FleetFuel,Vehicle & Fuel,INV-2025-01560,52,81.84,4255.65,45,Legacy Spend File,851.13,4255.65,Y,OK
2025-02-21,S005,Sheffield Care & Education Centre,North,RoadReady,Vehicle & Fuel,INV-2025-01561,1,93.89,93.89,45,Legacy Spend File,18.778000000000002,93.89,N,OK
2025-11-05,S014,Southampton Care & Education Centre,South,CleanWorks,Facilities,INV-2025-01562,16,119.34,1909.47,60,Procurement Portal,381.894,1909.47,Y,OK
2025-08-20,S009,Derby Care & Education Centre,Midlands,WaterGrid,Utilities,INV-2025-01563,80,65.9,5271.95,60,Legacy Spend File,1054.39,5271.95,N,OK
2025-04-07,S007,Nottingham Care & Education Centre,Midlands,NurseLink,Agency Labour,INV-2025-01564,1,487.85,487.85,60,Procurement Portal,97.57000000000001,487.85,N,OK
2025-06-16,S004,Newcastle Care & Education Centre,North,FleetFuel,Vehicle & Fuel,INV-2025-01565,57,142.47,8120.87,30,Legacy Spend File,1624.174,8120.87,Y,OK
2025-11-10,S003,Leeds Care & Education Centre,North,NurseLink,Agency Labour,INV-2025-01566,11,256.99,2826.93,45,Procurement Portal,565.386,2826.93,N,OK
2025-07-17,S014,Southampton Care & Education Centre,South,KitchenPro,Food & Catering,INV-2025-01567,38,67.44,2562.7,60,ERP,512.54,2562.7,N,OK
2025-10-20,S010,Coventry Care & Education Centre,Midlands,BuildCare,Facilities,INV-2025-01568,65,239.06,15539.04,30,ERP,3107.8080000000004,15539.04,N,OK
2025-12-11,S017,Swansea Care & Education Centre,Wales,NourishCo,Food & Catering,INV-2025-01569,71,27.52,1954.06,45,ERP,390.812,1954.06,N,OK
2025-12-06,S019,Wrexham Care & Education Centre,Wales,NourishCo,Food & Catering,INV-2025-01570,70,48.59,3401.27,30,ERP,680.254,3401.27,N,OK
2025-12-25,S020,Bangor Care & Education Centre,Wales,BuildCare,Facilities,INV-2025-01571,12,278.61,3343.28,30,Procurement Portal,668.6560000000001,3343.28,N,OK
2025-06-17,S008,Leicester Care & Education Centre,Midlands,MediSure,Medical Supplies,INV-2025-01572,50,60.2,3009.88,45,ERP,601.976,3009.88,Y,OK
2025-09-01,S019,Wrexham Care & Education Centre,Wales,NetServe,IT & Telecoms,INV-2025-01573,16,258.55,4136.78,60,ERP,827.356,4136.78,N,OK
2025-12-21,S019,Wrexham Care & Education Centre,Wales,OfficePlus,Office & Training,INV-2025-01574,43,35.57,1529.3,30,Legacy Spend File,305.86,1529.3,N,OK
2025-06-25,S019,Wrexham Care & Education Centre,Wales,KitchenPro,Food & Catering,INV-2025-01575,49,84.01,4116.44,60,Legacy Spend File,823.288,4116.44,N,OK
2025-11-25,S013,Reading Care & Education Centre,South,NurseLink,Agency Labour,INV-2025-01576,72,294.18,21180.7,45,ERP,4236.14,21180.7,N,OK
2025-05-29,S020,Bangor Care & Education Centre,Wales,CloudLink,IT & Telecoms,INV-2025-01577,12,90.5,1085.95,30,ERP,217.19000000000003,1085.95,Y,OK
2025-03-01,S016,Cardiff Care & Education Centre,Wales,PowerDirect,Utilities,INV-2025-01578,74,474.41,35106.19,45,ERP,7021.238000000001,35106.19,N,OK
2025-01-01,S002,Manchester Care & Education Centre,North,NurseLink,Agency Labour,INV-2025-01579,40,200.29,8011.53,30,Legacy Spend File,1602.306,8011.53,N,OK
2025-08-05,S008,Leicester Care & Education Centre,Midlands,WaterGrid,Utilities,INV-2025-01580,41,160.1,6564.25,45,Legacy Spend File,1312.8500000000001,6564.25,N,OK
2025-07-22,S012,Bristol Care & Education Centre,South,UK Energy Partners,Utilities,INV-2025-01581,2,279.16,558.31,60,Procurement Portal,111.66199999999999,558.31,N,OK
2025-04-23,S020,Bangor Care & Education Centre,Wales,SafeGuard FM,Facilities,INV-2025-01582,64,338.56,21667.97,60,Procurement Portal,4333.594,21667.97,N,OK
2025-12-07,S015,Brighton Care & Education Centre,South,CloudLink,IT & Telecoms,INV-2025-01583,5,125.83,629.15,60,Procurement Portal,125.83,629.15,Y,OK
2025-12-28,S007,Nottingham Care & Education Centre,Midlands,NourishCo,Food & Catering,INV-2025-01584,74,67.24,4975.97,45,Legacy Spend File,995.1940000000001,4975.97,N,OK
2025-12-27,S020,Bangor Care & Education Centre,Wales,LearnWell,Office & Training,INV-2025-01585,49,94.95,4652.49,30,Procurement Portal,930.498,4652.49,N,OK
2025-04-26,S019,Wrexham Care & Education Centre,Wales,PowerDirect,Utilities,INV-2025-01586,7,366.01,2562.09,30,Procurement Portal,512.418,2562.09,N,OK
2025-12-04,S020,Bangor Care & Education Centre,Wales,CareTemps,Agency Labour,INV-2025-01587,21,330.57,6942.02,30,Legacy Spend File,1388.4040000000002,6942.02,N,OK
2025-12-14,S020,Bangor Care & Education Centre,Wales,RoadReady,Vehicle & Fuel,INV-2025-01588,61,77.63,4735.7,45,Procurement Portal,947.14,4735.7,N,OK
2025-05-25,S012,Bristol Care & Education Centre,South,KitchenPro,Food & Catering,INV-2025-01589,37,41.23,1525.58,60,ERP,305.116,1525.58,N,OK
2025-03-09,S016,Cardiff Care & Education Centre,Wales,HealthStaffing,Agency Labour,INV-2025-01590,42,314.56,13211.35,60,ERP,2642.2700000000004,13211.35,N,OK
2025-12-02,S005,Sheffield Care & Education Centre,North,TeleCare IT,IT & Telecoms,INV-2025-01591,21,121.99,2561.82,60,ERP,512.364,2561.82,N,OK
2025-03-16,S009,Derby Care & Education Centre,Midlands,LearnWell,Office & Training,INV-2025-01592,27,15.04,406.09,30,Legacy Spend File,81.218,406.09,N,OK
2025-10-22,S007,Nottingham Care & Education Centre,Midlands,CareMed,Medical Supplies,INV-2025-01593,14,152.57,2135.93,60,ERP,427.186,2135.93,N,OK
2025-03-28,S011,London Care & Education Centre,South,NurseLink,Agency Labour,INV-2025-01594,8,493.22,3945.73,30,Procurement Portal,789.1460000000001,3945.73,N,OK
2025-03-02,S014,Southampton Care & Education Centre,South,CleanWorks,Facilities,INV-2025-01595,66,49.07,3238.93,60,Procurement Portal,647.7860000000001,3238.93,Y,OK
2025-11-18,S006,Birmingham Care & Education Centre,Midlands,HealthStaffing,Agency Labour,INV-2025-01596,52,172.16,8952.38,30,ERP,1790.4759999999999,8952.38,N,OK
2025-09-08,S006,Birmingham Care & Education Centre,Midlands,WaterGrid,Utilities,INV-2025-01597,39,351.42,13705.57,60,Legacy Spend File,2741.114,13705.57,N,OK
2025-12-10,S008,Leicester Care & Education Centre,Midlands,NurseLink,Agency Labour,INV-2025-01598,12,930.2,11162.46,45,Legacy Spend File,2232.4919999999997,11162.46,N,OK
2025-12-01,S013,Reading Care & Education Centre,South,NetServe,IT & Telecoms,INV-2025-01599,57,222.53,12684.24,45,ERP,2536.848,12684.24,N,OK
2025-03-04,S006,Birmingham Care & Education Centre,Midlands,FreshServe,Food & Catering,INV-2025-01600,63,43.55,2743.86,60,Legacy Spend File,548.772,2743.86,Y,OK
2025-10-28,S016,Cardiff Care & Education Centre,Wales,UK Energy Partners,Utilities,INV-2025-01601,74,226.08,16729.57,60,Procurement Portal,3345.914,16729.57,N,OK
2025-04-03,S014,Southampton Care & Education Centre,South,KitchenPro,Food & Catering,INV-2025-01602,50,138.46,6922.92,45,Legacy Spend File,1384.584,6922.92,N,OK
2025-10-20,S006,Birmingham Care & Education Centre,Midlands,CareTemps,Agency Labour,INV-2025-01603,17,210.29,3574.98,30,Procurement Portal,714.9960000000001,3574.98,N,OK
2025-12-25,S008,Leicester Care & Education Centre,Midlands,SafeGuard FM,Facilities,INV-2025-01604,3,115.98,347.93,45,Legacy Spend File,69.586,347.93,N,OK
2025-09-23,S009,Derby Care & Education Centre,Midlands,OfficePlus,Office & Training,INV-2025-01605,75,57.51,4313.34,60,Legacy Spend File,862.6680000000001,4313.34,N,OK
2025-12-04,S016,Cardiff Care & Education Centre,Wales,FreshServe,Food & Catering,INV-2025-01606,16,38.48,615.63,30,Legacy Spend File,123.126,615.63,Y,OK
2025-10-12,S011,London Care & Education Centre,South,CleanWorks,Facilities,INV-2025-01607,58,192.56,11168.68,45,ERP,2233.7360000000003,11168.68,Y,OK
2025-04-16,S019,Wrexham Care & Education Centre,Wales,BuildCare,Facilities,INV-2025-01608,21,439.89,9237.74,30,Legacy Spend File,1847.548,9237.74,N,OK
2025-03-05,S011,London Care & Education Centre,South,MediSure,Medical Supplies,INV-2025-01609,65,143.34,9316.78,45,Procurement Portal,1863.3560000000002,9316.78,Y,OK
2025-12-03,S019,Wrexham Care & Education Centre,Wales,SafeGuard FM,Facilities,INV-2025-01610,1,156.67,156.67,30,Procurement Portal,31.334,156.67,N,OK
2025-10-01,S007,Nottingham Care & Education Centre,Midlands,NetServe,IT & Telecoms,INV-2025-01611,57,187.38,10680.58,30,Legacy Spend File,2136.116,10680.58,N,OK
2025-06-30,S002,Manchester Care & Education Centre,North,AutoCare,Vehicle & Fuel,INV-2025-01612,78,40.21,3136.4,60,Legacy Spend File,627.2800000000001,3136.4,N,OK
2025-01-23,S008,Leicester Care & Education Centre,Midlands,KitchenPro,Food & Catering,INV-2025-01613,31,105.65,3275.04,30,ERP,655.008,3275.04,N,OK
2025-03-10,S012,Bristol Care & Education Centre,South,CloudLink,IT & Telecoms,INV-2025-01614,78,210.78,16440.88,60,ERP,3288.1760000000004,16440.88,Y,OK
2025-03-07,S004,Newcastle Care & Education Centre,North,RoadReady,Vehicle & Fuel,INV-2025-01615,80,86.02,6881.83,45,ERP,1376.366,6881.83,N,OK
2025-07-15,S005,Sheffield Care & Education Centre,North,TeleCare IT,IT & Telecoms,INV-2025-01616,21,1273.9,26751.86,45,Procurement Portal,5350.372,26751.86,N,OK
2025-08-06,S011,London Care & Education Centre,South,NetServe,IT & Telecoms,INV-2025-01617,19,259.29,4926.48,60,ERP,985.2959999999999,4926.48,N,OK
2025-12-23,S014,Southampton Care & Education Centre,South,NetServe,IT & Telecoms,INV-2025-01618,25,145.5,3637.38,60,Procurement Portal,727.4760000000001,3637.38,N,OK
2025-03-20,S003,Leeds Care & Education Centre,North,SafeGuard FM,Facilities,INV-2025-01619,41,142.37,5837.35,45,Procurement Portal,1167.47,5837.35,N,OK
2025-05-19,S010,Coventry Care & Education Centre,Midlands,UK Energy Partners,Utilities,INV-2025-01620,16,470.18,7522.81,60,ERP,1504.5620000000001,7522.81,N,OK
2025-06-18,S019,Wrexham Care & Education Centre,Wales,HealthStaffing,Agency Labour,INV-2025-01621,12,319.28,3831.41,45,Procurement Portal,766.282,3831.41,N,OK
2025-05-21,S003,Leeds Care & Education Centre,North,CleanWorks,Facilities,INV-2025-01622,2,81.61,163.21,30,Procurement Portal,32.642,163.21,Y,OK
2025-03-05,S017,Swansea Care & Education Centre,Wales,HealthStaffing,Agency Labour,INV-2025-01623,23,497.38,11439.79,60,Legacy Spend File,2287.958,11439.79,N,OK
2025-09-28,S006,Birmingham Care & Education Centre,Midlands,OfficePlus,Office & Training,INV-2025-01624,45,51.94,2337.11,60,Legacy Spend File,467.422,2337.11,N,OK
2025-02-20,S006,Birmingham Care & Education Centre,Midlands,NetServe,IT & Telecoms,INV-2025-01625,7,616.43,4315.0,30,Procurement Portal,863.0,4315.0,N,OK
2025-06-26,S001,Preston Care & Education Centre,North,HealthStaffing,Agency Labour,INV-2025-01626,69,543.38,37493.22,60,Legacy Spend File,7498.644,37493.22,N,OK
2025-03-07,S002,Manchester Care & Education Centre,North,PrintCo,Office & Training,INV-2025-01627,34,58.64,1993.85,30,Legacy Spend File,398.77,1993.85,N,OK
2025-03-06,S003,Leeds Care & Education Centre,North,BuildCare,Facilities,INV-2025-01628,19,364.13,6918.5,45,Legacy Spend File,1383.7,6918.5,N,OK
2025-11-24,S006,Birmingham Care & Education Centre,Midlands,CloudLink,IT & Telecoms,INV-2025-01629,48,228.37,10961.55,60,ERP,2192.31,10961.55,Y,OK
2025-08-23,S010,Coventry Care & Education Centre,Midlands,NurseLink,Agency Labour,INV-2025-01630,24,479.53,11508.74,45,Procurement Portal,2301.748,11508.74,N,OK
2025-08-08,S011,London Care & Education Centre,South,TeleCare IT,IT & Telecoms,INV-2025-01631,67,287.21,19243.4,60,ERP,3848.6800000000003,19243.4,N,OK
2025-07-28,S010,Coventry Care & Education Centre,Midlands,NourishCo,Food & Catering,INV-2025-01632,41,40.81,1673.15,30,Legacy Spend File,334.63000000000005,1673.15,N,OK
2025-05-03,S011,London Care & Education Centre,South,KitchenPro,Food & Catering,INV-2025-01633,12,45.62,547.49,30,Legacy Spend File,109.498,547.49,N,OK
2025-05-27,S013,Reading Care & Education Centre,South,KitchenPro,Food & Catering,INV-2025-01634,71,114.53,8131.87,45,ERP,1626.374,8131.87,N,OK
2025-09-12,S001,Preston Care & Education Centre,North,SafeGuard FM,Facilities,INV-2025-01635,66,149.73,9882.15,60,Legacy Spend File,1976.43,9882.15,N,OK
2025-01-08,S010,Coventry Care & Education Centre,Midlands,NourishCo,Food & Catering,INV-2025-01636,79,52.06,4112.67,30,Legacy Spend File,822.5340000000001,4112.67,N,OK
2025-10-01,S009,Derby Care & Education Centre,Midlands,NurseLink,Agency Labour,INV-2025-01637,45,177.41,7983.46,30,Legacy Spend File,1596.692,7983.46,N,OK
2025-08-18,S003,Leeds Care & Education Centre,North,ClinEquip,Medical Supplies,INV-2025-01638,22,151.48,3332.62,60,Legacy Spend File,666.524,3332.62,N,OK
2025-07-07,S020,Bangor Care & Education Centre,Wales,CleanWorks,Facilities,INV-2025-01639,18,559.67,10074.04,60,Procurement Portal,2014.8080000000002,10074.04,Y,OK
2025-07-14,S006,Birmingham Care & Education Centre,Midlands,CareTemps,Agency Labour,INV-2025-01640,22,166.77,3669.03,45,ERP,733.806,3669.03,N,OK
2025-03-02,S007,Nottingham Care & Education Centre,Midlands,PowerDirect,Utilities,INV-2025-01641,38,253.35,9627.39,45,Procurement Portal,1925.478,9627.39,N,OK
2025-01-02,S019,Wrexham Care & Education Centre,Wales,CloudLink,IT & Telecoms,INV-2025-01642,73,478.35,34919.77,45,ERP,6983.954,34919.77,Y,OK
2025-11-13,S014,Southampton Care & Education Centre,South,CareMed,Medical Supplies,INV-2025-01643,63,114.86,7236.0,30,Procurement Portal,1447.2,7236.0,N,OK
2025-06-02,S012,Bristol Care & Education Centre,South,LearnWell,Office & Training,INV-2025-01644,46,96.19,4424.59,30,ERP,884.9180000000001,4424.59,N,OK
2025-07-01,S009,Derby Care & Education Centre,Midlands,safeguard fm,Facilities,INV-2025-01645,2,100.35,200.7,30,Procurement Portal,40.14,200.7,N,OK
2025-09-28,S019,Wrexham Care & Education Centre,Wales,UK Energy Partners,Utilities,INV-2025-01646,66,316.41,20882.87,30,Procurement Portal,4176.574,20882.87,N,OK
2025-03-21,S019,Wrexham Care & Education Centre,Wales,OfficePlus,Office & Training,INV-2025-01647,33,67.66,2232.92,30,Procurement Portal,446.58400000000006,2232.92,N,OK
2025-07-06,S012,Bristol Care & Education Centre,South,RoadReady,Vehicle & Fuel,INV-2025-01648,55,163.37,8985.45,30,Legacy Spend File,1797.0900000000001,8985.45,N,OK
2025-12-03,S019,Wrexham Care & Education Centre,Wales,NourishCo,Food & Catering,INV-2025-01649,57,124.89,7118.85,30,ERP,1423.7700000000002,7118.85,N,OK
2025-07-03,S016,Cardiff Care & Education Centre,Wales,HealthStaffing,Agency Labour,INV-2025-01650,26,1246.43,32407.3,30,ERP,6481.46,32407.3,N,OK
2025-07-22,S016,Cardiff Care & Education Centre,Wales,MediSure,Medical Supplies,INV-2025-01651,54,165.06,8913.07,60,Procurement Portal,1782.614,8913.07,Y,OK
2025-04-12,S011,London Care & Education Centre,South,BuildCare,Facilities,INV-2025-01652,62,215.32,13350.1,60,Procurement Portal,2670.0200000000004,13350.1,N,OK
2025-10-09,S010,Coventry Care & Education Centre,Midlands,CareTemps,Agency Labour,INV-2025-01653,64,333.85,21366.44,60,Legacy Spend File,4273.288,21366.44,N,OK
2025-09-14,S015,Brighton Care & Education Centre,South,RoadReady,Vehicle & Fuel,INV-2025-01654,50,78.23,3911.43,30,ERP,782.2860000000001,3911.43,N,OK
2025-03-21,S011,London Care & Education Centre,South,MediSure,Medical Supplies,INV-2025-01655,45,144.55,6504.96,60,ERP,1300.9920000000002,6504.96,Y,OK
2025-12-14,S013,Reading Care & Education Centre,South,UK Energy Partners,Utilities,INV-2025-01656,44,212.51,9350.45,45,Legacy Spend File,1870.0900000000001,9350.45,N,OK
2025-09-03,S009,Derby Care & Education Centre,Midlands,CareMed,Medical Supplies,INV-2025-01657,38,131.65,5002.69,45,Procurement Portal,1000.538,5002.69,N,OK
2025-11-13,S011,London Care & Education Centre,South,HealthStaffing,Agency Labour,INV-2025-01658,20,619.22,12384.41,60,Legacy Spend File,2476.882,12384.41,N,OK
2025-02-28,S020,Bangor Care & Education Centre,Wales,WaterGrid,Utilities,INV-2025-01659,34,143.72,4886.46,60,ERP,977.292,4886.46,N,OK
2025-08-31,S012,Bristol Care & Education Centre,South,HealthStaffing,Agency Labour,INV-2025-01660,14,561.56,7861.82,60,Legacy Spend File,1572.364,7861.82,N,OK
2025-10-30,S008,Leicester Care & Education Centre,Midlands,CleanWorks,Facilities,INV-2025-01661,20,371.43,7428.67,30,ERP,1485.7340000000002,7428.67,Y,OK
2025-05-21,S018,Newport Care & Education Centre,Wales,HealthStaffing,Agency Labour,INV-2025-01662,25,281.14,7028.44,30,Procurement Portal,1405.688,7028.44,N,OK
2025-01-27,S014,Southampton Care & Education Centre,South,UK Energy Partners,Utilities,INV-2025-01663,49,77.82,3813.34,45,Legacy Spend File,762.6680000000001,3813.34,N,OK
2025-06-22,S013,Reading Care & Education Centre,South,UK Energy Partners,Utilities,INV-2025-01664,55,178.96,9842.77,45,ERP,1968.554,9842.77,N,OK
2025-01-27,S005,Sheffield Care & Education Centre,North,NurseLink,Agency Labour,INV-2025-01665,39,612.24,23877.48,30,Procurement Portal,4775.496,23877.48,N,OK
2025-12-31,S010,Coventry Care & Education Centre,Midlands,TeleCare IT,IT & Telecoms,INV-2025-01666,54,217.25,11731.52,30,Procurement Portal,2346.304,11731.52,N,OK
2025-01-01,S007,Nottingham Care & Education Centre,Midlands,CleanWorks,Facilities,INV-2025-01667,7,103.89,727.24,60,Legacy Spend File,145.448,727.24,Y,OK
2025-08-30,S007,Nottingham Care & Education Centre,Midlands,WaterGrid,Utilities,INV-2025-01668,36,189.39,6818.22,60,ERP,1363.6440000000002,6818.22,N,OK
2025-09-09,S002,Manchester Care & Education Centre,North,SafeGuard FM,Facilities,INV-2025-01669,47,285.8,13432.68,45,Procurement Portal,2686.536,13432.68,N,OK
2025-01-07,S005,Sheffield Care & Education Centre,North,KitchenPro,Food & Catering,INV-2025-01670,71,87.8,6233.98,30,Procurement Portal,1246.796,6233.98,N,OK
2025-10-29,S008,Leicester Care & Education Centre,Midlands,AutoCare,Vehicle & Fuel,INV-2025-01671,68,83.3,5664.49,60,Procurement Portal,1132.898,5664.49,N,OK
2025-10-27,S016,Cardiff Care & Education Centre,Wales,CloudLink,IT & Telecoms,INV-2025-01672,50,179.81,8990.26,30,ERP,1798.0520000000001,8990.26,Y,OK
2025-10-28,S005,Sheffield Care & Education Centre,North,FreshServe,Food & Catering,INV-2025-01673,25,52.4,1310.02,30,Legacy Spend File,262.004,1310.02,Y,OK
2025-10-07,S018,Newport Care & Education Centre,Wales,FreshServe,Food & Catering,INV-2025-01674,80,39.14,3130.94,45,Procurement Portal,626.1880000000001,3130.94,Y,OK
2025-10-01,S015,Brighton Care & Education Centre,South,OfficePlus,Office & Training,INV-2025-01675,20,182.35,3647.06,30,ERP,729.412,3647.06,N,OK
2025-12-31,S011,London Care & Education Centre,South,NurseLink,Agency Labour,INV-2025-01676,33,251.26,8291.73,60,Procurement Portal,1658.346,8291.73,N,OK
2025-03-02,S020,Bangor Care & Education Centre,Wales,PrintCo,Office & Training,INV-2025-01677,56,146.49,8203.18,30,Procurement Portal,1640.6360000000002,8203.18,N,OK
2025-11-03,S009,Derby Care & Education Centre,Midlands,MediSure,Medical Supplies,INV-2025-01678,36,277.05,9973.98,60,ERP,1994.796,9973.98,Y,OK
2025-02-01,S019,Wrexham Care & Education Centre,Wales,ClinEquip,Medical Supplies,INV-2025-01679,25,207.8,5194.93,60,Procurement Portal,1038.986,5194.93,N,OK
2025-08-13,S012,Bristol Care & Education Centre,South,FreshServe,Food & Catering,INV-2025-01680,66,51.26,3383.45,45,Legacy Spend File,676.69,3383.45,Y,OK
2025-05-20,S004,Newcastle Care & Education Centre,North,NurseLink,Agency Labour,INV-2025-01681,27,374.59,10113.95,30,ERP,2022.7900000000002,10113.95,N,OK
2025-12-23,S005,Sheffield Care & Education Centre,North,PowerDirect,Utilities,INV-2025-01682,2,246.7,493.39,60,Procurement Portal,98.678,493.39,N,OK
2025-04-23,S005,Sheffield Care & Education Centre,North,TeleCare IT,IT & Telecoms,INV-2025-01683,38,133.83,5085.65,60,Procurement Portal,1017.13,5085.65,N,OK
2025-04-25,S004,Newcastle Care & Education Centre,North,FreshServe,Food & Catering,INV-2025-01684,6,77.69,466.17,60,ERP,93.23400000000001,466.17,Y,OK
2025-03-17,S016,Cardiff Care & Education Centre,Wales,ClinEquip,Medical Supplies,INV-2025-01685,36,62.74,2258.69,30,Procurement Portal,451.73800000000006,2258.69,N,OK
2025-10-01,S004,Newcastle Care & Education Centre,North,UK Energy Partners,Utilities,INV-2025-01686,15,480.43,7206.47,30,Legacy Spend File,1441.294,7206.47,N,OK
2025-02-12,S008,Leicester Care & Education Centre,Midlands,RoadReady,Vehicle & Fuel,INV-2025-01687,71,73.58,5223.99,45,Legacy Spend File,1044.798,5223.99,N,OK
2025-05-31,S008,Leicester Care & Education Centre,Midlands,NurseLink,Agency Labour,INV-2025-01688,42,335.1,14074.08,30,Legacy Spend File,2814.8160000000003,14074.08,N,OK
2025-05-24,S017,Swansea Care & Education Centre,Wales,FleetFuel,Vehicle & Fuel,INV-2025-01689,23,111.02,2553.4,45,ERP,510.68000000000006,2553.4,Y,OK
2025-12-19,S003,Leeds Care & Education Centre,North,KitchenPro,Food & Catering,INV-2025-01690,49,56.37,2762.27,60,Procurement Portal,552.4540000000001,2762.27,N,OK
2025-04-23,S017,Swansea Care & Education Centre,Wales,WaterGrid,Utilities,INV-2025-01691,42,345.21,14498.67,45,ERP,2899.7340000000004,14498.67,N,OK
2025-08-17,S013,Reading Care & Education Centre,South,HealthStaffing,Agency Labour,INV-2025-01692,30,231.04,6931.16,60,Legacy Spend File,1386.232,6931.16,N,OK
2025-09-03,S006,Birmingham Care & Education Centre,Midlands,FleetFuel,Vehicle & Fuel,INV-2025-01693,12,153.41,1840.88,45,ERP,368.17600000000004,1840.88,Y,OK
2025-04-07,S012,Bristol Care & Education Centre,South,CleanWorks,Facilities,INV-2025-01694,73,85.86,6267.47,45,Legacy Spend File,1253.4940000000001,6267.47,Y,OK
2025-06-08,S014,Southampton Care & Education Centre,South,CloudLink,IT & Telecoms,INV-2025-01695,21,235.84,4952.55,30,Procurement Portal,990.5100000000001,4952.55,Y,OK
2025-03-15,S016,Cardiff Care & Education Centre,Wales,UK Energy Partners,Utilities,INV-2025-01696,10,726.23,7262.34,45,ERP,1452.468,7262.34,N,OK
2025-09-27,S015,Brighton Care & Education Centre,South,HealthStaffing,Agency Labour,INV-2025-01697,18,173.05,3114.96,60,ERP,622.9920000000001,3114.96,N,OK
2025-07-16,S004,Newcastle Care & Education Centre,North,NourishCo,Food & Catering,INV-2025-01698,3,44.77,134.32,30,ERP,26.864,134.32,N,OK
2025-05-08,S016,Cardiff Care & Education Centre,Wales,MediSure,Medical Supplies,INV-2025-01699,11,159.2,1751.16,45,ERP,350.232,1751.16,Y,OK
2025-02-24,S012,Bristol Care & Education Centre,South,MediSure,Medical Supplies,INV-2025-01700,70,132.46,9272.02,60,Procurement Portal,1854.4040000000002,9272.02,Y,OK
2025-03-13,S003,Leeds Care & Education Centre,North,FreshServe,Food & Catering,INV-2025-01701,62,78.83,4887.17,60,Procurement Portal,977.4340000000001,4887.17,Y,OK
2025-09-03,S004,Newcastle Care & Education Centre,North,TeleCare IT,IT & Telecoms,INV-2025-01702,20,287.92,5758.39,30,ERP,1151.678,5758.39,N,OK
2025-10-06,S017,Swansea Care & Education Centre,Wales,NetServe,IT & Telecoms,INV-2025-01703,16,311.91,4990.61,30,ERP,998.122,4990.61,N,OK
2025-09-19,S008,Leicester Care & Education Centre,Midlands,CloudLink,IT & Telecoms,INV-2025-01704,54,405.03,21871.65,30,ERP,4374.330000000001,21871.65,Y,OK
2025-08-07,S020,Bangor Care & Education Centre,Wales,MediSure,Medical Supplies,INV-2025-01705,50,150.34,7516.94,30,Procurement Portal,1503.388,7516.94,Y,OK
2025-12-17,S014,Southampton Care & Education Centre,South,CloudLink,IT & Telecoms,INV-2025-01706,50,192.66,9633.09,60,Legacy Spend File,1926.6180000000002,9633.09,Y,OK
2025-02-26,S014,Southampton Care & Education Centre,South,OfficePlus,Office & Training,INV-2025-01707,29,108.57,3148.56,30,Procurement Portal,629.712,3148.56,N,OK
2025-06-20,S017,Swansea Care & Education Centre,Wales,KitchenPro,Food & Catering,INV-2025-01708,16,184.81,2956.94,45,ERP,591.388,2956.94,N,OK
2025-08-08,S002,Manchester Care & Education Centre,North,CleanWorks,Facilities,INV-2025-01709,68,167.34,11378.9,45,Legacy Spend File,2275.78,11378.9,Y,OK
2025-12-08,S001,Preston Care & Education Centre,North,HealthStaffing,Agency Labour,INV-2025-01710,39,175.53,6845.54,60,Procurement Portal,1369.1080000000002,6845.54,N,OK
2025-09-13,S009,Derby Care & Education Centre,Midlands,NourishCo,Food & Catering,INV-2025-01711,48,119.5,5735.8,45,Legacy Spend File,1147.16,5735.8,N,OK
2025-12-02,S010,Coventry Care & Education Centre,Midlands,MediSure,Medical Supplies,INV-2025-01712,19,112.31,2133.93,45,ERP,426.786,2133.93,Y,OK
2025-09-02,S001,Preston Care & Education Centre,North,PrintCo,Office & Training,INV-2025-01713,9,22.7,204.33,30,Legacy Spend File,40.86600000000001,204.33,N,OK
2025-02-16,S002,Manchester Care & Education Centre,North,CloudLink,IT & Telecoms,INV-2025-01714,42,350.62,14726.14,30,ERP,2945.228,14726.14,Y,OK
2025-09-11,S011,London Care & Education Centre,South,RoadReady,Vehicle & Fuel,INV-2025-01715,55,70.77,3892.39,45,Legacy Spend File,778.4780000000001,3892.39,N,OK
2025-12-01,S003,Leeds Care & Education Centre,North,FleetFuel,Vehicle & Fuel,INV-2025-01716,32,90.39,2892.34,45,Procurement Portal,578.4680000000001,2892.34,Y,OK
2025-10-01,S013,Reading Care & Education Centre,South,PrintCo,Office & Training,INV-2025-01717,64,90.02,5761.54,60,Legacy Spend File,1152.308,5761.54,N,OK
2025-10-25,S010,Coventry Care & Education Centre,Midlands,HealthStaffing,Agency Labour,INV-2025-01718,54,333.14,17989.46,60,Legacy Spend File,3597.892,17989.46,N,OK
2025-02-14,S015,Brighton Care & Education Centre,South,PowerDirect,Utilities,INV-2025-01719,31,369.32,11448.87,45,ERP,2289.7740000000003,11448.87,N,OK
2025-10-13,S017,Swansea Care & Education Centre,Wales,CareMed,Medical Supplies,INV-2025-01720,61,94.44,5760.89,30,ERP,1152.178,5760.89,N,OK
2025-03-13,S002,Manchester Care & Education Centre,North,RoadReady,Vehicle & Fuel,INV-2025-01721,38,125.98,4787.06,45,ERP,957.4120000000001,4787.06,N,OK
2025-04-18,S011,London Care & Education Centre,South,HealthStaffing,Agency Labour,INV-2025-01722,29,260.09,7542.64,30,Legacy Spend File,1508.5280000000002,7542.64,N,OK
2025-12-27,S001,Preston Care & Education Centre,North,KitchenPro,Food & Catering,INV-2025-01723,19,97.59,1854.13,45,Legacy Spend File,370.826,1854.13,N,OK
2025-01-28,S017,Swansea Care & Education Centre,Wales,CareTemps,Agency Labour,INV-2025-01724,14,420.83,5891.65,60,Legacy Spend File,1178.33,5891.65,N,OK
2025-03-22,S017,Swansea Care & Education Centre,Wales,PrintCo,Office & Training,INV-2025-01725,4,44.84,179.34,30,Procurement Portal,35.868,179.34,N,OK
2025-02-09,S017,Swansea Care & Education Centre,Wales,FreshServe,Food & Catering,INV-2025-01726,2,118.12,236.23,60,Procurement Portal,47.246,236.23,Y,OK
2025-03-13,S002,Manchester Care & Education Centre,North,SafeGuard FM,Facilities,INV-2025-01727,68,134.05,9115.07,60,Procurement Portal,1823.0140000000001,9115.07,N,OK
2025-06-22,S004,Newcastle Care & Education Centre,North,NurseLink,Agency Labour,INV-2025-01728,57,467.88,26669.22,60,Legacy Spend File,5333.844000000001,26669.22,N,OK
2025-03-21,S012,Bristol Care & Education Centre,South,CloudLink,IT & Telecoms,INV-2025-01729,8,269.25,2153.99,60,ERP,430.798,2153.99,Y,OK
2025-03-24,S010,Coventry Care & Education Centre,Midlands,BuildCare,Facilities,INV-2025-01730,2,494.7,989.41,45,Procurement Portal,197.882,989.41,N,OK
2025-12-31,S005,Sheffield Care & Education Centre,North,PrintCo,Office & Training,INV-2025-01731,34,66.33,2255.08,60,Legacy Spend File,451.016,2255.08,N,OK
2025-03-22,S019,Wrexham Care & Education Centre,Wales,WaterGrid,Utilities,INV-2025-01732,35,206.3,7220.54,30,Legacy Spend File,1444.1080000000002,7220.54,N,OK
2025-04-19,S011,London Care & Education Centre,South,BuildCare,Facilities,INV-2025-01733,52,178.09,9260.56,60,ERP,1852.112,9260.56,N,OK
2025-10-14,S004,Newcastle Care & Education Centre,North,HealthStaffing,Agency Labour,INV-2025-01734,78,253.92,19806.04,30,Legacy Spend File,3961.2080000000005,19806.04,N,OK
2025-12-01,S008,Leicester Care & Education Centre,Midlands,LearnWell,Office & Training,INV-2025-01735,52,116.45,6055.36,45,ERP,1211.072,6055.36,N,OK
2025-08-06,S007,Nottingham Care & Education Centre,Midlands,AutoCare,Vehicle & Fuel,INV-2025-01736,25,39.05,976.31,45,ERP,195.262,976.31,N,OK
2025-11-05,S011,London Care & Education Centre,South,NourishCo,Food & Catering,INV-2025-01737,43,36.41,1565.66,30,ERP,313.13200000000006,1565.66,N,OK
2025-02-24,S020,Bangor Care & Education Centre,Wales,BuildCare,Facilities,INV-2025-01738,9,100.05,900.45,30,Legacy Spend File,180.09000000000003,900.45,N,OK
2025-10-10,S001,Preston Care & Education Centre,North,CloudLink,IT & Telecoms,INV-2025-01739,26,371.04,9646.91,60,ERP,1929.382,9646.91,Y,OK
2025-10-19,S015,Brighton Care & Education Centre,South,CloudLink,IT & Telecoms,INV-2025-01740,73,563.67,41147.74,30,Legacy Spend File,8229.548,41147.74,Y,OK
2025-06-11,S010,Coventry Care & Education Centre,Midlands,MediSure,Medical Supplies,INV-2025-01741,12,113.3,1359.61,45,ERP,271.92199999999997,1359.61,Y,OK
2025-09-14,S003,Leeds Care & Education Centre,North,TeleCare IT,IT & Telecoms,INV-2025-01742,25,200.49,5012.31,45,Procurement Portal,1002.4620000000001,5012.31,N,OK
2025-12-26,S001,Preston Care & Education Centre,North,FleetFuel,Vehicle & Fuel,INV-2025-01743,13,98.73,1283.51,45,Procurement Portal,256.702,1283.51,Y,OK
2025-03-18,S011,London Care & Education Centre,South,KitchenPro,Food & Catering,INV-2025-01744,4,123.15,492.61,60,Procurement Portal,98.522,492.61,N,OK
2025-03-24,S008,Leicester Care & Education Centre,Midlands,CareMed,Medical Supplies,INV-2025-01745,20,72.06,1441.13,60,Procurement Portal,288.22600000000006,1441.13,N,OK
2025-04-29,S011,London Care & Education Centre,South,KitchenPro,Food & Catering,INV-2025-01746,28,74.11,2074.95,60,Legacy Spend File,414.99,2074.95,N,OK
2025-09-22,S011,London Care & Education Centre,South,BuildCare,Facilities,INV-2025-01747,78,307.76,24005.17,60,Legacy Spend File,4801.034,24005.17,N,OK
2025-06-23,S014,Southampton Care & Education Centre,South,OfficePlus,Office & Training,INV-2025-01748,38,98.8,3754.37,45,Legacy Spend File,750.874,3754.37,N,OK
2025-12-16,S002,Manchester Care & Education Centre,North,ClinEquip,Medical Supplies,INV-2025-01749,50,133.19,6659.4,30,ERP,1331.88,6659.4,N,OK
2025-10-18,S014,Southampton Care & Education Centre,South,FreshServe,Food & Catering,INV-2025-01750,64,112.73,7214.48,30,ERP,1442.896,7214.48,Y,OK
2025-02-14,S004,Newcastle Care & Education Centre,North,NetServe,IT & Telecoms,INV-2025-01751,64,49.74,3183.49,30,Procurement Portal,636.698,3183.49,N,OK
2025-03-24,S011,London Care & Education Centre,South,SafeGuard FM,Facilities,INV-2025-01752,9,261.33,2351.98,45,Legacy Spend File,470.396,2351.98,N,OK
2025-02-06,S005,Sheffield Care & Education Centre,North,FleetFuel,Vehicle & Fuel,INV-2025-01753,23,66.3,1524.82,60,Procurement Portal,304.964,1524.82,Y,OK
2025-08-15,S007,Nottingham Care & Education Centre,Midlands,LearnWell,Office & Training,INV-2025-01754,18,27.4,493.25,30,Legacy Spend File,98.65,493.25,N,OK
2025-05-27,S013,Reading Care & Education Centre,South,CareMed,Medical Supplies,INV-2025-01755,52,158.96,8265.92,45,Legacy Spend File,1653.1840000000002,8265.92,N,OK
2025-07-07,S015,Brighton Care & Education Centre,South,SafeGuard FM,Facilities,INV-2025-01756,66,383.17,25288.97,60,Procurement Portal,5057.794000000001,25288.97,N,OK
2025-07-31,S006,Birmingham Care & Education Centre,Midlands,KitchenPro,Food & Catering,INV-2025-01757,65,60.27,3917.38,45,Procurement Portal,783.4760000000001,3917.38,N,OK
2025-11-26,S019,Wrexham Care & Education Centre,Wales,ClinEquip,Medical Supplies,INV-2025-01758,8,202.67,1621.35,60,ERP,324.27,1621.35,N,OK
2025-02-23,S013,Reading Care & Education Centre,South,MediSure,Medical Supplies,INV-2025-01759,38,291.27,11068.19,45,ERP,2213.6380000000004,11068.19,Y,OK
2025-04-25,S009,Derby Care & Education Centre,Midlands,HealthStaffing,Agency Labour,INV-2025-01760,50,618.31,30915.36,45,Legacy Spend File,6183.072,30915.36,N,OK
2025-08-28,S012,Bristol Care & Education Centre,South,RoadReady,Vehicle & Fuel,INV-2025-01761,69,234.13,16154.66,45,ERP,3230.9320000000002,16154.66,N,OK
2025-02-25,S006,Birmingham Care & Education Centre,Midlands,BuildCare,Facilities,INV-2025-01762,51,270.73,13807.3,45,ERP,2761.46,13807.3,N,OK
2025-06-12,S002,Manchester Care & Education Centre,North,FleetFuel,Vehicle & Fuel,INV-2025-01763,44,99.02,4357.07,60,Procurement Portal,871.414,4357.07,Y,OK
2025-05-23,S017,Swansea Care & Education Centre,Wales,OfficePlus,Office & Training,INV-2025-01764,59,31.08,1833.43,30,Legacy Spend File,366.68600000000004,1833.43,N,OK
2025-11-24,S002,Manchester Care & Education Centre,North,OfficePlus,Office & Training,INV-2025-01765,28,65.51,1834.19,45,Legacy Spend File,366.838,1834.19,N,OK
2025-07-05,S004,Newcastle Care & Education Centre,North,HealthStaffing,Agency Labour,INV-2025-01766,56,188.67,10565.49,45,ERP,2113.098,10565.49,N,OK
2025-12-17,S013,Reading Care & Education Centre,South,UK Energy Partners,Utilities,INV-2025-01767,55,825.08,45379.36,45,Procurement Portal,9075.872000000001,45379.36,N,OK
2025-03-14,S006,Birmingham Care & Education Centre,Midlands,CleanWorks,Facilities,INV-2025-01768,9,163.4,1470.63,45,Procurement Portal,294.12600000000003,1470.63,Y,OK
2025-08-20,S009,Derby Care & Education Centre,Midlands,NetServe,IT & Telecoms,INV-2025-01769,54,235.42,12712.92,60,ERP,2542.5840000000003,12712.92,N,OK
2025-01-28,S011,London Care & Education Centre,South,CloudLink,IT & Telecoms,INV-2025-01770,12,297.96,3575.47,45,Procurement Portal,715.094,3575.47,Y,OK
2025-04-12,S014,Southampton Care & Education Centre,South,CloudLink,IT & Telecoms,INV-2025-01771,45,225.34,10140.28,45,Procurement Portal,2028.0560000000003,10140.28,Y,OK
2025-08-12,S010,Coventry Care & Education Centre,Midlands,BuildCare,Facilities,INV-2025-01772,46,457.25,21033.6,60,Legacy Spend File,4206.72,21033.6,N,OK
2025-11-02,S013,Reading Care & Education Centre,South,ClinEquip,Medical Supplies,INV-2025-01773,26,85.2,2215.27,30,Legacy Spend File,443.05400000000003,2215.27,N,OK
2025-12-07,S015,Brighton Care & Education Centre,South,SafeGuard FM,Facilities,INV-2025-01774,41,200.33,8213.73,30,ERP,1642.746,8213.73,N,OK
2025-06-12,S008,Leicester Care & Education Centre,Midlands,SafeGuard FM,Facilities,INV-2025-01775,15,119.65,1794.8,60,Procurement Portal,358.96000000000004,1794.8,N,OK
2025-03-06,S017,Swansea Care & Education Centre,Wales,CareMed,Medical Supplies,INV-2025-01776,58,58.06,3367.49,60,Legacy Spend File,673.498,3367.49,N,OK
2025-04-07,S005,Sheffield Care & Education Centre,North,MediSure,Medical Supplies,INV-2025-01777,54,85.71,4628.57,60,Legacy Spend File,925.7139999999999,4628.57,Y,OK
2025-06-28,S017,Swansea Care & Education Centre,Wales,HealthStaffing,Agency Labour,INV-2025-01778,27,293.95,7936.67,30,Legacy Spend File,1587.334,7936.67,N,OK
2025-07-06,S014,Southampton Care & Education Centre,South,CareMed,Medical Supplies,INV-2025-01779,3,94.76,284.29,45,Procurement Portal,56.858000000000004,284.29,N,OK
2025-09-13,S018,Newport Care & Education Centre,Wales,KitchenPro,Food & Catering,INV-2025-01780,59,44.41,2620.43,45,Procurement Portal,524.086,2620.43,N,OK
2025-08-07,S002,Manchester Care & Education Centre,North,AutoCare,Vehicle & Fuel,INV-2025-01781,67,43.83,2936.86,45,ERP,587.3720000000001,2936.86,N,OK
2025-07-11,S018,Newport Care & Education Centre,Wales,learnwell,Office & Training,INV-2025-01782,23,71.65,1647.93,60,Legacy Spend File,329.586,1647.93,N,OK
2025-05-26,S009,Derby Care & Education Centre,Midlands,CareTemps,Agency Labour,INV-2025-01783,56,131.13,7343.26,60,Procurement Portal,1468.652,7343.26,N,OK
2025-02-23,S015,Brighton Care & Education Centre,South,FreshServe,Food & Catering,INV-2025-01784,12,98.73,1184.79,60,ERP,236.958,1184.79,Y,OK
2025-09-12,S020,Bangor Care & Education Centre,Wales,HealthStaffing,Agency Labour,INV-2025-01785,80,313.92,25113.25,60,ERP,5022.650000000001,25113.25,N,OK
2025-10-25,S017,Swansea Care & Education Centre,Wales,PrintCo,Office & Training,INV-2025-01786,5,33.64,168.22,60,Procurement Portal,33.644,168.22,N,OK
2025-08-21,S011,London Care & Education Centre,South,UK Energy Partners,Utilities,INV-2025-01787,71,210.9,14974.08,45,ERP,2994.8160000000003,14974.08,N,OK
2025-06-29,S019,Wrexham Care & Education Centre,Wales,OfficePlus,Office & Training,INV-2025-01788,60,49.59,2975.44,45,Legacy Spend File,595.0880000000001,2975.44,N,OK
2025-07-11,S004,Newcastle Care & Education Centre,North,HealthStaffing,Agency Labour,INV-2025-01789,29,357.57,10369.5,60,Procurement Portal,2073.9,10369.5,N,OK
2025-08-01,S011,London Care & Education Centre,South,TeleCare IT,IT & Telecoms,INV-2025-01790,31,459.84,14254.99,30,Procurement Portal,2850.998,14254.99,N,OK
2025-03-20,S018,Newport Care & Education Centre,Wales,MediSure,Medical Supplies,INV-2025-01791,48,42.78,2053.6,60,Legacy Spend File,410.72,2053.6,Y,OK
2025-03-29,S002,Manchester Care & Education Centre,North,RoadReady,Vehicle & Fuel,INV-2025-01792,74,101.2,7489.12,45,ERP,1497.824,7489.12,N,OK
2025-11-12,S018,Newport Care & Education Centre,Wales,HealthStaffing,Agency Labour,INV-2025-01793,51,274.71,14010.12,30,Legacy Spend File,2802.0240000000003,14010.12,N,OK
2025-07-19,S004,Newcastle Care & Education Centre,North,BuildCare,Facilities,INV-2025-01794,23,260.39,5989.05,45,Procurement Portal,1197.8100000000002,5989.05,N,OK
2025-04-29,S012,Bristol Care & Education Centre,South,SafeGuard FM,Facilities,INV-2025-01795,13,202.39,2631.12,60,ERP,526.224,2631.12,N,OK
2025-10-23,S007,Nottingham Care & Education Centre,Midlands,KitchenPro,Food & Catering,INV-2025-01796,51,42.98,2192.13,60,Procurement Portal,438.42600000000004,2192.13,N,OK
2025-04-15,S009,Derby Care & Education Centre,Midlands,SafeGuard FM,Facilities,INV-2025-01797,12,151.03,1812.36,30,ERP,362.472,1812.36,N,OK
2025-10-31,S003,Leeds Care & Education Centre,North,ClinEquip,Medical Supplies,INV-2025-01798,20,77.45,1549.07,30,Legacy Spend File,309.814,1549.07,N,OK
2025-07-15,S012,Bristol Care & Education Centre,South,KitchenPro,Food & Catering,INV-2025-01799,4,117.47,469.88,60,Legacy Spend File,93.976,469.88,N,OK
2025-11-20,S020,Bangor Care & Education Centre,Wales,PrintCo,Office & Training,INV-2025-01800,46,75.88,3490.68,30,ERP,698.136,3490.68,N,OK
