Month,SiteID,SiteName,Region,VehicleID,VehicleType,Miles,FuelLitres,FuelCost,MaintenanceCost,LeaseCost,TotalFleetCost
2025-01-01,S001,Preston Care & Education Centre,North,VH0077,Van,1525,179.4,265.51,145.15,450,860.66
2025-01-01,S001,Preston Care & Education Centre,North,VH0050,Car,872,83.0,122.84,28.9,450,601.74
2025-01-01,S001,Preston Care & Education Centre,North,VH0138,Car,599,57.0,84.36,23.27,380,487.63
2025-01-01,S001,Preston Care & Education Centre,North,VH0063,Car,1116,106.3,157.32,190.7,320,668.02
2025-01-01,S002,Manchester Care & Education Centre,North,VH0118,MPV,654,62.3,92.2,221.6,450,763.8
2025-01-01,S002,Manchester Care & Education Centre,North,VH0032,Minibus,929,109.3,161.76,261.74,380,803.5
2025-01-01,S002,Manchester Care & Education Centre,North,VH0028,Car,1453,138.4,204.83,221.75,320,746.58
2025-01-01,S003,Leeds Care & Education Centre,North,VH0093,Van,982,115.5,170.94,78.7,320,569.64
2025-01-01,S003,Leeds Care & Education Centre,North,VH0054,Van,512,60.2,89.1,92.47,320,501.57
2025-01-01,S003,Leeds Care & Education Centre,North,VH0101,MPV,997,95.0,140.6,71.03,520,731.63
2025-01-01,S003,Leeds Care & Education Centre,North,VH0026,Van,1017,119.6,177.01,156.15,450,783.16
2025-01-01,S003,Leeds Care & Education Centre,North,VH0126,Van,993,116.8,172.86,98.0,380,650.86
2025-01-01,S003,Leeds Care & Education Centre,North,VH0006,MPV,1092,104.0,153.92,185.36,450,789.28
2025-01-01,S004,Newcastle Care & Education Centre,North,VH0046,Minibus,777,91.4,135.27,362.87,450,948.14
2025-01-01,S004,Newcastle Care & Education Centre,North,VH0009,Van,1025,120.6,178.49,151.51,320,650.0
2025-01-01,S004,Newcastle Care & Education Centre,North,VH0031,MPV,1227,116.9,173.01,168.66,450,791.67
2025-01-01,S005,Sheffield Care & Education Centre,North,VH0050,Car,1288,122.7,181.6,172.97,380,734.5699999999999
2025-01-01,S005,Sheffield Care & Education Centre,North,VH0008,MPV,896,85.3,126.24,178.92,450,755.16
2025-01-01,S005,Sheffield Care & Education Centre,North,VH0138,Car,764,72.8,107.74,158.68,380,646.4200000000001
2025-01-01,S006,Birmingham Care & Education Centre,Midlands,VH0084,Car,1041,99.1,146.67,133.35,380,660.02
2025-01-01,S006,Birmingham Care & Education Centre,Midlands,VH0036,Minibus,1017,119.6,177.01,99.45,450,726.46
2025-01-01,S006,Birmingham Care & Education Centre,Midlands,VH0057,Van,912,107.3,158.8,157.43,380,696.23
2025-01-01,S007,Nottingham Care & Education Centre,Midlands,VH0090,Van,1089,128.1,189.59,67.79,520,777.38
2025-01-01,S007,Nottingham Care & Education Centre,Midlands,VH0076,Van,1366,160.7,237.84,80.71,380,698.55
2025-01-01,S007,Nottingham Care & Education Centre,Midlands,VH0120,Minibus,1292,152.0,224.96,284.18,380,889.14
2025-01-01,S008,Leicester Care & Education Centre,Midlands,VH0072,MPV,888,84.6,125.21,292.02,380,797.23
2025-01-01,S008,Leicester Care & Education Centre,Midlands,VH0101,Van,751,88.4,130.83,223.53,520,874.36
2025-01-01,S008,Leicester Care & Education Centre,Midlands,VH0027,Van,1300,152.9,226.29,96.35,520,842.64
2025-01-01,S008,Leicester Care & Education Centre,Midlands,VH0080,Minibus,1398,164.5,243.46,230.0,450,923.46
2025-01-01,S009,Derby Care & Education Centre,Midlands,VH0028,Van,1122,132.0,195.36,170.83,380,746.19
2025-01-01,S009,Derby Care & Education Centre,Midlands,VH0099,Car,1016,96.8,143.26,214.86,450,808.12
2025-01-01,S009,Derby Care & Education Centre,Midlands,VH0110,Van,1248,146.8,217.26,10.12,450,677.38
2025-01-01,S009,Derby Care & Education Centre,Midlands,VH0052,Minibus,1376,161.9,239.61,117.0,520,876.61
2025-01-01,S009,Derby Care & Education Centre,Midlands,VH0091,Car,1308,124.6,184.41,240.14,320,744.55
2025-01-01,S009,Derby Care & Education Centre,Midlands,VH0096,MPV,777,74.0,109.52,117.13,450,676.65
2025-01-01,S009,Derby Care & Education Centre,Midlands,VH0017,Van,773,90.9,134.53,132.81,380,647.34
2025-01-01,S010,Coventry Care & Education Centre,Midlands,VH0063,Minibus,972,114.4,169.31,312.37,320,801.6800000000001
2025-01-01,S010,Coventry Care & Education Centre,Midlands,VH0019,Car,1377,131.1,194.03,261.65,450,905.68
2025-01-01,S010,Coventry Care & Education Centre,Midlands,VH0056,Car,909,86.6,128.17,133.26,450,711.43
2025-01-01,S010,Coventry Care & Education Centre,Midlands,VH0096,MPV,629,59.9,88.65,85.53,520,694.1800000000001
2025-01-01,S010,Coventry Care & Education Centre,Midlands,VH0038,Minibus,1291,151.9,224.81,379.25,380,984.06
2025-01-01,S011,London Care & Education Centre,South,VH0017,Minibus,741,87.2,129.06,202.6,320,651.66
2025-01-01,S011,London Care & Education Centre,South,VH0099,Van,1043,122.7,181.6,172.41,520,874.01
2025-01-01,S011,London Care & Education Centre,South,VH0073,Minibus,847,99.6,147.41,283.92,450,881.33
2025-01-01,S011,London Care & Education Centre,South,VH0055,MPV,931,88.7,131.28,148.84,380,660.12
2025-01-01,S011,London Care & Education Centre,South,VH0135,Car,1186,113.0,167.24,150.51,520,837.75
2025-01-01,S011,London Care & Education Centre,South,VH0056,Van,940,110.6,163.69,141.23,320,624.92
2025-01-01,S011,London Care & Education Centre,South,VH0027,Minibus,1027,120.8,178.78,220.4,520,919.1800000000001
2025-01-01,S012,Bristol Care & Education Centre,South,VH0032,Minibus,985,115.9,171.53,377.89,520,1069.42
2025-01-01,S012,Bristol Care & Education Centre,South,VH0116,MPV,1190,113.3,167.68,126.36,320,614.04
2025-01-01,S012,Bristol Care & Education Centre,South,VH0044,Minibus,1224,144.0,213.12,223.29,320,756.41
2025-01-01,S013,Reading Care & Education Centre,South,VH0002,Car,1343,127.9,189.29,179.57,450,818.86
2025-01-01,S013,Reading Care & Education Centre,South,VH0119,Car,1023,97.4,144.15,185.82,320,649.97
2025-01-01,S013,Reading Care & Education Centre,South,VH0073,Van,657,77.3,114.4,59.86,320,494.26
2025-01-01,S013,Reading Care & Education Centre,South,VH0034,Van,751,88.4,130.83,161.44,450,742.27
2025-01-01,S013,Reading Care & Education Centre,South,VH0104,Minibus,1483,174.5,258.26,428.5,450,1136.76
2025-01-01,S013,Reading Care & Education Centre,South,VH0010,Minibus,1209,142.2,210.46,290.07,520,1020.53
2025-01-01,S013,Reading Care & Education Centre,South,VH0137,Car,599,57.0,84.36,106.59,450,640.95
2025-01-01,S014,Southampton Care & Education Centre,South,VH0013,Minibus,853,100.4,148.59,200.33,320,668.9200000000001
2025-01-01,S014,Southampton Care & Education Centre,South,VH0101,Car,1007,95.9,141.93,112.23,380,634.1600000000001
2025-01-01,S014,Southampton Care & Education Centre,South,VH0077,Car,555,52.9,78.29,209.83,320,608.12
2025-01-01,S014,Southampton Care & Education Centre,South,VH0117,MPV,781,74.4,110.11,169.14,320,599.25
2025-01-01,S014,Southampton Care & Education Centre,South,VH0127,Minibus,1568,184.5,273.06,176.45,520,969.51
2025-01-01,S014,Southampton Care & Education Centre,South,VH0032,MPV,417,39.7,58.76,127.12,380,565.88
2025-01-01,S015,Brighton Care & Education Centre,South,VH0049,Car,1325,126.2,186.78,306.67,320,813.45
2025-01-01,S015,Brighton Care & Education Centre,South,VH0095,Minibus,742,87.3,129.2,289.74,320,738.94
2025-01-01,S015,Brighton Care & Education Centre,South,VH0138,Car,933,88.9,131.57,141.52,320,593.09
2025-01-01,S016,Cardiff Care & Education Centre,Wales,VH0020,MPV,1711,163.0,241.24,29.76,380,651.0
2025-01-01,S016,Cardiff Care & Education Centre,Wales,VH0068,Van,1113,130.9,193.73,187.42,320,701.15
2025-01-01,S016,Cardiff Care & Education Centre,Wales,VH0085,MPV,1321,125.8,186.18,157.84,450,794.02
2025-01-01,S016,Cardiff Care & Education Centre,Wales,VH0098,MPV,1127,107.3,158.8,118.67,520,797.47
2025-01-01,S016,Cardiff Care & Education Centre,Wales,VH0070,Van,1117,131.4,194.47,122.54,320,637.01
2025-01-01,S017,Swansea Care & Education Centre,Wales,VH0136,MPV,1205,114.8,169.9,120.43,320,610.33
2025-01-01,S017,Swansea Care & Education Centre,Wales,VH0062,Minibus,1144,134.6,199.21,247.66,450,896.87
2025-01-01,S017,Swansea Care & Education Centre,Wales,VH0123,Car,1331,126.8,187.66,145.89,450,783.55
2025-01-01,S017,Swansea Care & Education Centre,Wales,VH0126,MPV,606,57.7,85.4,250.95,380,716.35
2025-01-01,S017,Swansea Care & Education Centre,Wales,VH0072,Car,823,78.4,116.03,97.7,320,533.73
2025-01-01,S017,Swansea Care & Education Centre,Wales,VH0083,Van,901,106.0,156.88,259.96,320,736.8399999999999
2025-01-01,S017,Swansea Care & Education Centre,Wales,VH0124,MPV,516,49.1,72.67,401.02,320,793.69
2025-01-01,S018,Newport Care & Education Centre,Wales,VH0120,Car,1314,125.1,185.15,167.86,450,803.01
2025-01-01,S018,Newport Care & Education Centre,Wales,VH0099,MPV,1036,98.7,146.08,172.84,450,768.9200000000001
2025-01-01,S018,Newport Care & Education Centre,Wales,VH0049,Minibus,1180,138.8,205.42,301.62,520,1027.04
2025-01-01,S018,Newport Care & Education Centre,Wales,VH0125,MPV,1188,113.1,167.39,157.17,320,644.56
2025-01-01,S019,Wrexham Care & Education Centre,Wales,VH0057,MPV,1000,95.2,140.9,137.9,520,798.8
2025-01-01,S019,Wrexham Care & Education Centre,Wales,VH0094,MPV,1001,95.3,141.04,240.7,320,701.74
2025-01-01,S019,Wrexham Care & Education Centre,Wales,VH0099,Minibus,1198,140.9,208.53,14.77,520,743.3
2025-01-01,S019,Wrexham Care & Education Centre,Wales,VH0116,MPV,1213,115.5,170.94,165.58,450,786.52
2025-01-01,S020,Bangor Care & Education Centre,Wales,VH0027,Van,1045,122.9,181.89,118.92,380,680.81
2025-01-01,S020,Bangor Care & Education Centre,Wales,VH0038,Minibus,1331,156.6,231.77,325.8,320,877.57
2025-01-01,S020,Bangor Care & Education Centre,Wales,VH0119,Van,856,100.7,149.04,182.56,520,851.6
2025-01-01,S020,Bangor Care & Education Centre,Wales,VH0028,Minibus,807,94.9,140.45,139.63,450,730.0799999999999
2025-01-01,S020,Bangor Care & Education Centre,Wales,VH0029,Car,893,85.0,125.8,218.99,320,664.79
2025-01-01,S020,Bangor Care & Education Centre,Wales,VH0062,Minibus,1288,151.5,224.22,291.05,520,1035.27
2025-01-01,S020,Bangor Care & Education Centre,Wales,VH0005,MPV,1231,117.2,173.46,191.29,380,744.75
2025-02-01,S001,Preston Care & Education Centre,North,VH0129,Minibus,889,104.6,154.81,284.55,450,889.36
2025-02-01,S001,Preston Care & Education Centre,North,VH0111,Car,1250,119.0,176.12,210.34,320,706.46
2025-02-01,S001,Preston Care & Education Centre,North,VH0131,Van,1347,158.5,234.58,206.66,520,961.24
2025-02-01,S001,Preston Care & Education Centre,North,VH0086,MPV,1137,108.3,160.28,235.61,450,845.89
2025-02-01,S001,Preston Care & Education Centre,North,VH0014,MPV,1043,99.3,146.96,79.45,520,746.4100000000001
2025-02-01,S001,Preston Care & Education Centre,North,VH0113,MPV,1009,96.1,142.23,90.41,450,682.64
2025-02-01,S002,Manchester Care & Education Centre,North,VH0127,MPV,881,83.9,124.17,138.44,320,582.61
2025-02-01,S002,Manchester Care & Education Centre,North,VH0133,Car,851,81.0,119.88,125.36,320,565.24
2025-02-01,S002,Manchester Care & Education Centre,North,VH0111,Minibus,576,67.8,100.34,267.06,380,747.4
2025-02-01,S002,Manchester Care & Education Centre,North,VH0028,Car,1050,100.0,148.0,84.63,320,552.63
2025-02-01,S002,Manchester Care & Education Centre,North,VH0013,Minibus,1214,142.8,211.34,325.01,380,916.35
2025-02-01,S002,Manchester Care & Education Centre,North,VH0064,Van,648,76.2,112.78,88.98,520,721.76
2025-02-01,S002,Manchester Care & Education Centre,North,VH0029,Van,857,100.8,149.18,74.81,320,543.99
2025-02-01,S003,Leeds Care & Education Centre,North,VH0069,MPV,1257,119.7,177.16,134.49,450,761.65
2025-02-01,S003,Leeds Care & Education Centre,North,VH0127,Minibus,983,115.6,171.09,89.69,450,710.78
2025-02-01,S003,Leeds Care & Education Centre,North,VH0053,Car,1208,115.0,170.2,50.86,320,541.06
2025-02-01,S003,Leeds Care & Education Centre,North,VH0044,MPV,1064,101.3,149.92,172.19,520,842.11
2025-02-01,S004,Newcastle Care & Education Centre,North,VH0062,MPV,1390,132.4,195.95,45.29,450,691.24
2025-02-01,S004,Newcastle Care & Education Centre,North,VH0044,Van,295,34.7,51.36,164.71,380,596.0699999999999
2025-02-01,S004,Newcastle Care & Education Centre,North,VH0081,Car,1500,142.9,211.49,249.12,520,980.61
2025-02-01,S004,Newcastle Care & Education Centre,North,VH0018,Van,1102,129.6,191.81,110.67,450,752.48
2025-02-01,S004,Newcastle Care & Education Centre,North,VH0043,Car,1251,119.1,176.27,72.12,380,628.39
2025-02-01,S005,Sheffield Care & Education Centre,North,VH0020,Car,1169,111.3,164.72,190.44,520,875.16
2025-02-01,S005,Sheffield Care & Education Centre,North,VH0044,MPV,1315,125.2,185.3,370.77,520,1076.07
2025-02-01,S005,Sheffield Care & Education Centre,North,VH0003,Car,1148,109.3,161.76,109.28,320,591.04
2025-02-01,S005,Sheffield Care & Education Centre,North,VH0091,Car,1043,99.3,146.96,8.47,450,605.4300000000001
2025-02-01,S005,Sheffield Care & Education Centre,North,VH0122,MPV,876,83.4,123.43,117.26,380,620.69
2025-02-01,S006,Birmingham Care & Education Centre,Midlands,VH0025,Van,918,108.0,159.84,162.19,520,842.03
2025-02-01,S006,Birmingham Care & Education Centre,Midlands,VH0026,Minibus,844,99.3,146.96,339.68,450,936.64
2025-02-01,S006,Birmingham Care & Education Centre,Midlands,VH0078,Van,1050,123.5,182.78,149.26,450,782.04
2025-02-01,S006,Birmingham Care & Education Centre,Midlands,VH0086,Minibus,968,113.9,168.57,262.42,520,950.99
2025-02-01,S007,Nottingham Care & Education Centre,Midlands,VH0091,Van,1256,147.8,218.74,80.63,320,619.37
2025-02-01,S007,Nottingham Care & Education Centre,Midlands,VH0078,Minibus,885,104.1,154.07,225.7,320,699.77
2025-02-01,S007,Nottingham Care & Education Centre,Midlands,VH0086,MPV,713,67.9,100.49,84.46,520,704.95
2025-02-01,S008,Leicester Care & Education Centre,Midlands,VH0037,MPV,930,88.6,131.13,219.95,520,871.0799999999999
2025-02-01,S008,Leicester Care & Education Centre,Midlands,VH0092,Minibus,1115,131.2,194.18,265.49,380,839.6700000000001
2025-02-01,S008,Leicester Care & Education Centre,Midlands,VH0128,Car,1262,120.2,177.9,139.01,380,696.91
2025-02-01,S008,Leicester Care & Education Centre,Midlands,VH0008,Van,1147,134.9,199.65,141.74,320,661.39
2025-02-01,S009,Derby Care & Education Centre,Midlands,VH0140,Minibus,1116,131.3,194.32,203.38,450,847.7
2025-02-01,S009,Derby Care & Education Centre,Midlands,VH0116,Van,440,51.8,76.66,139.26,520,735.92
2025-02-01,S009,Derby Care & Education Centre,Midlands,VH0135,Minibus,1405,165.3,244.64,324.1,450,1018.74
2025-02-01,S009,Derby Care & Education Centre,Midlands,VH0045,MPV,1291,123.0,182.04,248.89,320,750.93
2025-02-01,S009,Derby Care & Education Centre,Midlands,VH0068,Minibus,1072,126.1,186.63,265.79,320,772.4200000000001
2025-02-01,S010,Coventry Care & Education Centre,Midlands,VH0117,MPV,895,85.2,126.1,124.71,520,770.81
2025-02-01,S010,Coventry Care & Education Centre,Midlands,VH0089,MPV,1203,114.6,169.61,246.31,450,865.9200000000001
2025-02-01,S010,Coventry Care & Education Centre,Midlands,VH0074,MPV,1015,96.7,143.12,113.98,450,707.1
2025-02-01,S010,Coventry Care & Education Centre,Midlands,VH0029,Van,1050,123.5,182.78,198.1,450,830.88
2025-02-01,S010,Coventry Care & Education Centre,Midlands,VH0003,Car,689,65.6,97.09,0.0,450,547.09
2025-02-01,S010,Coventry Care & Education Centre,Midlands,VH0128,Car,912,86.9,128.61,52.34,520,700.95
2025-02-01,S011,London Care & Education Centre,South,VH0056,Car,922,87.8,129.94,138.18,520,788.12
2025-02-01,S011,London Care & Education Centre,South,VH0073,Minibus,936,110.1,162.95,366.2,320,849.15
2025-02-01,S011,London Care & Education Centre,South,VH0032,Van,1131,133.1,196.99,174.04,450,821.03
2025-02-01,S012,Bristol Care & Education Centre,South,VH0013,Minibus,1205,141.8,209.86,158.89,450,818.75
2025-02-01,S012,Bristol Care & Education Centre,South,VH0065,MPV,1309,124.7,184.56,143.94,320,648.5
2025-02-01,S012,Bristol Care & Education Centre,South,VH0036,Minibus,1217,143.2,211.94,164.25,380,756.19
2025-02-01,S013,Reading Care & Education Centre,South,VH0111,Car,661,63.0,93.24,215.43,520,828.6700000000001
2025-02-01,S013,Reading Care & Education Centre,South,VH0021,Minibus,1144,134.6,199.21,177.84,380,757.05
2025-02-01,S013,Reading Care & Education Centre,South,VH0075,Van,832,97.9,144.89,240.03,520,904.92
2025-02-01,S013,Reading Care & Education Centre,South,VH0057,Van,752,88.5,130.98,281.41,320,732.39
2025-02-01,S014,Southampton Care & Education Centre,South,VH0078,MPV,824,78.5,116.18,201.07,380,697.25
2025-02-01,S014,Southampton Care & Education Centre,South,VH0080,Minibus,967,113.8,168.42,298.25,380,846.67
2025-02-01,S014,Southampton Care & Education Centre,South,VH0045,Van,913,107.4,158.95,136.98,380,675.93
2025-02-01,S014,Southampton Care & Education Centre,South,VH0112,Minibus,1060,124.7,184.56,169.83,450,804.39
2025-02-01,S014,Southampton Care & Education Centre,South,VH0083,Car,1235,117.6,174.05,108.94,450,732.99
2025-02-01,S015,Brighton Care & Education Centre,South,VH0119,Van,992,116.7,172.72,70.45,450,693.1700000000001
2025-02-01,S015,Brighton Care & Education Centre,South,VH0140,Minibus,409,48.1,71.19,234.72,520,825.91
2025-02-01,S015,Brighton Care & Education Centre,South,VH0047,Minibus,1653,194.5,287.86,312.77,520,1120.63
2025-02-01,S015,Brighton Care & Education Centre,South,VH0097,Van,1045,122.9,181.89,128.97,520,830.86
2025-02-01,S015,Brighton Care & Education Centre,South,VH0112,Van,1055,124.1,183.67,193.77,520,897.44
2025-02-01,S015,Brighton Care & Education Centre,South,VH0025,Car,754,71.8,106.26,239.15,320,665.4100000000001
2025-02-01,S015,Brighton Care & Education Centre,South,VH0036,Van,1228,144.5,213.86,207.45,320,741.31
2025-02-01,S016,Cardiff Care & Education Centre,Wales,VH0078,MPV,1159,110.4,163.39,151.57,450,764.96
2025-02-01,S016,Cardiff Care & Education Centre,Wales,VH0063,Car,1218,116.0,171.68,197.35,520,889.03
2025-02-01,S016,Cardiff Care & Education Centre,Wales,VH0132,MPV,961,91.5,135.42,104.11,520,759.53
2025-02-01,S016,Cardiff Care & Education Centre,Wales,VH0096,Car,1075,102.4,151.55,273.92,520,945.47
2025-02-01,S017,Swansea Care & Education Centre,Wales,VH0118,Car,740,70.5,104.34,32.6,450,586.94
2025-02-01,S017,Swansea Care & Education Centre,Wales,VH0014,Van,1091,128.4,190.03,154.07,450,794.1
2025-02-01,S017,Swansea Care & Education Centre,Wales,VH0022,Car,1093,104.1,154.07,169.52,320,643.59
2025-02-01,S017,Swansea Care & Education Centre,Wales,VH0015,Car,994,94.7,140.16,269.19,380,789.35
2025-02-01,S017,Swansea Care & Education Centre,Wales,VH0070,MPV,649,61.8,91.46,83.72,520,695.1800000000001
2025-02-01,S017,Swansea Care & Education Centre,Wales,VH0028,MPV,1024,97.5,144.3,18.54,380,542.84
2025-02-01,S017,Swansea Care & Education Centre,Wales,VH0086,MPV,1006,95.8,141.78,282.92,450,874.7
2025-02-01,S018,Newport Care & Education Centre,Wales,VH0002,Car,1055,100.5,148.74,168.46,380,697.2
2025-02-01,S018,Newport Care & Education Centre,Wales,VH0125,Car,734,69.9,103.45,100.69,320,524.14
2025-02-01,S018,Newport Care & Education Centre,Wales,VH0052,MPV,956,91.0,134.68,124.58,380,639.26
2025-02-01,S018,Newport Care & Education Centre,Wales,VH0030,Car,1370,130.5,193.14,194.62,520,907.76
2025-02-01,S018,Newport Care & Education Centre,Wales,VH0018,Car,772,73.5,108.78,169.72,520,798.5
2025-02-01,S019,Wrexham Care & Education Centre,Wales,VH0015,MPV,1174,111.8,165.46,241.21,450,856.6700000000001
2025-02-01,S019,Wrexham Care & Education Centre,Wales,VH0032,Van,1445,170.0,251.6,68.79,320,640.39
2025-02-01,S019,Wrexham Care & Education Centre,Wales,VH0077,Van,847,99.6,147.41,49.39,380,576.8
2025-02-01,S019,Wrexham Care & Education Centre,Wales,VH0104,Car,991,94.4,139.71,187.31,380,707.02
2025-02-01,S019,Wrexham Care & Education Centre,Wales,VH0124,MPV,1296,123.4,182.63,143.92,380,706.55
2025-02-01,S019,Wrexham Care & Education Centre,Wales,VH0048,MPV,970,92.4,136.75,162.14,380,678.89
2025-02-01,S020,Bangor Care & Education Centre,Wales,VH0123,Van,841,98.9,146.37,317.16,520,983.53
2025-02-01,S020,Bangor Care & Education Centre,Wales,VH0075,Car,648,61.7,91.32,164.78,520,776.1
2025-02-01,S020,Bangor Care & Education Centre,Wales,VH0026,Van,1555,182.9,270.69,150.54,520,941.23
2025-02-01,S020,Bangor Care & Education Centre,Wales,VH0127,MPV,1002,95.4,141.19,121.4,320,582.59
2025-02-01,S020,Bangor Care & Education Centre,Wales,VH0095,Minibus,1004,118.1,174.79,359.83,520,1054.62
2025-02-01,S020,Bangor Care & Education Centre,Wales,VH0071,Car,497,47.3,70.0,272.67,520,862.6700000000001
2025-03-01,S001,Preston Care & Education Centre,North,VH0078,Car,694,66.1,97.83,128.67,450,676.5
2025-03-01,S001,Preston Care & Education Centre,North,VH0009,MPV,942,89.7,132.76,197.08,520,849.84
2025-03-01,S001,Preston Care & Education Centre,North,VH0114,Van,650,76.5,113.22,186.97,450,750.19
2025-03-01,S002,Manchester Care & Education Centre,North,VH0041,MPV,1556,148.2,219.34,40.95,450,710.29
2025-03-01,S002,Manchester Care & Education Centre,North,VH0092,Van,1097,129.1,191.07,97.04,320,608.11
2025-03-01,S002,Manchester Care & Education Centre,North,VH0129,MPV,1156,110.1,162.95,151.53,380,694.48
2025-03-01,S003,Leeds Care & Education Centre,North,VH0087,Van,889,104.6,154.81,189.03,320,663.84
2025-03-01,S003,Leeds Care & Education Centre,North,VH0118,Van,1501,176.6,261.37,134.73,520,916.1
2025-03-01,S003,Leeds Care & Education Centre,North,VH0036,Van,1229,144.6,214.01,46.54,380,640.55
2025-03-01,S003,Leeds Care & Education Centre,North,VH0072,Minibus,810,95.3,141.04,287.79,380,808.83
2025-03-01,S003,Leeds Care & Education Centre,North,VH0078,Minibus,1421,167.2,247.46,278.45,450,975.91
2025-03-01,S004,Newcastle Care & Education Centre,North,VH0104,Car,971,92.5,136.9,149.94,520,806.84
2025-03-01,S004,Newcastle Care & Education Centre,North,VH0018,Van,737,86.7,128.32,198.36,450,776.6800000000001
2025-03-01,S004,Newcastle Care & Education Centre,North,VH0012,MPV,1270,121.0,179.08,113.83,380,672.9100000000001
2025-03-01,S004,Newcastle Care & Education Centre,North,VH0008,Car,932,88.8,131.42,171.27,380,682.69
2025-03-01,S004,Newcastle Care & Education Centre,North,VH0041,Van,940,110.6,163.69,144.71,520,828.4
2025-03-01,S004,Newcastle Care & Education Centre,North,VH0060,Car,1574,149.9,221.85,130.24,320,672.09
2025-03-01,S004,Newcastle Care & Education Centre,North,VH0025,Minibus,960,112.9,167.09,198.2,320,685.29
2025-03-01,S005,Sheffield Care & Education Centre,North,VH0019,Car,1236,117.7,174.2,135.5,380,689.7
2025-03-01,S005,Sheffield Care & Education Centre,North,VH0114,Minibus,887,104.4,154.51,355.7,320,830.21
2025-03-01,S005,Sheffield Care & Education Centre,North,VH0096,Van,1404,165.2,244.5,101.97,520,866.47
2025-03-01,S006,Birmingham Care & Education Centre,Midlands,VH0052,Van,583,68.6,101.53,230.6,450,782.13
2025-03-01,S006,Birmingham Care & Education Centre,Midlands,VH0051,MPV,878,83.6,123.73,213.25,380,716.98
2025-03-01,S006,Birmingham Care & Education Centre,Midlands,VH0065,MPV,557,53.0,78.44,221.41,520,819.85
2025-03-01,S006,Birmingham Care & Education Centre,Midlands,VH0126,MPV,747,71.1,105.23,208.46,320,633.69
2025-03-01,S007,Nottingham Care & Education Centre,Midlands,VH0007,Van,1053,123.9,183.37,73.68,320,577.05
2025-03-01,S007,Nottingham Care & Education Centre,Midlands,VH0025,Minibus,948,111.5,165.02,304.91,380,849.9300000000001
2025-03-01,S007,Nottingham Care & Education Centre,Midlands,VH0053,Van,1076,126.6,187.37,196.75,380,764.12
2025-03-01,S007,Nottingham Care & Education Centre,Midlands,VH0009,MPV,1544,147.0,217.56,24.86,520,762.4200000000001
2025-03-01,S007,Nottingham Care & Education Centre,Midlands,VH0036,Minibus,1454,171.1,253.23,258.35,450,961.58
2025-03-01,S007,Nottingham Care & Education Centre,Midlands,VH0002,MPV,825,78.6,116.33,43.57,320,479.9
2025-03-01,S007,Nottingham Care & Education Centre,Midlands,VH0093,Van,1002,117.9,174.49,223.73,520,918.22
2025-03-01,S008,Leicester Care & Education Centre,Midlands,VH0019,Car,1018,97.0,143.56,270.89,520,934.45
2025-03-01,S008,Leicester Care & Education Centre,Midlands,VH0021,MPV,687,65.4,96.79,149.03,320,565.8199999999999
2025-03-01,S008,Leicester Care & Education Centre,Midlands,VH0033,Minibus,736,86.6,128.17,279.09,320,727.26
2025-03-01,S008,Leicester Care & Education Centre,Midlands,VH0133,MPV,1271,121.0,179.08,116.34,450,745.4200000000001
2025-03-01,S008,Leicester Care & Education Centre,Midlands,VH0077,Minibus,398,46.8,69.26,265.92,520,855.1800000000001
2025-03-01,S008,Leicester Care & Education Centre,Midlands,VH0026,Minibus,1159,136.4,201.87,282.34,320,804.21
2025-03-01,S009,Derby Care & Education Centre,Midlands,VH0074,Minibus,1358,159.8,236.5,164.32,520,920.8199999999999
2025-03-01,S009,Derby Care & Education Centre,Midlands,VH0020,Car,1220,116.2,171.98,245.4,320,737.38
2025-03-01,S009,Derby Care & Education Centre,Midlands,VH0137,Van,605,71.2,105.38,175.57,450,730.95
2025-03-01,S009,Derby Care & Education Centre,Midlands,VH0062,Car,923,87.9,130.09,143.48,320,593.5699999999999
2025-03-01,S010,Coventry Care & Education Centre,Midlands,VH0108,MPV,1136,108.2,160.14,111.02,380,651.16
2025-03-01,S010,Coventry Care & Education Centre,Midlands,VH0067,Minibus,881,103.6,153.33,252.73,320,726.06
2025-03-01,S010,Coventry Care & Education Centre,Midlands,VH0052,MPV,778,74.1,109.67,63.13,520,692.8
2025-03-01,S010,Coventry Care & Education Centre,Midlands,VH0086,Car,1219,116.1,171.83,58.1,320,549.9300000000001
2025-03-01,S010,Coventry Care & Education Centre,Midlands,VH0016,Minibus,1216,143.1,211.79,287.01,320,818.8
2025-03-01,S011,London Care & Education Centre,South,VH0021,Car,618,58.9,87.17,95.79,520,702.96
2025-03-01,S011,London Care & Education Centre,South,VH0123,MPV,1348,128.4,190.03,71.51,450,711.54
2025-03-01,S011,London Care & Education Centre,South,VH0034,Van,933,109.8,162.5,186.96,520,869.46
2025-03-01,S011,London Care & Education Centre,South,VH0070,Minibus,1245,146.5,216.82,229.88,380,826.7
2025-03-01,S011,London Care & Education Centre,South,VH0011,Car,900,85.7,126.84,263.79,320,710.63
2025-03-01,S011,London Care & Education Centre,South,VH0027,Car,1484,141.3,209.12,228.31,380,817.4300000000001
2025-03-01,S012,Bristol Care & Education Centre,South,VH0098,Van,1071,126.0,186.48,85.34,520,791.8199999999999
2025-03-01,S012,Bristol Care & Education Centre,South,VH0005,MPV,842,80.2,118.7,191.8,320,630.5
2025-03-01,S012,Bristol Care & Education Centre,South,VH0124,Van,1154,135.8,200.98,262.13,320,783.11
2025-03-01,S012,Bristol Care & Education Centre,South,VH0014,Minibus,1212,142.6,211.05,129.75,450,790.8
2025-03-01,S012,Bristol Care & Education Centre,South,VH0100,MPV,1312,125.0,185.0,70.16,450,705.16
2025-03-01,S012,Bristol Care & Education Centre,South,VH0097,Van,954,112.2,166.06,170.02,320,656.08
2025-03-01,S012,Bristol Care & Education Centre,South,VH0033,MPV,1548,147.4,218.15,398.79,380,996.94
2025-03-01,S013,Reading Care & Education Centre,South,VH0003,Car,1201,114.4,169.31,135.34,320,624.65
2025-03-01,S013,Reading Care & Education Centre,South,VH0059,MPV,1183,112.7,166.8,221.01,320,707.81
2025-03-01,S013,Reading Care & Education Centre,South,VH0106,Car,969,92.3,136.6,293.62,320,750.22
2025-03-01,S014,Southampton Care & Education Centre,South,VH0113,Minibus,1107,130.2,192.7,289.82,450,932.52
2025-03-01,S014,Southampton Care & Education Centre,South,VH0047,MPV,1216,115.8,171.38,183.73,450,805.11
2025-03-01,S014,Southampton Care & Education Centre,South,VH0073,MPV,1259,119.9,177.45,100.62,520,798.0699999999999
2025-03-01,S014,Southampton Care & Education Centre,South,VH0012,Van,910,107.1,158.51,61.99,320,540.5
2025-03-01,S015,Brighton Care & Education Centre,South,VH0020,MPV,1159,110.4,163.39,212.31,520,895.7
2025-03-01,S015,Brighton Care & Education Centre,South,VH0065,Minibus,1164,136.9,202.61,383.96,380,966.5699999999999
2025-03-01,S015,Brighton Care & Education Centre,South,VH0140,Van,1048,123.3,182.48,203.5,450,835.98
2025-03-01,S016,Cardiff Care & Education Centre,Wales,VH0075,Car,777,74.0,109.52,119.03,320,548.55
2025-03-01,S016,Cardiff Care & Education Centre,Wales,VH0063,Minibus,1223,143.9,212.97,317.93,520,1050.9
2025-03-01,S016,Cardiff Care & Education Centre,Wales,VH0135,Van,976,114.8,169.9,144.27,450,764.1700000000001
2025-03-01,S016,Cardiff Care & Education Centre,Wales,VH0069,Car,670,63.8,94.42,121.44,380,595.86
2025-03-01,S016,Cardiff Care & Education Centre,Wales,VH0082,MPV,1272,121.1,179.23,196.02,380,755.25
2025-03-01,S017,Swansea Care & Education Centre,Wales,VH0054,MPV,1175,111.9,165.61,153.98,520,839.59
2025-03-01,S017,Swansea Care & Education Centre,Wales,VH0032,Van,1051,123.6,182.93,97.17,320,600.1
2025-03-01,S017,Swansea Care & Education Centre,Wales,VH0096,Car,1224,116.6,172.57,183.68,520,876.25
2025-03-01,S017,Swansea Care & Education Centre,Wales,VH0037,Car,1173,111.7,165.32,107.92,450,723.24
2025-03-01,S017,Swansea Care & Education Centre,Wales,VH0010,Minibus,511,60.1,88.95,337.77,520,946.72
2025-03-01,S018,Newport Care & Education Centre,Wales,VH0022,Car,930,88.6,131.13,80.98,520,732.11
2025-03-01,S018,Newport Care & Education Centre,Wales,VH0016,Van,1223,143.9,212.97,118.64,520,851.61
2025-03-01,S018,Newport Care & Education Centre,Wales,VH0072,Car,1314,125.1,185.15,199.36,380,764.51
2025-03-01,S018,Newport Care & Education Centre,Wales,VH0099,MPV,1220,116.2,171.98,40.72,520,732.7
2025-03-01,S018,Newport Care & Education Centre,Wales,VH0127,MPV,1352,128.8,190.62,170.9,520,881.52
2025-03-01,S019,Wrexham Care & Education Centre,Wales,VH0014,Minibus,957,112.6,166.65,261.47,380,808.12
2025-03-01,S019,Wrexham Care & Education Centre,Wales,VH0079,Car,605,57.6,85.25,182.69,450,717.94
2025-03-01,S019,Wrexham Care & Education Centre,Wales,VH0009,Van,792,93.2,137.94,41.79,520,699.73
2025-03-01,S019,Wrexham Care & Education Centre,Wales,VH0139,Car,669,63.7,94.28,239.02,320,653.3
2025-03-01,S019,Wrexham Care & Education Centre,Wales,VH0090,Van,892,104.9,155.25,272.7,450,877.95
2025-03-01,S019,Wrexham Care & Education Centre,Wales,VH0007,Van,916,107.8,159.54,13.41,520,692.95
2025-03-01,S019,Wrexham Care & Education Centre,Wales,VH0087,Minibus,770,90.6,134.09,348.86,380,862.95
2025-03-01,S020,Bangor Care & Education Centre,Wales,VH0120,Car,1011,96.3,142.52,106.14,380,628.6600000000001
2025-03-01,S020,Bangor Care & Education Centre,Wales,VH0061,Minibus,1090,128.2,189.74,290.14,450,929.88
2025-03-01,S020,Bangor Care & Education Centre,Wales,VH0034,Van,1329,156.4,231.47,265.88,320,817.35
2025-03-01,S020,Bangor Care & Education Centre,Wales,VH0004,Minibus,960,112.9,167.09,143.92,450,761.01
2025-03-01,S020,Bangor Care & Education Centre,Wales,VH0072,Minibus,946,111.3,164.72,270.82,450,885.54
2025-03-01,S020,Bangor Care & Education Centre,Wales,VH0071,Car,809,77.0,113.96,73.43,320,507.39
2025-04-01,S001,Preston Care & Education Centre,North,VH0083,Car,1135,108.1,159.99,146.11,520,826.1
2025-04-01,S001,Preston Care & Education Centre,North,VH0068,Car,1058,100.8,149.18,89.32,520,758.5
2025-04-01,S001,Preston Care & Education Centre,North,VH0046,Car,992,94.5,139.86,76.06,450,665.9200000000001
2025-04-01,S001,Preston Care & Education Centre,North,VH0114,Van,1272,149.6,221.41,232.82,380,834.23
2025-04-01,S001,Preston Care & Education Centre,North,VH0119,Van,588,69.2,102.42,75.64,320,498.06
2025-04-01,S002,Manchester Care & Education Centre,North,VH0021,Minibus,675,79.4,117.51,198.0,450,765.51
2025-04-01,S002,Manchester Care & Education Centre,North,VH0071,Van,1029,121.1,179.23,34.03,380,593.26
2025-04-01,S002,Manchester Care & Education Centre,North,VH0081,MPV,819,78.0,115.44,69.68,380,565.12
2025-04-01,S002,Manchester Care & Education Centre,North,VH0017,MPV,1101,104.9,155.25,155.55,320,630.8
2025-04-01,S002,Manchester Care & Education Centre,North,VH0113,MPV,869,82.8,122.54,164.15,320,606.69
2025-04-01,S002,Manchester Care & Education Centre,North,VH0047,Car,913,87.0,128.76,128.27,380,637.03
2025-04-01,S002,Manchester Care & Education Centre,North,VH0067,Van,1468,172.7,255.6,257.24,450,962.84
2025-04-01,S003,Leeds Care & Education Centre,North,VH0059,Minibus,725,85.3,126.24,316.38,320,762.62
2025-04-01,S003,Leeds Care & Education Centre,North,VH0016,Minibus,1252,147.3,218.0,158.14,320,696.14
2025-04-01,S003,Leeds Care & Education Centre,North,VH0067,MPV,1254,119.4,176.71,273.03,450,899.74
2025-04-01,S004,Newcastle Care & Education Centre,North,VH0020,Car,769,73.2,108.34,76.6,320,504.94
2025-04-01,S004,Newcastle Care & Education Centre,North,VH0130,MPV,1304,124.2,183.82,171.72,380,735.54
2025-04-01,S004,Newcastle Care & Education Centre,North,VH0114,Minibus,1187,139.6,206.61,277.25,450,933.86
2025-04-01,S005,Sheffield Care & Education Centre,North,VH0019,Minibus,1147,134.9,199.65,143.88,450,793.53
2025-04-01,S005,Sheffield Care & Education Centre,North,VH0110,Van,1311,154.2,228.22,243.57,450,921.79
2025-04-01,S005,Sheffield Care & Education Centre,North,VH0073,Van,992,116.7,172.72,146.52,450,769.24
2025-04-01,S005,Sheffield Care & Education Centre,North,VH0037,Car,667,63.5,93.98,191.14,380,665.12
2025-04-01,S005,Sheffield Care & Education Centre,North,VH0007,Minibus,1193,140.4,207.79,245.02,320,772.81
2025-04-01,S005,Sheffield Care & Education Centre,North,VH0084,Minibus,1331,156.6,231.77,223.27,380,835.04
2025-04-01,S006,Birmingham Care & Education Centre,Midlands,VH0007,Van,1191,140.1,207.35,68.43,320,595.78
2025-04-01,S006,Birmingham Care & Education Centre,Midlands,VH0028,MPV,1044,99.4,147.11,136.05,520,803.1600000000001
2025-04-01,S006,Birmingham Care & Education Centre,Midlands,VH0055,Car,1106,105.3,155.84,120.44,320,596.28
2025-04-01,S006,Birmingham Care & Education Centre,Midlands,VH0081,MPV,1017,96.9,143.41,216.08,520,879.49
2025-04-01,S006,Birmingham Care & Education Centre,Midlands,VH0131,Car,940,89.5,132.46,21.47,320,473.93
2025-04-01,S006,Birmingham Care & Education Centre,Midlands,VH0089,Van,1487,174.9,258.85,260.52,520,1039.37
2025-04-01,S006,Birmingham Care & Education Centre,Midlands,VH0056,Minibus,726,85.4,126.39,305.18,450,881.5699999999999
2025-04-01,S007,Nottingham Care & Education Centre,Midlands,VH0076,MPV,924,88.0,130.24,171.08,520,821.32
2025-04-01,S007,Nottingham Care & Education Centre,Midlands,VH0063,Minibus,1123,132.1,195.51,231.25,320,746.76
2025-04-01,S007,Nottingham Care & Education Centre,Midlands,VH0085,MPV,854,81.3,120.32,94.76,520,735.0799999999999
2025-04-01,S007,Nottingham Care & Education Centre,Midlands,VH0093,Van,820,96.5,142.82,83.45,450,676.27
2025-04-01,S008,Leicester Care & Education Centre,Midlands,VH0091,Minibus,1033,121.5,179.82,192.74,520,892.56
2025-04-01,S008,Leicester Care & Education Centre,Midlands,VH0130,MPV,1220,116.2,171.98,268.98,520,960.96
2025-04-01,S008,Leicester Care & Education Centre,Midlands,VH0020,Van,904,106.4,157.47,169.15,380,706.62
2025-04-01,S009,Derby Care & Education Centre,Midlands,VH0033,Minibus,1174,138.1,204.39,287.76,450,942.15
2025-04-01,S009,Derby Care & Education Centre,Midlands,VH0138,Car,1068,101.7,150.52,209.41,320,679.9300000000001
2025-04-01,S009,Derby Care & Education Centre,Midlands,VH0063,Van,1170,137.6,203.65,50.99,520,774.64
2025-04-01,S009,Derby Care & Education Centre,Midlands,VH0105,MPV,1267,120.7,178.64,220.98,520,919.62
2025-04-01,S009,Derby Care & Education Centre,Midlands,VH0036,MPV,859,81.8,121.06,153.04,380,654.1
2025-04-01,S009,Derby Care & Education Centre,Midlands,VH0067,Van,1220,143.5,212.38,133.25,320,665.63
2025-04-01,S009,Derby Care & Education Centre,Midlands,VH0074,MPV,1318,125.5,185.74,339.11,320,844.85
2025-04-01,S010,Coventry Care & Education Centre,Midlands,VH0068,Car,853,81.2,120.18,39.52,380,539.7
2025-04-01,S010,Coventry Care & Education Centre,Midlands,VH0121,Car,1125,107.1,158.51,207.73,380,746.24
2025-04-01,S010,Coventry Care & Education Centre,Midlands,VH0026,Van,992,116.7,172.72,266.26,520,958.98
2025-04-01,S010,Coventry Care & Education Centre,Midlands,VH0033,Minibus,715,84.1,124.47,305.43,380,809.9
2025-04-01,S010,Coventry Care & Education Centre,Midlands,VH0009,Van,898,105.6,156.29,287.55,380,823.84
2025-04-01,S010,Coventry Care & Education Centre,Midlands,VH0111,Minibus,1548,182.1,269.51,188.67,320,778.18
2025-04-01,S011,London Care & Education Centre,South,VH0087,Van,912,107.3,158.8,218.77,520,897.57
2025-04-01,S011,London Care & Education Centre,South,VH0028,Van,953,112.1,165.91,146.37,520,832.28
2025-04-01,S011,London Care & Education Centre,South,VH0012,Minibus,1056,124.2,183.82,96.43,520,800.25
2025-04-01,S011,London Care & Education Centre,South,VH0019,MPV,1046,99.6,147.41,94.82,380,622.23
2025-04-01,S011,London Care & Education Centre,South,VH0091,Car,926,88.2,130.54,265.49,380,776.03
2025-04-01,S012,Bristol Care & Education Centre,South,VH0095,Minibus,735,86.5,128.02,315.06,520,963.08
2025-04-01,S012,Bristol Care & Education Centre,South,VH0117,MPV,980,93.3,138.08,127.62,450,715.7
2025-04-01,S012,Bristol Care & Education Centre,South,VH0098,Car,1247,118.8,175.82,177.2,380,733.02
2025-04-01,S013,Reading Care & Education Centre,South,VH0127,Van,1192,140.2,207.5,227.45,450,884.95
2025-04-01,S013,Reading Care & Education Centre,South,VH0088,Minibus,967,113.8,168.42,201.02,520,889.44
2025-04-01,S013,Reading Care & Education Centre,South,VH0013,Minibus,778,91.5,135.42,183.97,380,699.39
2025-04-01,S013,Reading Care & Education Centre,South,VH0133,MPV,1787,170.2,251.9,249.57,320,821.47
2025-04-01,S013,Reading Care & Education Centre,South,VH0135,MPV,712,67.8,100.34,44.2,520,664.54
2025-04-01,S014,Southampton Care & Education Centre,South,VH0072,Minibus,1170,137.6,203.65,293.78,450,947.43
2025-04-01,S014,Southampton Care & Education Centre,South,VH0081,Van,1187,139.6,206.61,129.6,520,856.21
2025-04-01,S014,Southampton Care & Education Centre,South,VH0026,MPV,1018,97.0,143.56,176.23,380,699.79
2025-04-01,S014,Southampton Care & Education Centre,South,VH0089,Minibus,1071,126.0,186.48,72.46,450,708.94
2025-04-01,S014,Southampton Care & Education Centre,South,VH0073,Car,992,94.5,139.86,81.89,380,601.75
2025-04-01,S014,Southampton Care & Education Centre,South,VH0043,Minibus,1093,128.6,190.33,488.82,380,1059.15
2025-04-01,S014,Southampton Care & Education Centre,South,VH0031,Car,1141,108.7,160.88,124.92,380,665.8
2025-04-01,S015,Brighton Care & Education Centre,South,VH0131,Car,1280,121.9,180.41,188.62,520,889.03
2025-04-01,S015,Brighton Care & Education Centre,South,VH0044,Car,1155,110.0,162.8,198.55,450,811.35
2025-04-01,S015,Brighton Care & Education Centre,South,VH0008,MPV,1564,149.0,220.52,59.53,450,730.05
2025-04-01,S015,Brighton Care & Education Centre,South,VH0011,Van,1168,137.4,203.35,75.89,520,799.24
2025-04-01,S015,Brighton Care & Education Centre,South,VH0139,MPV,1188,113.1,167.39,76.51,520,763.9
2025-04-01,S015,Brighton Care & Education Centre,South,VH0138,Minibus,945,111.2,164.58,226.39,320,710.97
2025-04-01,S015,Brighton Care & Education Centre,South,VH0050,Car,1293,123.1,182.19,223.48,520,925.67
2025-04-01,S016,Cardiff Care & Education Centre,Wales,VH0127,Minibus,738,86.8,128.46,254.39,320,702.85
2025-04-01,S016,Cardiff Care & Education Centre,Wales,VH0068,MPV,872,83.0,122.84,49.32,320,492.15999999999997
2025-04-01,S016,Cardiff Care & Education Centre,Wales,VH0023,Minibus,995,117.1,173.31,225.32,380,778.63
2025-04-01,S016,Cardiff Care & Education Centre,Wales,VH0036,Minibus,1656,194.8,288.3,284.64,450,1022.94
2025-04-01,S016,Cardiff Care & Education Centre,Wales,VH0072,Van,705,82.9,122.69,104.82,320,547.51
2025-04-01,S016,Cardiff Care & Education Centre,Wales,VH0030,Minibus,1305,153.5,227.18,417.08,320,964.26
2025-04-01,S017,Swansea Care & Education Centre,Wales,VH0026,MPV,653,62.2,92.06,0.0,380,472.06
2025-04-01,S017,Swansea Care & Education Centre,Wales,VH0134,Van,1517,178.5,264.18,181.17,380,825.35
2025-04-01,S017,Swansea Care & Education Centre,Wales,VH0082,MPV,832,79.2,117.22,192.77,450,759.99
2025-04-01,S017,Swansea Care & Education Centre,Wales,VH0049,Van,391,46.0,68.08,150.27,380,598.35
2025-04-01,S017,Swansea Care & Education Centre,Wales,VH0010,Van,1131,133.1,196.99,223.94,380,800.9300000000001
2025-04-01,S017,Swansea Care & Education Centre,Wales,VH0003,Van,796,93.6,138.53,156.85,450,745.38
2025-04-01,S018,Newport Care & Education Centre,Wales,VH0051,Car,818,77.9,115.29,170.43,520,805.72
2025-04-01,S018,Newport Care & Education Centre,Wales,VH0023,Car,826,78.7,116.48,117.35,520,753.8299999999999
2025-04-01,S018,Newport Care & Education Centre,Wales,VH0133,MPV,801,76.3,112.92,202.09,380,695.01
2025-04-01,S018,Newport Care & Education Centre,Wales,VH0055,Car,1264,120.4,178.19,131.23,520,829.42
2025-04-01,S019,Wrexham Care & Education Centre,Wales,VH0098,MPV,1059,100.9,149.33,34.11,450,633.44
2025-04-01,S019,Wrexham Care & Education Centre,Wales,VH0061,MPV,975,92.9,137.49,145.98,450,733.47
2025-04-01,S019,Wrexham Care & Education Centre,Wales,VH0090,Van,1705,200.6,296.89,61.04,520,877.9300000000001
2025-04-01,S019,Wrexham Care & Education Centre,Wales,VH0124,Van,1416,166.6,246.57,229.75,450,926.3199999999999
2025-04-01,S019,Wrexham Care & Education Centre,Wales,VH0136,Van,1120,131.8,195.06,290.69,450,935.75
2025-04-01,S020,Bangor Care & Education Centre,Wales,VH0057,Van,1143,134.5,199.06,181.13,520,900.19
2025-04-01,S020,Bangor Care & Education Centre,Wales,VH0029,Minibus,1036,121.9,180.41,347.89,380,908.3
2025-04-01,S020,Bangor Care & Education Centre,Wales,VH0074,Van,1324,155.8,230.58,99.95,320,650.53
2025-05-01,S001,Preston Care & Education Centre,North,VH0119,Van,720,84.7,125.36,133.76,380,639.12
2025-05-01,S001,Preston Care & Education Centre,North,VH0082,Van,849,99.9,147.85,144.92,520,812.77
2025-05-01,S001,Preston Care & Education Centre,North,VH0030,Van,1359,159.9,236.65,113.42,380,730.0699999999999
2025-05-01,S001,Preston Care & Education Centre,North,VH0089,Car,1039,99.0,146.52,154.64,450,751.16
2025-05-01,S002,Manchester Care & Education Centre,North,VH0130,Minibus,1262,148.5,219.78,70.25,450,740.03
2025-05-01,S002,Manchester Care & Education Centre,North,VH0056,Van,898,105.6,156.29,166.9,520,843.19
2025-05-01,S002,Manchester Care & Education Centre,North,VH0105,Van,1350,158.8,235.02,110.65,520,865.6700000000001
2025-05-01,S002,Manchester Care & Education Centre,North,VH0016,Van,580,68.2,100.94,199.58,450,750.52
2025-05-01,S002,Manchester Care & Education Centre,North,VH0083,Car,891,84.9,125.65,54.83,450,630.48
2025-05-01,S003,Leeds Care & Education Centre,North,VH0057,MPV,893,85.0,125.8,135.24,380,641.04
2025-05-01,S003,Leeds Care & Education Centre,North,VH0087,MPV,898,85.5,126.54,0.0,320,446.54
2025-05-01,S003,Leeds Care & Education Centre,North,VH0012,Minibus,1274,149.9,221.85,351.99,380,953.84
2025-05-01,S003,Leeds Care & Education Centre,North,VH0079,Car,1212,115.4,170.79,58.99,320,549.78
2025-05-01,S003,Leeds Care & Education Centre,North,VH0115,Van,999,117.5,173.9,149.48,320,643.38
2025-05-01,S003,Leeds Care & Education Centre,North,VH0105,Minibus,1199,141.1,208.83,303.47,450,962.3000000000001
2025-05-01,S004,Newcastle Care & Education Centre,North,VH0017,MPV,866,82.5,122.1,156.56,520,798.66
2025-05-01,S004,Newcastle Care & Education Centre,North,VH0013,MPV,1164,110.9,164.13,266.47,450,880.6
2025-05-01,S004,Newcastle Care & Education Centre,North,VH0133,MPV,1226,116.8,172.86,213.12,450,835.98
2025-05-01,S004,Newcastle Care & Education Centre,North,VH0054,Minibus,1070,125.9,186.33,362.84,520,1069.17
2025-05-01,S004,Newcastle Care & Education Centre,North,VH0093,MPV,1152,109.7,162.36,81.11,380,623.47
2025-05-01,S004,Newcastle Care & Education Centre,North,VH0138,Car,1400,133.3,197.28,205.83,320,723.11
2025-05-01,S004,Newcastle Care & Education Centre,North,VH0051,Car,939,89.4,132.31,111.64,320,563.95
2025-05-01,S005,Sheffield Care & Education Centre,North,VH0102,MPV,1124,107.0,158.36,187.05,380,725.4100000000001
2025-05-01,S005,Sheffield Care & Education Centre,North,VH0125,Car,1099,104.7,154.96,174.9,450,779.86
2025-05-01,S005,Sheffield Care & Education Centre,North,VH0011,Car,1474,140.4,207.79,235.72,520,963.51
2025-05-01,S005,Sheffield Care & Education Centre,North,VH0041,Van,1097,129.1,191.07,225.3,380,796.37
2025-05-01,S005,Sheffield Care & Education Centre,North,VH0073,Minibus,791,93.1,137.79,281.83,320,739.62
2025-05-01,S005,Sheffield Care & Education Centre,North,VH0078,Car,1502,143.0,211.64,132.56,320,664.2
2025-05-01,S005,Sheffield Care & Education Centre,North,VH0007,Van,838,98.6,145.93,97.83,320,563.76
2025-05-01,S006,Birmingham Care & Education Centre,Midlands,VH0139,Van,777,91.4,135.27,87.22,380,602.49
2025-05-01,S006,Birmingham Care & Education Centre,Midlands,VH0039,Minibus,957,112.6,166.65,137.55,450,754.2
2025-05-01,S006,Birmingham Care & Education Centre,Midlands,VH0025,Van,1053,123.9,183.37,222.18,320,725.55
2025-05-01,S007,Nottingham Care & Education Centre,Midlands,VH0071,Van,823,96.8,143.26,271.54,520,934.8
2025-05-01,S007,Nottingham Care & Education Centre,Midlands,VH0118,Minibus,1177,138.5,204.98,332.45,520,1057.4299999999998
2025-05-01,S007,Nottingham Care & Education Centre,Midlands,VH0052,Car,885,84.3,124.76,218.36,380,723.12
2025-05-01,S007,Nottingham Care & Education Centre,Midlands,VH0026,Van,777,91.4,135.27,221.22,450,806.49
2025-05-01,S007,Nottingham Care & Education Centre,Midlands,VH0068,Van,1092,128.5,190.18,194.26,450,834.44
2025-05-01,S008,Leicester Care & Education Centre,Midlands,VH0130,Car,756,72.0,106.56,78.39,520,704.95
2025-05-01,S008,Leicester Care & Education Centre,Midlands,VH0063,MPV,1199,114.2,169.02,74.13,320,563.15
2025-05-01,S008,Leicester Care & Education Centre,Midlands,VH0098,Van,1165,137.1,202.91,40.63,380,623.54
2025-05-01,S008,Leicester Care & Education Centre,Midlands,VH0005,Van,1262,148.5,219.78,51.4,450,721.1800000000001
2025-05-01,S008,Leicester Care & Education Centre,Midlands,VH0128,Van,1188,139.8,206.9,200.05,320,726.95
2025-05-01,S008,Leicester Care & Education Centre,Midlands,VH0101,Minibus,875,102.9,152.29,296.56,450,898.85
2025-05-01,S008,Leicester Care & Education Centre,Midlands,VH0096,MPV,1115,106.2,157.18,106.89,320,584.0699999999999
2025-05-01,S009,Derby Care & Education Centre,Midlands,VH0044,MPV,797,75.9,112.33,0.0,320,432.33
2025-05-01,S009,Derby Care & Education Centre,Midlands,VH0054,MPV,1137,108.3,160.28,24.82,520,705.1
2025-05-01,S009,Derby Care & Education Centre,Midlands,VH0126,Van,1073,126.2,186.78,128.92,380,695.7
2025-05-01,S010,Coventry Care & Education Centre,Midlands,VH0127,Minibus,1219,143.4,212.23,225.84,450,888.0699999999999
2025-05-01,S010,Coventry Care & Education Centre,Midlands,VH0065,MPV,967,92.1,136.31,208.55,320,664.86
2025-05-01,S010,Coventry Care & Education Centre,Midlands,VH0106,Minibus,1133,133.3,197.28,275.29,520,992.57
2025-05-01,S011,London Care & Education Centre,South,VH0069,Van,1167,137.3,203.2,27.15,450,680.35
2025-05-01,S011,London Care & Education Centre,South,VH0054,MPV,1239,118.0,174.64,199.0,450,823.64
2025-05-01,S011,London Care & Education Centre,South,VH0126,Van,795,93.5,138.38,130.47,520,788.85
2025-05-01,S012,Bristol Care & Education Centre,South,VH0021,MPV,1040,99.0,146.52,139.24,320,605.76
2025-05-01,S012,Bristol Care & Education Centre,South,VH0027,MPV,1133,107.9,159.69,264.51,380,804.2
2025-05-01,S012,Bristol Care & Education Centre,South,VH0109,Van,1320,155.3,229.84,45.02,320,594.86
2025-05-01,S012,Bristol Care & Education Centre,South,VH0020,Car,1205,114.8,169.9,256.31,520,946.21
2025-05-01,S012,Bristol Care & Education Centre,South,VH0097,Van,1146,134.8,199.5,237.28,380,816.78
2025-05-01,S012,Bristol Care & Education Centre,South,VH0033,Van,1553,182.7,270.4,231.9,380,882.3
2025-05-01,S012,Bristol Care & Education Centre,South,VH0004,Van,1112,130.8,193.58,233.61,520,947.19
2025-05-01,S013,Reading Care & Education Centre,South,VH0076,Minibus,1086,127.8,189.14,251.91,450,891.05
2025-05-01,S013,Reading Care & Education Centre,South,VH0031,Minibus,962,113.2,167.54,375.07,450,992.61
2025-05-01,S013,Reading Care & Education Centre,South,VH0112,MPV,845,80.5,119.14,272.59,380,771.73
2025-05-01,S014,Southampton Care & Education Centre,South,VH0134,Van,1174,138.1,204.39,38.06,520,762.45
2025-05-01,S014,Southampton Care & Education Centre,South,VH0053,MPV,1141,108.7,160.88,0.0,450,610.88
2025-05-01,S014,Southampton Care & Education Centre,South,VH0096,MPV,1206,114.9,170.05,220.82,380,770.87
2025-05-01,S014,Southampton Care & Education Centre,South,VH0133,Van,901,106.0,156.88,159.88,320,636.76
2025-05-01,S014,Southampton Care & Education Centre,South,VH0065,Minibus,1538,180.9,267.73,209.54,520,997.27
2025-05-01,S015,Brighton Care & Education Centre,South,VH0039,Minibus,785,92.4,136.75,368.53,380,885.28
2025-05-01,S015,Brighton Care & Education Centre,South,VH0121,MPV,1540,146.7,217.12,150.3,320,687.4200000000001
2025-05-01,S015,Brighton Care & Education Centre,South,VH0018,Van,1302,153.2,226.74,257.32,450,934.06
2025-05-01,S015,Brighton Care & Education Centre,South,VH0002,Car,864,82.3,121.8,111.18,320,552.98
2025-05-01,S016,Cardiff Care & Education Centre,Wales,VH0120,MPV,1357,129.2,191.22,284.8,450,926.02
2025-05-01,S016,Cardiff Care & Education Centre,Wales,VH0041,Minibus,1190,140.0,207.2,179.61,520,906.81
2025-05-01,S016,Cardiff Care & Education Centre,Wales,VH0018,Minibus,1546,181.9,269.21,207.52,450,926.73
2025-05-01,S016,Cardiff Care & Education Centre,Wales,VH0090,Van,966,113.6,168.13,177.39,450,795.52
2025-05-01,S016,Cardiff Care & Education Centre,Wales,VH0058,MPV,1438,137.0,202.76,218.32,320,741.0799999999999
2025-05-01,S016,Cardiff Care & Education Centre,Wales,VH0089,MPV,1153,109.8,162.5,187.06,320,669.56
2025-05-01,S016,Cardiff Care & Education Centre,Wales,VH0004,MPV,1060,101.0,149.48,194.65,450,794.13
2025-05-01,S017,Swansea Care & Education Centre,Wales,VH0068,Van,417,49.1,72.67,126.27,450,648.94
2025-05-01,S017,Swansea Care & Education Centre,Wales,VH0027,Minibus,1110,130.6,193.29,157.92,520,871.21
2025-05-01,S017,Swansea Care & Education Centre,Wales,VH0033,MPV,1146,109.1,161.47,133.64,380,675.11
2025-05-01,S017,Swansea Care & Education Centre,Wales,VH0134,Car,1488,141.7,209.72,275.84,380,865.56
2025-05-01,S018,Newport Care & Education Centre,Wales,VH0024,Van,933,109.8,162.5,137.93,320,620.4300000000001
2025-05-01,S018,Newport Care & Education Centre,Wales,VH0038,Minibus,1031,121.3,179.52,213.87,320,713.39
2025-05-01,S018,Newport Care & Education Centre,Wales,VH0037,Car,1098,104.6,154.81,89.34,380,624.15
2025-05-01,S018,Newport Care & Education Centre,Wales,VH0043,Van,767,90.2,133.5,199.82,520,853.3199999999999
2025-05-01,S019,Wrexham Care & Education Centre,Wales,VH0084,Van,1207,142.0,210.16,85.65,520,815.81
2025-05-01,S019,Wrexham Care & Education Centre,Wales,VH0078,Van,1273,149.8,221.7,99.47,450,771.17
2025-05-01,S019,Wrexham Care & Education Centre,Wales,VH0129,Minibus,1113,130.9,193.73,315.63,450,959.36
2025-05-01,S019,Wrexham Care & Education Centre,Wales,VH0031,Car,1041,99.1,146.67,186.38,380,713.05
2025-05-01,S019,Wrexham Care & Education Centre,Wales,VH0062,MPV,920,87.6,129.65,134.28,450,713.9300000000001
2025-05-01,S019,Wrexham Care & Education Centre,Wales,VH0101,MPV,998,95.0,140.6,90.27,520,750.87
2025-05-01,S020,Bangor Care & Education Centre,Wales,VH0114,Car,1005,95.7,141.64,26.11,450,617.75
2025-05-01,S020,Bangor Care & Education Centre,Wales,VH0126,Van,927,109.1,161.47,127.21,450,738.6800000000001
2025-05-01,S020,Bangor Care & Education Centre,Wales,VH0065,Van,985,115.9,171.53,130.68,380,682.21
2025-05-01,S020,Bangor Care & Education Centre,Wales,VH0031,MPV,1034,98.5,145.78,188.36,520,854.14
2025-05-01,S020,Bangor Care & Education Centre,Wales,VH0112,Minibus,1268,149.2,220.82,198.02,380,798.84
2025-05-01,S020,Bangor Care & Education Centre,Wales,VH0090,Car,749,71.3,105.52,66.64,380,552.16
2025-05-01,S020,Bangor Care & Education Centre,Wales,VH0046,Van,928,109.2,161.62,121.85,450,733.47
2025-06-01,S001,Preston Care & Education Centre,North,VH0050,Car,857,81.6,120.77,46.31,450,617.0799999999999
2025-06-01,S001,Preston Care & Education Centre,North,VH0002,Car,935,89.0,131.72,164.51,450,746.23
2025-06-01,S001,Preston Care & Education Centre,North,VH0080,Van,1198,140.9,208.53,105.41,520,833.94
2025-06-01,S001,Preston Care & Education Centre,North,VH0085,Car,946,90.1,133.35,75.86,450,659.21
2025-06-01,S001,Preston Care & Education Centre,North,VH0025,Minibus,1042,122.6,181.45,182.13,320,683.5799999999999
2025-06-01,S001,Preston Care & Education Centre,North,VH0095,Car,1193,113.6,168.13,7.13,520,695.26
2025-06-01,S001,Preston Care & Education Centre,North,VH0065,Van,960,112.9,167.09,174.09,520,861.1800000000001
2025-06-01,S002,Manchester Care & Education Centre,North,VH0122,Minibus,1095,128.8,190.62,465.44,320,976.06
2025-06-01,S002,Manchester Care & Education Centre,North,VH0140,MPV,1137,108.3,160.28,69.68,380,609.96
2025-06-01,S002,Manchester Care & Education Centre,North,VH0027,MPV,1026,97.7,144.6,7.9,320,472.5
2025-06-01,S002,Manchester Care & Education Centre,North,VH0010,Van,1029,121.1,179.23,83.36,320,582.5899999999999
2025-06-01,S003,Leeds Care & Education Centre,North,VH0114,Car,1278,121.7,180.12,106.04,450,736.1600000000001
2025-06-01,S003,Leeds Care & Education Centre,North,VH0016,MPV,1020,97.1,143.71,99.16,320,562.87
2025-06-01,S003,Leeds Care & Education Centre,North,VH0081,Minibus,1484,174.6,258.41,224.3,450,932.71
2025-06-01,S004,Newcastle Care & Education Centre,North,VH0094,Van,1508,177.4,262.55,215.13,320,797.6800000000001
2025-06-01,S004,Newcastle Care & Education Centre,North,VH0133,Car,1170,111.4,164.87,179.5,380,724.37
2025-06-01,S004,Newcastle Care & Education Centre,North,VH0004,MPV,1148,109.3,161.76,0.0,450,611.76
2025-06-01,S004,Newcastle Care & Education Centre,North,VH0104,Car,980,93.3,138.08,217.61,380,735.69
2025-06-01,S005,Sheffield Care & Education Centre,North,VH0012,Car,1037,98.8,146.22,37.58,450,633.8
2025-06-01,S005,Sheffield Care & Education Centre,North,VH0071,Minibus,1036,121.9,180.41,386.33,450,1016.74
2025-06-01,S005,Sheffield Care & Education Centre,North,VH0051,Car,1361,129.6,191.81,145.04,450,786.85
2025-06-01,S005,Sheffield Care & Education Centre,North,VH0130,Van,1287,151.4,224.07,120.68,320,664.75
2025-06-01,S005,Sheffield Care & Education Centre,North,VH0105,Van,624,73.4,108.63,76.04,320,504.67
2025-06-01,S005,Sheffield Care & Education Centre,North,VH0045,Car,1440,137.1,202.91,128.08,320,650.99
2025-06-01,S006,Birmingham Care & Education Centre,Midlands,VH0023,MPV,989,94.2,139.42,126.01,320,585.4300000000001
2025-06-01,S006,Birmingham Care & Education Centre,Midlands,VH0048,MPV,1526,145.3,215.04,280.08,450,945.12
2025-06-01,S006,Birmingham Care & Education Centre,Midlands,VH0082,Van,1604,188.7,279.28,137.28,320,736.56
2025-06-01,S006,Birmingham Care & Education Centre,Midlands,VH0006,MPV,1123,107.0,158.36,28.67,450,637.03
2025-06-01,S007,Nottingham Care & Education Centre,Midlands,VH0034,Minibus,1419,166.9,247.01,156.58,380,783.59
2025-06-01,S007,Nottingham Care & Education Centre,Midlands,VH0080,Minibus,1104,129.9,192.25,162.22,380,734.47
2025-06-01,S007,Nottingham Care & Education Centre,Midlands,VH0014,Minibus,902,106.1,157.03,183.02,520,860.05
2025-06-01,S007,Nottingham Care & Education Centre,Midlands,VH0098,MPV,898,85.5,126.54,106.87,380,613.4100000000001
2025-06-01,S008,Leicester Care & Education Centre,Midlands,VH0052,Minibus,912,107.3,158.8,316.67,320,795.47
2025-06-01,S008,Leicester Care & Education Centre,Midlands,VH0046,Van,773,90.9,134.53,167.64,450,752.17
2025-06-01,S008,Leicester Care & Education Centre,Midlands,VH0076,Minibus,1354,159.3,235.76,208.94,450,894.7
2025-06-01,S008,Leicester Care & Education Centre,Midlands,VH0067,Van,870,102.4,151.55,131.56,380,663.11
2025-06-01,S008,Leicester Care & Education Centre,Midlands,VH0113,Car,1344,128.0,189.44,165.53,520,874.97
2025-06-01,S009,Derby Care & Education Centre,Midlands,VH0138,Minibus,917,107.9,159.69,288.71,380,828.4
2025-06-01,S009,Derby Care & Education Centre,Midlands,VH0054,Minibus,774,91.1,134.83,304.51,450,889.34
2025-06-01,S009,Derby Care & Education Centre,Midlands,VH0112,Car,1152,109.7,162.36,125.38,380,667.74
2025-06-01,S009,Derby Care & Education Centre,Midlands,VH0089,Minibus,840,98.8,146.22,179.07,380,705.29
2025-06-01,S010,Coventry Care & Education Centre,Midlands,VH0067,MPV,1183,112.7,166.8,248.32,520,935.12
2025-06-01,S010,Coventry Care & Education Centre,Midlands,VH0009,Minibus,890,104.7,154.96,286.67,450,891.63
2025-06-01,S010,Coventry Care & Education Centre,Midlands,VH0030,Van,528,62.1,91.91,103.23,320,515.14
2025-06-01,S010,Coventry Care & Education Centre,Midlands,VH0133,Minibus,1042,122.6,181.45,177.23,320,678.68
2025-06-01,S010,Coventry Care & Education Centre,Midlands,VH0048,Minibus,815,95.9,141.93,196.58,320,658.51
2025-06-01,S010,Coventry Care & Education Centre,Midlands,VH0122,MPV,1123,107.0,158.36,135.01,520,813.37
2025-06-01,S011,London Care & Education Centre,South,VH0086,MPV,490,46.7,69.12,0.0,520,589.12
2025-06-01,S011,London Care & Education Centre,South,VH0087,MPV,898,85.5,126.54,186.61,320,633.1500000000001
2025-06-01,S011,London Care & Education Centre,South,VH0026,Van,363,42.7,63.2,110.02,520,693.22
2025-06-01,S011,London Care & Education Centre,South,VH0048,Van,918,108.0,159.84,261.07,520,940.91
2025-06-01,S011,London Care & Education Centre,South,VH0092,Van,953,112.1,165.91,180.64,380,726.55
2025-06-01,S011,London Care & Education Centre,South,VH0079,Minibus,1085,127.6,188.85,79.55,450,718.4
2025-06-01,S012,Bristol Care & Education Centre,South,VH0087,Car,1242,118.3,175.08,167.23,520,862.31
2025-06-01,S012,Bristol Care & Education Centre,South,VH0124,Van,1177,138.5,204.98,464.1,450,1119.08
2025-06-01,S012,Bristol Care & Education Centre,South,VH0103,Van,528,62.1,91.91,287.98,320,699.89
2025-06-01,S012,Bristol Care & Education Centre,South,VH0077,MPV,978,93.1,137.79,172.99,380,690.78
2025-06-01,S012,Bristol Care & Education Centre,South,VH0011,Minibus,1038,122.1,180.71,216.06,380,776.77
2025-06-01,S012,Bristol Care & Education Centre,South,VH0060,MPV,907,86.4,127.87,176.36,380,684.23
2025-06-01,S012,Bristol Care & Education Centre,South,VH0130,Minibus,670,78.8,116.62,310.05,320,746.6700000000001
2025-06-01,S013,Reading Care & Education Centre,South,VH0080,Van,945,111.2,164.58,59.59,520,744.1700000000001
2025-06-01,S013,Reading Care & Education Centre,South,VH0037,MPV,937,89.2,132.02,250.57,520,902.59
2025-06-01,S013,Reading Care & Education Centre,South,VH0089,Car,916,87.2,129.06,178.68,380,687.74
2025-06-01,S014,Southampton Care & Education Centre,South,VH0045,MPV,867,82.6,122.25,210.63,380,712.88
2025-06-01,S014,Southampton Care & Education Centre,South,VH0078,MPV,1221,116.3,172.12,297.89,520,990.01
2025-06-01,S014,Southampton Care & Education Centre,South,VH0079,Car,1006,95.8,141.78,203.49,380,725.27
2025-06-01,S014,Southampton Care & Education Centre,South,VH0021,MPV,1074,102.3,151.4,253.67,450,855.0699999999999
2025-06-01,S015,Brighton Care & Education Centre,South,VH0123,Car,870,82.9,122.69,209.6,520,852.29
2025-06-01,S015,Brighton Care & Education Centre,South,VH0041,Van,1001,117.8,174.34,144.86,380,699.2
2025-06-01,S015,Brighton Care & Education Centre,South,VH0089,Van,1072,126.1,186.63,170.18,520,876.81
2025-06-01,S016,Cardiff Care & Education Centre,Wales,VH0063,Van,1020,120.0,177.6,167.18,450,794.78
2025-06-01,S016,Cardiff Care & Education Centre,Wales,VH0025,Minibus,1444,169.9,251.45,328.84,520,1100.29
2025-06-01,S016,Cardiff Care & Education Centre,Wales,VH0100,Van,1267,149.1,220.67,113.56,320,654.23
2025-06-01,S016,Cardiff Care & Education Centre,Wales,VH0033,Minibus,827,97.3,144.0,326.42,520,990.4200000000001
2025-06-01,S016,Cardiff Care & Education Centre,Wales,VH0082,Car,1269,120.9,178.93,267.81,380,826.74
2025-06-01,S016,Cardiff Care & Education Centre,Wales,VH0035,MPV,899,85.6,126.69,131.64,380,638.3299999999999
2025-06-01,S017,Swansea Care & Education Centre,Wales,VH0093,Car,640,61.0,90.28,118.6,380,588.88
2025-06-01,S017,Swansea Care & Education Centre,Wales,VH0088,MPV,1299,123.7,183.08,112.68,520,815.76
2025-06-01,S017,Swansea Care & Education Centre,Wales,VH0129,MPV,1210,115.2,170.5,134.76,320,625.26
2025-06-01,S017,Swansea Care & Education Centre,Wales,VH0001,MPV,1131,107.7,159.4,58.18,450,667.58
2025-06-01,S017,Swansea Care & Education Centre,Wales,VH0102,Van,1071,126.0,186.48,0.0,320,506.48
2025-06-01,S018,Newport Care & Education Centre,Wales,VH0099,Minibus,1003,118.0,174.64,119.56,520,814.2
2025-06-01,S018,Newport Care & Education Centre,Wales,VH0047,Van,1351,158.9,235.17,212.19,320,767.36
2025-06-01,S018,Newport Care & Education Centre,Wales,VH0109,Minibus,1166,137.2,203.06,371.68,520,1094.74
2025-06-01,S018,Newport Care & Education Centre,Wales,VH0039,MPV,812,77.3,114.4,289.79,380,784.19
2025-06-01,S018,Newport Care & Education Centre,Wales,VH0073,Van,1283,150.9,223.33,131.08,320,674.4100000000001
2025-06-01,S019,Wrexham Care & Education Centre,Wales,VH0022,Minibus,1333,156.8,232.06,161.5,380,773.56
2025-06-01,S019,Wrexham Care & Education Centre,Wales,VH0089,Van,843,99.2,146.82,101.31,520,768.13
2025-06-01,S019,Wrexham Care & Education Centre,Wales,VH0026,Car,917,87.3,129.2,65.48,520,714.6800000000001
2025-06-01,S019,Wrexham Care & Education Centre,Wales,VH0104,Van,1355,159.4,235.91,129.29,520,885.2
2025-06-01,S019,Wrexham Care & Education Centre,Wales,VH0004,Car,1138,108.4,160.43,104.37,450,714.8
2025-06-01,S019,Wrexham Care & Education Centre,Wales,VH0042,Van,594,69.9,103.45,171.6,450,725.05
2025-06-01,S020,Bangor Care & Education Centre,Wales,VH0116,Van,571,67.2,99.46,144.51,450,693.97
2025-06-01,S020,Bangor Care & Education Centre,Wales,VH0129,Minibus,707,83.2,123.14,408.98,320,852.12
2025-06-01,S020,Bangor Care & Education Centre,Wales,VH0096,MPV,1277,121.6,179.97,158.46,520,858.4300000000001
2025-07-01,S001,Preston Care & Education Centre,North,VH0099,Van,1365,160.6,237.69,82.29,520,839.98
2025-07-01,S001,Preston Care & Education Centre,North,VH0021,Car,1185,112.9,167.09,165.98,520,853.0699999999999
2025-07-01,S001,Preston Care & Education Centre,North,VH0039,Minibus,1116,131.3,194.32,351.79,320,866.11
2025-07-01,S001,Preston Care & Education Centre,North,VH0002,Car,1233,117.4,173.75,173.1,520,866.85
2025-07-01,S001,Preston Care & Education Centre,North,VH0087,Van,636,74.8,110.7,73.2,450,633.9
2025-07-01,S001,Preston Care & Education Centre,North,VH0067,Car,1019,97.0,143.56,157.47,450,751.03
2025-07-01,S001,Preston Care & Education Centre,North,VH0051,Minibus,767,90.2,133.5,442.93,520,1096.43
2025-07-01,S002,Manchester Care & Education Centre,North,VH0076,Minibus,1429,168.1,248.79,298.17,450,996.96
2025-07-01,S002,Manchester Care & Education Centre,North,VH0007,Van,1068,125.6,185.89,133.02,320,638.91
2025-07-01,S002,Manchester Care & Education Centre,North,VH0139,Van,812,95.5,141.34,156.2,450,747.54
2025-07-01,S002,Manchester Care & Education Centre,North,VH0069,Minibus,1114,131.1,194.03,150.66,320,664.69
2025-07-01,S002,Manchester Care & Education Centre,North,VH0046,Car,1133,107.9,159.69,137.58,450,747.27
2025-07-01,S003,Leeds Care & Education Centre,North,VH0137,MPV,573,54.6,80.81,81.17,320,481.98
2025-07-01,S003,Leeds Care & Education Centre,North,VH0102,Car,946,90.1,133.35,301.02,380,814.37
2025-07-01,S003,Leeds Care & Education Centre,North,VH0064,MPV,1189,113.2,167.54,43.16,520,730.7
2025-07-01,S004,Newcastle Care & Education Centre,North,VH0071,Car,1171,111.5,165.02,26.22,450,641.24
2025-07-01,S004,Newcastle Care & Education Centre,North,VH0089,Minibus,1320,155.3,229.84,212.31,320,762.15
2025-07-01,S004,Newcastle Care & Education Centre,North,VH0118,MPV,1026,97.7,144.6,256.06,320,720.66
2025-07-01,S004,Newcastle Care & Education Centre,North,VH0063,Van,728,85.6,126.69,38.23,320,484.91999999999996
2025-07-01,S004,Newcastle Care & Education Centre,North,VH0135,Minibus,904,106.4,157.47,333.07,450,940.54
2025-07-01,S004,Newcastle Care & Education Centre,North,VH0011,Van,670,78.8,116.62,0.0,520,636.62
2025-07-01,S005,Sheffield Care & Education Centre,North,VH0048,Van,937,110.2,163.1,194.14,320,677.24
2025-07-01,S005,Sheffield Care & Education Centre,North,VH0066,MPV,1350,128.6,190.33,112.95,450,753.28
2025-07-01,S005,Sheffield Care & Education Centre,North,VH0021,Minibus,947,111.4,164.87,342.31,380,887.1800000000001
2025-07-01,S006,Birmingham Care & Education Centre,Midlands,VH0096,Van,582,68.5,101.38,118.92,450,670.3
2025-07-01,S006,Birmingham Care & Education Centre,Midlands,VH0122,MPV,1097,104.5,154.66,185.94,450,790.6
2025-07-01,S006,Birmingham Care & Education Centre,Midlands,VH0056,Car,922,87.8,129.94,152.76,520,802.7
2025-07-01,S007,Nottingham Care & Education Centre,Midlands,VH0073,MPV,427,40.7,60.24,97.34,320,477.58000000000004
2025-07-01,S007,Nottingham Care & Education Centre,Midlands,VH0070,Van,1163,136.8,202.46,71.42,380,653.88
2025-07-01,S007,Nottingham Care & Education Centre,Midlands,VH0002,Minibus,1064,125.2,185.3,285.75,450,921.05
2025-07-01,S007,Nottingham Care & Education Centre,Midlands,VH0105,Van,964,113.4,167.83,163.64,450,781.47
2025-07-01,S008,Leicester Care & Education Centre,Midlands,VH0057,Minibus,809,95.2,140.9,233.47,380,754.37
2025-07-01,S008,Leicester Care & Education Centre,Midlands,VH0058,Car,1202,114.5,169.46,162.56,450,782.02
2025-07-01,S008,Leicester Care & Education Centre,Midlands,VH0005,Van,903,106.2,157.18,167.94,520,845.12
2025-07-01,S009,Derby Care & Education Centre,Midlands,VH0085,Minibus,1228,144.5,213.86,86.0,520,819.86
2025-07-01,S009,Derby Care & Education Centre,Midlands,VH0139,MPV,1339,127.5,188.7,123.1,520,831.8
2025-07-01,S009,Derby Care & Education Centre,Midlands,VH0100,Van,1156,136.0,201.28,245.78,380,827.06
2025-07-01,S009,Derby Care & Education Centre,Midlands,VH0122,MPV,707,67.3,99.6,93.24,520,712.8399999999999
2025-07-01,S009,Derby Care & Education Centre,Midlands,VH0004,Minibus,977,114.9,170.05,187.3,520,877.35
2025-07-01,S009,Derby Care & Education Centre,Midlands,VH0088,Car,1483,141.2,208.98,81.46,320,610.44
2025-07-01,S009,Derby Care & Education Centre,Midlands,VH0082,Van,911,107.2,158.66,166.35,450,775.01
2025-07-01,S010,Coventry Care & Education Centre,Midlands,VH0054,Minibus,749,88.1,130.39,218.35,450,798.74
2025-07-01,S010,Coventry Care & Education Centre,Midlands,VH0136,Minibus,1129,132.8,196.54,223.37,520,939.91
2025-07-01,S010,Coventry Care & Education Centre,Midlands,VH0095,Van,1026,120.7,178.64,107.65,320,606.29
2025-07-01,S011,London Care & Education Centre,South,VH0043,Car,671,63.9,94.57,175.73,450,720.3
2025-07-01,S011,London Care & Education Centre,South,VH0091,Van,1488,175.1,259.15,151.47,380,790.62
2025-07-01,S011,London Care & Education Centre,South,VH0111,Van,1106,130.1,192.55,205.42,380,777.97
2025-07-01,S011,London Care & Education Centre,South,VH0107,Van,732,86.1,127.43,286.2,320,733.63
2025-07-01,S012,Bristol Care & Education Centre,South,VH0102,Car,1100,104.8,155.1,280.55,450,885.65
2025-07-01,S012,Bristol Care & Education Centre,South,VH0056,MPV,866,82.5,122.1,295.44,380,797.54
2025-07-01,S012,Bristol Care & Education Centre,South,VH0055,Van,1243,146.2,216.38,194.24,520,930.62
2025-07-01,S013,Reading Care & Education Centre,South,VH0056,Car,1108,105.5,156.14,130.12,450,736.26
2025-07-01,S013,Reading Care & Education Centre,South,VH0108,Van,1350,158.8,235.02,161.23,380,776.25
2025-07-01,S013,Reading Care & Education Centre,South,VH0072,Van,558,65.6,97.09,60.63,520,677.72
2025-07-01,S013,Reading Care & Education Centre,South,VH0082,Van,1003,118.0,174.64,174.8,450,799.44
2025-07-01,S013,Reading Care & Education Centre,South,VH0093,Van,1035,121.8,180.26,247.52,380,807.78
2025-07-01,S014,Southampton Care & Education Centre,South,VH0103,Minibus,562,66.1,97.83,261.49,520,879.3199999999999
2025-07-01,S014,Southampton Care & Education Centre,South,VH0074,MPV,595,56.7,83.92,210.78,320,614.7
2025-07-01,S014,Southampton Care & Education Centre,South,VH0001,Van,1026,120.7,178.64,183.57,520,882.21
2025-07-01,S014,Southampton Care & Education Centre,South,VH0137,Van,834,98.1,145.19,252.36,520,917.55
2025-07-01,S015,Brighton Care & Education Centre,South,VH0008,Car,1310,124.8,184.7,196.68,520,901.38
2025-07-01,S015,Brighton Care & Education Centre,South,VH0058,Car,1017,96.9,143.41,196.39,450,789.8
2025-07-01,S015,Brighton Care & Education Centre,South,VH0036,MPV,873,83.1,122.99,218.44,380,721.4300000000001
2025-07-01,S015,Brighton Care & Education Centre,South,VH0129,Van,1462,172.0,254.56,235.65,320,810.21
2025-07-01,S016,Cardiff Care & Education Centre,Wales,VH0006,Van,867,102.0,150.96,178.91,450,779.87
2025-07-01,S016,Cardiff Care & Education Centre,Wales,VH0100,MPV,726,69.1,102.27,195.79,380,678.06
2025-07-01,S016,Cardiff Care & Education Centre,Wales,VH0131,Van,1162,136.7,202.32,0.41,380,582.73
2025-07-01,S016,Cardiff Care & Education Centre,Wales,VH0050,Minibus,759,89.3,132.16,227.35,380,739.51
2025-07-01,S016,Cardiff Care & Education Centre,Wales,VH0042,Minibus,974,114.6,169.61,153.24,320,642.85
2025-07-01,S017,Swansea Care & Education Centre,Wales,VH0053,MPV,1147,109.2,161.62,170.12,520,851.74
2025-07-01,S017,Swansea Care & Education Centre,Wales,VH0119,MPV,1001,95.3,141.04,89.54,380,610.5799999999999
2025-07-01,S017,Swansea Care & Education Centre,Wales,VH0118,Van,1312,154.4,228.51,282.43,320,830.94
2025-07-01,S018,Newport Care & Education Centre,Wales,VH0085,Van,929,109.3,161.76,101.03,520,782.79
2025-07-01,S018,Newport Care & Education Centre,Wales,VH0041,Van,1172,137.9,204.09,121.36,320,645.45
2025-07-01,S018,Newport Care & Education Centre,Wales,VH0063,Van,1015,119.4,176.71,209.17,450,835.88
2025-07-01,S018,Newport Care & Education Centre,Wales,VH0119,Car,572,54.5,80.66,255.46,320,656.12
2025-07-01,S018,Newport Care & Education Centre,Wales,VH0018,Van,1068,125.6,185.89,117.08,520,822.97
2025-07-01,S018,Newport Care & Education Centre,Wales,VH0002,Car,1027,97.8,144.74,146.99,450,741.73
2025-07-01,S018,Newport Care & Education Centre,Wales,VH0009,Van,617,72.6,107.45,269.6,320,697.05
2025-07-01,S019,Wrexham Care & Education Centre,Wales,VH0103,Car,1060,101.0,149.48,185.44,380,714.92
2025-07-01,S019,Wrexham Care & Education Centre,Wales,VH0131,Minibus,1287,151.4,224.07,168.31,320,712.38
2025-07-01,S019,Wrexham Care & Education Centre,Wales,VH0113,MPV,1168,111.2,164.58,128.59,450,743.1700000000001
2025-07-01,S019,Wrexham Care & Education Centre,Wales,VH0110,Van,1261,148.4,219.63,0.0,450,669.63
2025-07-01,S019,Wrexham Care & Education Centre,Wales,VH0032,MPV,1025,97.6,144.45,101.77,380,626.22
2025-07-01,S020,Bangor Care & Education Centre,Wales,VH0054,Van,1158,136.2,201.58,187.6,380,769.1800000000001
2025-07-01,S020,Bangor Care & Education Centre,Wales,VH0068,Minibus,873,102.7,152.0,193.03,450,795.03
2025-07-01,S020,Bangor Care & Education Centre,Wales,VH0025,Minibus,1022,120.2,177.9,178.27,520,876.1700000000001
2025-07-01,S020,Bangor Care & Education Centre,Wales,VH0085,Minibus,1260,148.2,219.34,220.46,520,959.8
2025-07-01,S020,Bangor Care & Education Centre,Wales,VH0019,Minibus,323,38.0,56.24,220.01,450,726.25
2025-07-01,S020,Bangor Care & Education Centre,Wales,VH0118,Car,790,75.2,111.3,19.5,380,510.8
2025-08-01,S001,Preston Care & Education Centre,North,VH0134,Minibus,740,87.1,128.91,258.75,450,837.66
2025-08-01,S001,Preston Care & Education Centre,North,VH0074,Minibus,1382,162.6,240.65,275.05,450,965.7
2025-08-01,S001,Preston Care & Education Centre,North,VH0007,MPV,898,85.5,126.54,186.47,450,763.01
2025-08-01,S001,Preston Care & Education Centre,North,VH0057,Van,935,110.0,162.8,94.43,520,777.23
2025-08-01,S002,Manchester Care & Education Centre,North,VH0040,Minibus,761,89.5,132.46,109.85,380,622.31
2025-08-01,S002,Manchester Care & Education Centre,North,VH0033,Car,952,90.7,134.24,162.64,380,676.88
2025-08-01,S002,Manchester Care & Education Centre,North,VH0038,Minibus,1025,120.6,178.49,216.72,380,775.21
2025-08-01,S002,Manchester Care & Education Centre,North,VH0075,Car,813,77.4,114.55,198.66,450,763.21
2025-08-01,S002,Manchester Care & Education Centre,North,VH0099,Minibus,720,84.7,125.36,312.08,520,957.44
2025-08-01,S003,Leeds Care & Education Centre,North,VH0044,Minibus,799,94.0,139.12,189.81,520,848.9300000000001
2025-08-01,S003,Leeds Care & Education Centre,North,VH0089,Van,683,80.4,118.99,109.89,380,608.88
2025-08-01,S003,Leeds Care & Education Centre,North,VH0040,Van,1293,152.1,225.11,191.25,380,796.36
2025-08-01,S003,Leeds Care & Education Centre,North,VH0129,Van,1294,152.2,225.26,191.77,520,937.03
2025-08-01,S003,Leeds Care & Education Centre,North,VH0081,Car,774,73.7,109.08,123.54,320,552.62
2025-08-01,S003,Leeds Care & Education Centre,North,VH0134,Minibus,854,100.5,148.74,356.45,380,885.19
2025-08-01,S004,Newcastle Care & Education Centre,North,VH0053,MPV,750,71.4,105.67,221.5,450,777.1700000000001
2025-08-01,S004,Newcastle Care & Education Centre,North,VH0058,Van,1273,149.8,221.7,296.37,520,1038.07
2025-08-01,S004,Newcastle Care & Education Centre,North,VH0039,Car,947,90.2,133.5,206.99,380,720.49
2025-08-01,S004,Newcastle Care & Education Centre,North,VH0072,MPV,1620,154.3,228.36,100.59,450,778.95
2025-08-01,S004,Newcastle Care & Education Centre,North,VH0031,Car,666,63.4,93.83,0.0,520,613.83
2025-08-01,S005,Sheffield Care & Education Centre,North,VH0085,Minibus,1228,144.5,213.86,99.35,320,633.21
2025-08-01,S005,Sheffield Care & Education Centre,North,VH0130,Car,956,91.0,134.68,184.99,520,839.6700000000001
2025-08-01,S005,Sheffield Care & Education Centre,North,VH0018,MPV,1096,104.4,154.51,184.04,380,718.55
2025-08-01,S006,Birmingham Care & Education Centre,Midlands,VH0047,Car,1105,105.2,155.7,252.31,450,858.01
2025-08-01,S006,Birmingham Care & Education Centre,Midlands,VH0063,Minibus,811,95.4,141.19,195.84,320,657.03
2025-08-01,S006,Birmingham Care & Education Centre,Midlands,VH0059,MPV,856,81.5,120.62,216.42,320,657.04
2025-08-01,S006,Birmingham Care & Education Centre,Midlands,VH0117,MPV,1275,121.4,179.67,186.1,450,815.77
2025-08-01,S006,Birmingham Care & Education Centre,Midlands,VH0046,Car,1345,128.1,189.59,55.76,380,625.35
2025-08-01,S007,Nottingham Care & Education Centre,Midlands,VH0063,Car,1466,139.6,206.61,271.86,450,928.47
2025-08-01,S007,Nottingham Care & Education Centre,Midlands,VH0123,Car,1233,117.4,173.75,292.54,380,846.29
2025-08-01,S007,Nottingham Care & Education Centre,Midlands,VH0119,Van,635,74.7,110.56,108.04,320,538.6
2025-08-01,S007,Nottingham Care & Education Centre,Midlands,VH0026,Van,866,101.9,150.81,207.72,320,678.53
2025-08-01,S008,Leicester Care & Education Centre,Midlands,VH0051,Car,787,75.0,111.0,210.6,520,841.6
2025-08-01,S008,Leicester Care & Education Centre,Midlands,VH0026,Car,1392,132.6,196.25,205.62,520,921.87
2025-08-01,S008,Leicester Care & Education Centre,Midlands,VH0139,MPV,1120,106.7,157.92,70.97,520,748.89
2025-08-01,S008,Leicester Care & Education Centre,Midlands,VH0056,Car,838,79.8,118.1,249.97,450,818.0699999999999
2025-08-01,S008,Leicester Care & Education Centre,Midlands,VH0125,Van,1244,146.4,216.67,146.88,450,813.55
2025-08-01,S008,Leicester Care & Education Centre,Midlands,VH0077,Van,945,111.2,164.58,0.0,380,544.58
2025-08-01,S009,Derby Care & Education Centre,Midlands,VH0130,Minibus,782,92.0,136.16,402.91,380,919.07
2025-08-01,S009,Derby Care & Education Centre,Midlands,VH0124,Minibus,729,85.8,126.98,265.16,450,842.1400000000001
2025-08-01,S009,Derby Care & Education Centre,Midlands,VH0132,Minibus,1301,153.1,226.59,149.61,520,896.2
2025-08-01,S009,Derby Care & Education Centre,Midlands,VH0073,Car,1096,104.4,154.51,225.03,380,759.54
2025-08-01,S009,Derby Care & Education Centre,Midlands,VH0077,Van,1053,123.9,183.37,379.47,320,882.84
2025-08-01,S010,Coventry Care & Education Centre,Midlands,VH0131,Car,632,60.2,89.1,234.7,520,843.8
2025-08-01,S010,Coventry Care & Education Centre,Midlands,VH0121,Minibus,1006,118.4,175.23,311.75,320,806.98
2025-08-01,S010,Coventry Care & Education Centre,Midlands,VH0127,Van,1160,136.5,202.02,91.35,450,743.37
2025-08-01,S010,Coventry Care & Education Centre,Midlands,VH0042,MPV,1107,105.4,155.99,1.37,380,537.36
2025-08-01,S010,Coventry Care & Education Centre,Midlands,VH0046,Car,1200,114.3,169.16,173.85,380,723.01
2025-08-01,S011,London Care & Education Centre,South,VH0079,Van,1209,142.2,210.46,234.65,320,765.11
2025-08-01,S011,London Care & Education Centre,South,VH0129,Minibus,1141,134.2,198.62,261.85,380,840.47
2025-08-01,S011,London Care & Education Centre,South,VH0082,MPV,829,79.0,116.92,93.02,450,659.94
2025-08-01,S011,London Care & Education Centre,South,VH0136,MPV,1346,128.2,189.74,264.91,380,834.6500000000001
2025-08-01,S012,Bristol Care & Education Centre,South,VH0044,Minibus,990,116.5,172.42,253.68,380,806.1
2025-08-01,S012,Bristol Care & Education Centre,South,VH0041,Minibus,823,96.8,143.26,343.82,520,1007.0799999999999
2025-08-01,S012,Bristol Care & Education Centre,South,VH0084,Minibus,1216,143.1,211.79,405.3,450,1067.0900000000001
2025-08-01,S012,Bristol Care & Education Centre,South,VH0133,MPV,830,79.0,116.92,119.76,450,686.6800000000001
2025-08-01,S012,Bristol Care & Education Centre,South,VH0122,Minibus,1107,130.2,192.7,301.72,450,944.4200000000001
2025-08-01,S012,Bristol Care & Education Centre,South,VH0107,Minibus,996,117.2,173.46,180.16,520,873.62
2025-08-01,S013,Reading Care & Education Centre,South,VH0109,Car,1270,121.0,179.08,207.69,520,906.77
2025-08-01,S013,Reading Care & Education Centre,South,VH0101,Minibus,820,96.5,142.82,358.44,380,881.26
2025-08-01,S013,Reading Care & Education Centre,South,VH0107,Van,1342,157.9,233.69,160.74,450,844.4300000000001
2025-08-01,S013,Reading Care & Education Centre,South,VH0002,Car,1069,101.8,150.66,194.32,380,724.98
2025-08-01,S013,Reading Care & Education Centre,South,VH0104,MPV,834,79.4,117.51,152.4,450,719.9100000000001
2025-08-01,S014,Southampton Care & Education Centre,South,VH0096,Minibus,511,60.1,88.95,320.12,380,789.0699999999999
2025-08-01,S014,Southampton Care & Education Centre,South,VH0007,MPV,659,62.8,92.94,270.27,520,883.21
2025-08-01,S014,Southampton Care & Education Centre,South,VH0083,Minibus,967,113.8,168.42,233.07,320,721.49
2025-08-01,S014,Southampton Care & Education Centre,South,VH0110,Car,893,85.0,125.8,126.96,380,632.76
2025-08-01,S014,Southampton Care & Education Centre,South,VH0098,MPV,1404,133.7,197.88,0.0,450,647.88
2025-08-01,S015,Brighton Care & Education Centre,South,VH0121,Van,1369,161.1,238.43,177.04,320,735.47
2025-08-01,S015,Brighton Care & Education Centre,South,VH0012,Car,748,71.2,105.38,63.98,320,489.36
2025-08-01,S015,Brighton Care & Education Centre,South,VH0100,Minibus,1469,172.8,255.74,174.36,450,880.1
2025-08-01,S015,Brighton Care & Education Centre,South,VH0125,Minibus,761,89.5,132.46,340.99,520,993.45
2025-08-01,S015,Brighton Care & Education Centre,South,VH0064,Minibus,1134,133.4,197.43,174.97,320,692.4
2025-08-01,S015,Brighton Care & Education Centre,South,VH0072,Van,1104,129.9,192.25,67.94,380,640.19
2025-08-01,S016,Cardiff Care & Education Centre,Wales,VH0084,MPV,1325,126.2,186.78,234.91,450,871.69
2025-08-01,S016,Cardiff Care & Education Centre,Wales,VH0106,MPV,1183,112.7,166.8,178.93,320,665.73
2025-08-01,S016,Cardiff Care & Education Centre,Wales,VH0039,Van,1490,175.3,259.44,149.97,380,789.41
2025-08-01,S017,Swansea Care & Education Centre,Wales,VH0140,MPV,754,71.8,106.26,185.96,320,612.22
2025-08-01,S017,Swansea Care & Education Centre,Wales,VH0067,Minibus,1571,184.8,273.5,168.82,450,892.3199999999999
2025-08-01,S017,Swansea Care & Education Centre,Wales,VH0136,Van,959,112.8,166.94,183.32,380,730.26
2025-08-01,S017,Swansea Care & Education Centre,Wales,VH0075,MPV,1036,98.7,146.08,71.42,450,667.5
2025-08-01,S017,Swansea Care & Education Centre,Wales,VH0006,Van,1330,156.5,231.62,335.6,380,947.22
2025-08-01,S018,Newport Care & Education Centre,Wales,VH0093,MPV,1099,104.7,154.96,77.67,320,552.63
2025-08-01,S018,Newport Care & Education Centre,Wales,VH0086,Van,662,77.9,115.29,170.64,520,805.9300000000001
2025-08-01,S018,Newport Care & Education Centre,Wales,VH0051,Van,1325,155.9,230.73,188.01,520,938.74
2025-08-01,S018,Newport Care & Education Centre,Wales,VH0067,Car,1049,99.9,147.85,102.86,320,570.71
2025-08-01,S018,Newport Care & Education Centre,Wales,VH0066,Minibus,776,91.3,135.12,316.78,320,771.9
2025-08-01,S018,Newport Care & Education Centre,Wales,VH0006,Van,1278,150.4,222.59,26.34,320,568.9300000000001
2025-08-01,S019,Wrexham Care & Education Centre,Wales,VH0084,Car,1447,137.8,203.94,195.93,320,719.87
2025-08-01,S019,Wrexham Care & Education Centre,Wales,VH0138,MPV,1399,133.2,197.14,42.63,320,559.77
2025-08-01,S019,Wrexham Care & Education Centre,Wales,VH0126,Van,708,83.3,123.28,138.08,380,641.36
2025-08-01,S019,Wrexham Care & Education Centre,Wales,VH0073,Car,1175,111.9,165.61,293.71,520,979.3199999999999
2025-08-01,S019,Wrexham Care & Education Centre,Wales,VH0086,Minibus,1226,144.2,213.42,230.59,520,964.01
2025-08-01,S019,Wrexham Care & Education Centre,Wales,VH0018,Van,793,93.3,138.08,248.4,380,766.48
2025-08-01,S019,Wrexham Care & Education Centre,Wales,VH0020,Minibus,808,95.1,140.75,380.28,320,841.03
2025-08-01,S020,Bangor Care & Education Centre,Wales,VH0087,Car,978,93.1,137.79,277.25,520,935.04
2025-08-01,S020,Bangor Care & Education Centre,Wales,VH0117,Minibus,1219,143.4,212.23,239.04,320,771.27
2025-08-01,S020,Bangor Care & Education Centre,Wales,VH0136,Van,920,108.2,160.14,122.73,320,602.87
2025-08-01,S020,Bangor Care & Education Centre,Wales,VH0111,Car,1157,110.2,163.1,156.17,380,699.27
2025-09-01,S001,Preston Care & Education Centre,North,VH0110,Van,901,106.0,156.88,136.75,380,673.63
2025-09-01,S001,Preston Care & Education Centre,North,VH0039,Minibus,1069,125.8,186.18,79.7,380,645.88
2025-09-01,S001,Preston Care & Education Centre,North,VH0067,MPV,1164,110.9,164.13,71.62,380,615.75
2025-09-01,S001,Preston Care & Education Centre,North,VH0058,MPV,761,72.5,107.3,15.01,450,572.31
2025-09-01,S001,Preston Care & Education Centre,North,VH0084,MPV,601,57.2,84.66,41.56,320,446.22
2025-09-01,S002,Manchester Care & Education Centre,North,VH0137,Minibus,872,102.6,151.85,406.26,320,878.11
2025-09-01,S002,Manchester Care & Education Centre,North,VH0011,Minibus,918,108.0,159.84,264.22,450,874.0600000000001
2025-09-01,S002,Manchester Care & Education Centre,North,VH0033,MPV,1150,109.5,162.06,160.49,380,702.55
2025-09-01,S003,Leeds Care & Education Centre,North,VH0078,MPV,1030,98.1,145.19,54.38,380,579.5699999999999
2025-09-01,S003,Leeds Care & Education Centre,North,VH0042,Minibus,1412,166.1,245.83,394.58,320,960.41
2025-09-01,S003,Leeds Care & Education Centre,North,VH0109,MPV,629,59.9,88.65,68.08,520,676.73
2025-09-01,S003,Leeds Care & Education Centre,North,VH0070,Car,980,93.3,138.08,72.84,520,730.9200000000001
2025-09-01,S004,Newcastle Care & Education Centre,North,VH0114,Car,1176,112.0,165.76,91.74,520,777.5
2025-09-01,S004,Newcastle Care & Education Centre,North,VH0054,Van,1591,187.2,277.06,245.24,520,1042.3
2025-09-01,S004,Newcastle Care & Education Centre,North,VH0098,MPV,1103,105.0,155.4,232.16,380,767.56
2025-09-01,S005,Sheffield Care & Education Centre,North,VH0032,MPV,1326,126.3,186.92,104.88,320,611.8
2025-09-01,S005,Sheffield Care & Education Centre,North,VH0024,Van,845,99.4,147.11,156.25,450,753.36
2025-09-01,S005,Sheffield Care & Education Centre,North,VH0045,Minibus,1265,148.8,220.22,261.12,520,1001.34
2025-09-01,S005,Sheffield Care & Education Centre,North,VH0130,MPV,655,62.4,92.35,85.77,380,558.12
2025-09-01,S005,Sheffield Care & Education Centre,North,VH0133,Car,1031,98.2,145.34,143.95,450,739.29
2025-09-01,S005,Sheffield Care & Education Centre,North,VH0042,Van,1543,181.5,268.62,39.12,450,757.74
2025-09-01,S006,Birmingham Care & Education Centre,Midlands,VH0029,Car,1176,112.0,165.76,269.13,450,884.89
2025-09-01,S006,Birmingham Care & Education Centre,Midlands,VH0117,Minibus,1617,190.2,281.5,217.65,450,949.15
2025-09-01,S006,Birmingham Care & Education Centre,Midlands,VH0005,Car,1172,111.6,165.17,195.58,520,880.75
2025-09-01,S006,Birmingham Care & Education Centre,Midlands,VH0002,Minibus,1098,129.2,191.22,242.09,380,813.31
2025-09-01,S006,Birmingham Care & Education Centre,Midlands,VH0098,Car,1158,110.3,163.24,0.0,520,683.24
2025-09-01,S006,Birmingham Care & Education Centre,Midlands,VH0108,Van,1220,143.5,212.38,160.09,320,692.47
2025-09-01,S006,Birmingham Care & Education Centre,Midlands,VH0103,Minibus,994,116.9,173.01,413.75,450,1036.76
2025-09-01,S007,Nottingham Care & Education Centre,Midlands,VH0037,Car,881,83.9,124.17,117.75,380,621.9200000000001
2025-09-01,S007,Nottingham Care & Education Centre,Midlands,VH0064,MPV,1547,147.3,218.0,83.44,380,681.44
2025-09-01,S007,Nottingham Care & Education Centre,Midlands,VH0046,Van,912,107.3,158.8,138.24,320,617.04
2025-09-01,S008,Leicester Care & Education Centre,Midlands,VH0054,Van,1260,148.2,219.34,166.62,380,765.96
2025-09-01,S008,Leicester Care & Education Centre,Midlands,VH0076,Van,726,85.4,126.39,107.43,380,613.8199999999999
2025-09-01,S008,Leicester Care & Education Centre,Midlands,VH0096,MPV,898,85.5,126.54,143.82,380,650.36
2025-09-01,S009,Derby Care & Education Centre,Midlands,VH0094,Van,1156,136.0,201.28,183.46,380,764.74
2025-09-01,S009,Derby Care & Education Centre,Midlands,VH0029,Minibus,605,71.2,105.38,335.12,520,960.5
2025-09-01,S009,Derby Care & Education Centre,Midlands,VH0042,Minibus,1113,130.9,193.73,360.76,450,1004.49
2025-09-01,S009,Derby Care & Education Centre,Midlands,VH0008,Minibus,1161,136.6,202.17,338.11,320,860.28
2025-09-01,S010,Coventry Care & Education Centre,Midlands,VH0085,Car,1166,111.0,164.28,257.7,380,801.98
2025-09-01,S010,Coventry Care & Education Centre,Midlands,VH0008,Van,1180,138.8,205.42,142.17,320,667.5899999999999
2025-09-01,S010,Coventry Care & Education Centre,Midlands,VH0121,Van,1618,190.4,281.79,221.12,380,882.9100000000001
2025-09-01,S011,London Care & Education Centre,South,VH0026,Car,1193,113.6,168.13,47.9,520,736.03
2025-09-01,S011,London Care & Education Centre,South,VH0004,Car,727,69.2,102.42,173.42,320,595.8399999999999
2025-09-01,S011,London Care & Education Centre,South,VH0090,Van,1086,127.8,189.14,100.87,520,810.01
2025-09-01,S011,London Care & Education Centre,South,VH0058,Van,1085,127.6,188.85,277.09,520,985.9399999999999
2025-09-01,S012,Bristol Care & Education Centre,South,VH0001,Minibus,1223,143.9,212.97,158.72,380,751.69
2025-09-01,S012,Bristol Care & Education Centre,South,VH0080,Minibus,1022,120.2,177.9,185.6,450,813.5
2025-09-01,S012,Bristol Care & Education Centre,South,VH0122,Car,953,90.8,134.38,116.91,520,771.29
2025-09-01,S012,Bristol Care & Education Centre,South,VH0121,Van,930,109.4,161.91,49.59,380,591.5
2025-09-01,S013,Reading Care & Education Centre,South,VH0057,MPV,1018,97.0,143.56,105.15,320,568.71
2025-09-01,S013,Reading Care & Education Centre,South,VH0132,Car,317,30.2,44.7,314.24,520,878.94
2025-09-01,S013,Reading Care & Education Centre,South,VH0034,Minibus,1322,155.5,230.14,219.9,320,770.04
2025-09-01,S013,Reading Care & Education Centre,South,VH0037,MPV,1054,100.4,148.59,56.27,380,584.86
2025-09-01,S014,Southampton Care & Education Centre,South,VH0048,Minibus,1473,173.3,256.48,401.78,380,1038.26
2025-09-01,S014,Southampton Care & Education Centre,South,VH0078,Minibus,1089,128.1,189.59,331.88,520,1041.47
2025-09-01,S014,Southampton Care & Education Centre,South,VH0085,Minibus,1093,128.6,190.33,143.06,380,713.39
2025-09-01,S014,Southampton Care & Education Centre,South,VH0119,Car,947,90.2,133.5,160.55,520,814.05
2025-09-01,S014,Southampton Care & Education Centre,South,VH0134,Car,936,89.1,131.87,132.51,380,644.38
2025-09-01,S015,Brighton Care & Education Centre,South,VH0004,MPV,1027,97.8,144.74,143.53,520,808.27
2025-09-01,S015,Brighton Care & Education Centre,South,VH0037,Minibus,1063,125.1,185.15,165.15,320,670.3
2025-09-01,S015,Brighton Care & Education Centre,South,VH0009,Van,870,102.4,151.55,47.23,520,718.78
2025-09-01,S015,Brighton Care & Education Centre,South,VH0061,Minibus,1294,152.2,225.26,81.55,380,686.81
2025-09-01,S016,Cardiff Care & Education Centre,Wales,VH0104,Car,1338,127.4,188.55,260.91,450,899.46
2025-09-01,S016,Cardiff Care & Education Centre,Wales,VH0116,Minibus,974,114.6,169.61,41.75,450,661.36
2025-09-01,S016,Cardiff Care & Education Centre,Wales,VH0055,MPV,959,91.3,135.12,144.87,450,729.99
2025-09-01,S016,Cardiff Care & Education Centre,Wales,VH0117,Minibus,797,93.8,138.82,208.78,520,867.6
2025-09-01,S016,Cardiff Care & Education Centre,Wales,VH0068,Van,1432,168.5,249.38,203.19,320,772.5699999999999
2025-09-01,S016,Cardiff Care & Education Centre,Wales,VH0140,Minibus,818,96.2,142.38,122.19,450,714.5699999999999
2025-09-01,S016,Cardiff Care & Education Centre,Wales,VH0113,Car,968,92.2,136.46,132.92,450,719.38
2025-09-01,S017,Swansea Care & Education Centre,Wales,VH0007,Car,1174,111.8,165.46,107.17,320,592.63
2025-09-01,S017,Swansea Care & Education Centre,Wales,VH0140,Minibus,1177,138.5,204.98,404.81,380,989.79
2025-09-01,S017,Swansea Care & Education Centre,Wales,VH0033,Minibus,1253,147.4,218.15,246.15,450,914.3
2025-09-01,S017,Swansea Care & Education Centre,Wales,VH0025,Van,1004,118.1,174.79,121.47,520,816.26
2025-09-01,S017,Swansea Care & Education Centre,Wales,VH0059,Car,1345,128.1,189.59,99.81,380,669.4
2025-09-01,S017,Swansea Care & Education Centre,Wales,VH0118,Van,1061,124.8,184.7,154.1,380,718.8
2025-09-01,S018,Newport Care & Education Centre,Wales,VH0057,MPV,924,88.0,130.24,40.2,320,490.44
2025-09-01,S018,Newport Care & Education Centre,Wales,VH0005,Minibus,1130,132.9,196.69,245.12,380,821.81
2025-09-01,S018,Newport Care & Education Centre,Wales,VH0051,MPV,1175,111.9,165.61,107.31,450,722.9200000000001
2025-09-01,S018,Newport Care & Education Centre,Wales,VH0091,MPV,1355,129.0,190.92,79.86,320,590.78
2025-09-01,S019,Wrexham Care & Education Centre,Wales,VH0058,MPV,1478,140.8,208.38,10.19,450,668.5699999999999
2025-09-01,S019,Wrexham Care & Education Centre,Wales,VH0039,Car,1158,110.3,163.24,188.03,520,871.27
2025-09-01,S019,Wrexham Care & Education Centre,Wales,VH0139,Minibus,851,100.1,148.15,283.95,520,952.1
2025-09-01,S019,Wrexham Care & Education Centre,Wales,VH0109,Van,1369,161.1,238.43,0.0,520,758.4300000000001
2025-09-01,S020,Bangor Care & Education Centre,Wales,VH0083,Minibus,1175,138.2,204.54,50.54,380,635.0799999999999
2025-09-01,S020,Bangor Care & Education Centre,Wales,VH0035,Car,808,77.0,113.96,280.33,320,714.29
2025-09-01,S020,Bangor Care & Education Centre,Wales,VH0077,Van,904,106.4,157.47,56.09,380,593.56
2025-09-01,S020,Bangor Care & Education Centre,Wales,VH0001,MPV,1000,95.2,140.9,315.43,520,976.33
2025-09-01,S020,Bangor Care & Education Centre,Wales,VH0020,MPV,592,56.4,83.47,65.9,380,529.37
2025-09-01,S020,Bangor Care & Education Centre,Wales,VH0065,Van,1424,167.5,247.9,298.62,380,926.52
2025-10-01,S001,Preston Care & Education Centre,North,VH0101,Minibus,1024,120.5,178.34,150.88,380,709.22
2025-10-01,S001,Preston Care & Education Centre,North,VH0050,Van,1573,185.1,273.95,277.56,320,871.51
2025-10-01,S001,Preston Care & Education Centre,North,VH0064,MPV,1219,116.1,171.83,85.01,380,636.84
2025-10-01,S001,Preston Care & Education Centre,North,VH0090,Van,1037,122.0,180.56,137.17,380,697.73
2025-10-01,S001,Preston Care & Education Centre,North,VH0019,Minibus,1132,133.2,197.14,366.08,450,1013.22
2025-10-01,S001,Preston Care & Education Centre,North,VH0058,Car,1269,120.9,178.93,63.81,320,562.74
2025-10-01,S002,Manchester Care & Education Centre,North,VH0080,Car,1394,132.8,196.54,175.05,520,891.59
2025-10-01,S002,Manchester Care & Education Centre,North,VH0135,MPV,1221,116.3,172.12,267.32,320,759.44
2025-10-01,S002,Manchester Care & Education Centre,North,VH0027,Minibus,772,90.8,134.38,247.13,450,831.51
2025-10-01,S002,Manchester Care & Education Centre,North,VH0121,Car,917,87.3,129.2,24.57,520,673.77
2025-10-01,S002,Manchester Care & Education Centre,North,VH0060,Minibus,1136,133.6,197.73,450.92,320,968.65
2025-10-01,S002,Manchester Care & Education Centre,North,VH0113,Van,589,69.3,102.56,147.42,520,769.98
2025-10-01,S002,Manchester Care & Education Centre,North,VH0077,MPV,1210,115.2,170.5,159.85,520,850.35
2025-10-01,S003,Leeds Care & Education Centre,North,VH0058,MPV,1021,97.2,143.86,46.06,520,709.9200000000001
2025-10-01,S003,Leeds Care & Education Centre,North,VH0134,Van,1108,130.4,192.99,89.46,520,802.45
2025-10-01,S003,Leeds Care & Education Centre,North,VH0027,Car,502,47.8,70.74,245.57,320,636.31
2025-10-01,S003,Leeds Care & Education Centre,North,VH0023,Minibus,1289,151.6,224.37,254.13,450,928.5
2025-10-01,S003,Leeds Care & Education Centre,North,VH0093,Minibus,1107,130.2,192.7,335.95,450,978.65
2025-10-01,S004,Newcastle Care & Education Centre,North,VH0065,MPV,1106,105.3,155.84,222.32,520,898.16
2025-10-01,S004,Newcastle Care & Education Centre,North,VH0092,MPV,975,92.9,137.49,254.96,520,912.45
2025-10-01,S004,Newcastle Care & Education Centre,North,VH0022,Minibus,1130,132.9,196.69,265.52,320,782.21
2025-10-01,S004,Newcastle Care & Education Centre,North,VH0004,Van,732,86.1,127.43,172.96,520,820.39
2025-10-01,S004,Newcastle Care & Education Centre,North,VH0026,Van,842,99.1,146.67,98.94,320,565.61
2025-10-01,S004,Newcastle Care & Education Centre,North,VH0125,Car,846,80.6,119.29,64.7,320,503.99
2025-10-01,S005,Sheffield Care & Education Centre,North,VH0025,Minibus,1581,186.0,275.28,356.51,520,1151.79
2025-10-01,S005,Sheffield Care & Education Centre,North,VH0031,Van,1530,180.0,266.4,52.17,320,638.5699999999999
2025-10-01,S005,Sheffield Care & Education Centre,North,VH0062,Van,1067,125.5,185.74,46.52,520,752.26
2025-10-01,S005,Sheffield Care & Education Centre,North,VH0093,Car,876,83.4,123.43,76.55,380,579.98
2025-10-01,S005,Sheffield Care & Education Centre,North,VH0108,MPV,1359,129.4,191.51,118.3,320,629.81
2025-10-01,S005,Sheffield Care & Education Centre,North,VH0101,Minibus,1317,154.9,229.25,298.33,320,847.5799999999999
2025-10-01,S005,Sheffield Care & Education Centre,North,VH0011,Minibus,1625,191.2,282.98,131.64,520,934.62
2025-10-01,S006,Birmingham Care & Education Centre,Midlands,VH0117,Minibus,1364,160.5,237.54,341.72,450,1029.26
2025-10-01,S006,Birmingham Care & Education Centre,Midlands,VH0065,MPV,806,76.8,113.66,230.57,450,794.23
2025-10-01,S006,Birmingham Care & Education Centre,Midlands,VH0092,Van,1134,133.4,197.43,131.8,320,649.23
2025-10-01,S007,Nottingham Care & Education Centre,Midlands,VH0118,Van,844,99.3,146.96,92.47,450,689.4300000000001
2025-10-01,S007,Nottingham Care & Education Centre,Midlands,VH0068,MPV,1562,148.8,220.22,150.05,520,890.27
2025-10-01,S007,Nottingham Care & Education Centre,Midlands,VH0042,Car,1245,118.6,175.53,86.73,450,712.26
2025-10-01,S007,Nottingham Care & Education Centre,Midlands,VH0054,Minibus,855,100.6,148.89,336.56,380,865.45
2025-10-01,S007,Nottingham Care & Education Centre,Midlands,VH0083,Minibus,712,83.8,124.02,216.78,450,790.8
2025-10-01,S008,Leicester Care & Education Centre,Midlands,VH0024,Van,1058,124.5,184.26,158.91,380,723.17
2025-10-01,S008,Leicester Care & Education Centre,Midlands,VH0104,Van,1005,118.2,174.94,181.67,380,736.61
2025-10-01,S008,Leicester Care & Education Centre,Midlands,VH0081,Minibus,1223,143.9,212.97,308.77,520,1041.74
2025-10-01,S009,Derby Care & Education Centre,Midlands,VH0087,Minibus,803,94.5,139.86,227.27,320,687.13
2025-10-01,S009,Derby Care & Education Centre,Midlands,VH0113,Car,1348,128.4,190.03,221.57,380,791.6
2025-10-01,S009,Derby Care & Education Centre,Midlands,VH0093,Minibus,706,83.1,122.99,278.12,450,851.11
2025-10-01,S009,Derby Care & Education Centre,Midlands,VH0041,MPV,555,52.9,78.29,153.75,520,752.04
2025-10-01,S009,Derby Care & Education Centre,Midlands,VH0044,Car,1524,145.1,214.75,74.17,380,668.9200000000001
2025-10-01,S010,Coventry Care & Education Centre,Midlands,VH0024,MPV,841,80.1,118.55,211.12,450,779.6700000000001
2025-10-01,S010,Coventry Care & Education Centre,Midlands,VH0104,Minibus,664,78.1,115.59,199.38,520,834.97
2025-10-01,S010,Coventry Care & Education Centre,Midlands,VH0068,MPV,1199,114.2,169.02,99.26,520,788.28
2025-10-01,S011,London Care & Education Centre,South,VH0076,MPV,991,94.4,139.71,209.53,520,869.24
2025-10-01,S011,London Care & Education Centre,South,VH0022,Car,1155,110.0,162.8,171.35,380,714.15
2025-10-01,S011,London Care & Education Centre,South,VH0083,MPV,965,91.9,136.01,179.6,450,765.61
2025-10-01,S012,Bristol Care & Education Centre,South,VH0127,MPV,1019,97.0,143.56,186.62,380,710.1800000000001
2025-10-01,S012,Bristol Care & Education Centre,South,VH0058,Van,925,108.8,161.02,135.39,380,676.41
2025-10-01,S012,Bristol Care & Education Centre,South,VH0057,MPV,802,76.4,113.07,147.2,320,580.27
2025-10-01,S013,Reading Care & Education Centre,South,VH0063,MPV,847,80.7,119.44,60.88,520,700.3199999999999
2025-10-01,S013,Reading Care & Education Centre,South,VH0006,MPV,1114,106.1,157.03,167.02,520,844.05
2025-10-01,S013,Reading Care & Education Centre,South,VH0124,Van,1245,146.5,216.82,115.51,450,782.3299999999999
2025-10-01,S013,Reading Care & Education Centre,South,VH0113,Minibus,1152,135.5,200.54,294.06,450,944.6
2025-10-01,S013,Reading Care & Education Centre,South,VH0107,Van,1161,136.6,202.17,83.95,450,736.12
2025-10-01,S014,Southampton Care & Education Centre,South,VH0061,MPV,1087,103.5,153.18,179.13,450,782.31
2025-10-01,S014,Southampton Care & Education Centre,South,VH0082,MPV,1051,100.1,148.15,0.0,380,528.15
2025-10-01,S014,Southampton Care & Education Centre,South,VH0139,Car,1090,103.8,153.62,327.0,520,1000.62
2025-10-01,S014,Southampton Care & Education Centre,South,VH0092,Minibus,959,112.8,166.94,191.75,320,678.69
2025-10-01,S014,Southampton Care & Education Centre,South,VH0020,MPV,1143,108.9,161.17,174.99,450,786.16
2025-10-01,S015,Brighton Care & Education Centre,South,VH0058,Van,1348,158.6,234.73,49.37,320,604.0999999999999
2025-10-01,S015,Brighton Care & Education Centre,South,VH0120,MPV,1232,117.3,173.6,197.23,320,690.8299999999999
2025-10-01,S015,Brighton Care & Education Centre,South,VH0069,Van,1014,119.3,176.56,177.09,320,673.65
2025-10-01,S015,Brighton Care & Education Centre,South,VH0014,Minibus,1307,153.8,227.62,319.79,520,1067.41
2025-10-01,S015,Brighton Care & Education Centre,South,VH0118,MPV,764,72.8,107.74,215.61,320,643.35
2025-10-01,S015,Brighton Care & Education Centre,South,VH0113,Minibus,1033,121.5,179.82,255.83,320,755.65
2025-10-01,S015,Brighton Care & Education Centre,South,VH0128,Minibus,1068,125.6,185.89,237.98,450,873.87
2025-10-01,S016,Cardiff Care & Education Centre,Wales,VH0126,Van,1347,158.5,234.58,143.3,380,757.88
2025-10-01,S016,Cardiff Care & Education Centre,Wales,VH0111,Van,770,90.6,134.09,118.52,450,702.61
2025-10-01,S016,Cardiff Care & Education Centre,Wales,VH0035,Minibus,1094,128.7,190.48,348.34,450,988.8199999999999
2025-10-01,S017,Swansea Care & Education Centre,Wales,VH0131,Minibus,1200,141.2,208.98,181.96,320,710.94
2025-10-01,S017,Swansea Care & Education Centre,Wales,VH0105,Car,1671,159.1,235.47,171.18,450,856.65
2025-10-01,S017,Swansea Care & Education Centre,Wales,VH0037,Car,1368,130.3,192.84,137.86,320,650.7
2025-10-01,S017,Swansea Care & Education Centre,Wales,VH0139,Car,1183,112.7,166.8,217.16,520,903.96
2025-10-01,S018,Newport Care & Education Centre,Wales,VH0050,Car,1354,129.0,190.92,234.59,520,945.51
2025-10-01,S018,Newport Care & Education Centre,Wales,VH0064,Car,1268,120.8,178.78,124.79,450,753.5699999999999
2025-10-01,S018,Newport Care & Education Centre,Wales,VH0046,Car,907,86.4,127.87,176.61,320,624.48
2025-10-01,S018,Newport Care & Education Centre,Wales,VH0047,Van,1283,150.9,223.33,132.18,520,875.51
2025-10-01,S019,Wrexham Care & Education Centre,Wales,VH0098,Minibus,1316,154.8,229.1,366.21,450,1045.31
2025-10-01,S019,Wrexham Care & Education Centre,Wales,VH0122,MPV,820,78.1,115.59,83.05,520,718.64
2025-10-01,S019,Wrexham Care & Education Centre,Wales,VH0036,Minibus,1014,119.3,176.56,274.61,520,971.1700000000001
2025-10-01,S019,Wrexham Care & Education Centre,Wales,VH0088,Car,918,87.4,129.35,258.18,380,767.53
2025-10-01,S019,Wrexham Care & Education Centre,Wales,VH0047,Minibus,1156,136.0,201.28,253.16,520,974.44
2025-10-01,S019,Wrexham Care & Education Centre,Wales,VH0025,MPV,691,65.8,97.38,44.73,380,522.11
2025-10-01,S020,Bangor Care & Education Centre,Wales,VH0021,Minibus,1120,131.8,195.06,79.39,320,594.45
2025-10-01,S020,Bangor Care & Education Centre,Wales,VH0087,Car,1303,124.1,183.67,137.35,320,641.02
2025-10-01,S020,Bangor Care & Education Centre,Wales,VH0116,Minibus,1860,218.8,323.82,434.63,320,1078.45
2025-10-01,S020,Bangor Care & Education Centre,Wales,VH0025,MPV,1004,95.6,141.49,141.49,320,602.98
2025-10-01,S020,Bangor Care & Education Centre,Wales,VH0135,Car,1298,123.6,182.93,286.25,320,789.1800000000001
2025-11-01,S001,Preston Care & Education Centre,North,VH0099,MPV,640,61.0,90.28,7.09,380,477.37
2025-11-01,S001,Preston Care & Education Centre,North,VH0079,Van,894,105.2,155.7,196.62,380,732.3199999999999
2025-11-01,S001,Preston Care & Education Centre,North,VH0008,MPV,1174,111.8,165.46,235.58,450,851.04
2025-11-01,S001,Preston Care & Education Centre,North,VH0096,Car,750,71.4,105.67,0.0,380,485.67
2025-11-01,S001,Preston Care & Education Centre,North,VH0018,Minibus,1264,148.7,220.08,183.74,380,783.82
2025-11-01,S002,Manchester Care & Education Centre,North,VH0046,Car,545,51.9,76.81,161.61,450,688.4200000000001
2025-11-01,S002,Manchester Care & Education Centre,North,VH0130,Minibus,1248,146.8,217.26,240.24,320,777.5
2025-11-01,S002,Manchester Care & Education Centre,North,VH0039,Minibus,935,110.0,162.8,237.25,380,780.05
2025-11-01,S002,Manchester Care & Education Centre,North,VH0114,MPV,957,91.1,134.83,42.16,320,496.99
2025-11-01,S002,Manchester Care & Education Centre,North,VH0008,Van,871,102.5,151.7,191.7,380,723.4
2025-11-01,S002,Manchester Care & Education Centre,North,VH0010,MPV,1130,107.6,159.25,163.44,450,772.69
2025-11-01,S003,Leeds Care & Education Centre,North,VH0100,Minibus,801,94.2,139.42,235.48,380,754.9
2025-11-01,S003,Leeds Care & Education Centre,North,VH0115,MPV,505,48.1,71.19,164.28,520,755.47
2025-11-01,S003,Leeds Care & Education Centre,North,VH0030,MPV,1407,134.0,198.32,32.07,520,750.39
2025-11-01,S003,Leeds Care & Education Centre,North,VH0017,Car,903,86.0,127.28,176.33,450,753.61
2025-11-01,S003,Leeds Care & Education Centre,North,VH0087,Car,1363,129.8,192.1,114.14,520,826.24
2025-11-01,S003,Leeds Care & Education Centre,North,VH0064,Car,876,83.4,123.43,0.0,320,443.43
2025-11-01,S004,Newcastle Care & Education Centre,North,VH0135,MPV,1075,102.4,151.55,313.37,450,914.9200000000001
2025-11-01,S004,Newcastle Care & Education Centre,North,VH0137,Minibus,1119,131.6,194.77,248.22,380,822.99
2025-11-01,S004,Newcastle Care & Education Centre,North,VH0134,Van,1130,132.9,196.69,149.11,380,725.8
2025-11-01,S004,Newcastle Care & Education Centre,North,VH0101,Minibus,846,99.5,147.26,315.86,520,983.12
2025-11-01,S004,Newcastle Care & Education Centre,North,VH0140,Van,1106,130.1,192.55,151.41,520,863.96
2025-11-01,S005,Sheffield Care & Education Centre,North,VH0022,Van,806,94.8,140.3,254.28,450,844.58
2025-11-01,S005,Sheffield Care & Education Centre,North,VH0126,Van,1216,143.1,211.79,105.77,450,767.56
2025-11-01,S005,Sheffield Care & Education Centre,North,VH0007,Car,1300,123.8,183.22,110.19,320,613.41
2025-11-01,S005,Sheffield Care & Education Centre,North,VH0027,MPV,854,81.3,120.32,89.22,320,529.54
2025-11-01,S005,Sheffield Care & Education Centre,North,VH0083,Minibus,607,71.4,105.67,287.72,380,773.3900000000001
2025-11-01,S005,Sheffield Care & Education Centre,North,VH0124,Minibus,592,69.6,103.01,151.72,320,574.73
2025-11-01,S006,Birmingham Care & Education Centre,Midlands,VH0008,Car,531,50.6,74.89,143.11,520,738.0
2025-11-01,S006,Birmingham Care & Education Centre,Midlands,VH0013,MPV,1012,96.4,142.67,123.86,450,716.53
2025-11-01,S006,Birmingham Care & Education Centre,Midlands,VH0078,Car,789,75.1,111.15,56.22,380,547.37
2025-11-01,S006,Birmingham Care & Education Centre,Midlands,VH0099,Car,1166,111.0,164.28,105.96,520,790.24
2025-11-01,S006,Birmingham Care & Education Centre,Midlands,VH0049,MPV,1129,107.5,159.1,79.18,380,618.28
2025-11-01,S006,Birmingham Care & Education Centre,Midlands,VH0091,Minibus,1095,128.8,190.62,354.26,320,864.88
2025-11-01,S006,Birmingham Care & Education Centre,Midlands,VH0138,MPV,1196,113.9,168.57,117.01,520,805.5799999999999
2025-11-01,S007,Nottingham Care & Education Centre,Midlands,VH0004,Car,1114,106.1,157.03,130.75,450,737.78
2025-11-01,S007,Nottingham Care & Education Centre,Midlands,VH0012,Car,1051,100.1,148.15,123.95,380,652.1
2025-11-01,S007,Nottingham Care & Education Centre,Midlands,VH0098,Minibus,1008,118.6,175.53,266.97,380,822.5
2025-11-01,S007,Nottingham Care & Education Centre,Midlands,VH0053,Van,801,94.2,139.42,68.73,380,588.15
2025-11-01,S008,Leicester Care & Education Centre,Midlands,VH0103,Minibus,702,82.6,122.25,121.98,520,764.23
2025-11-01,S008,Leicester Care & Education Centre,Midlands,VH0012,Minibus,745,87.6,129.65,262.76,380,772.41
2025-11-01,S008,Leicester Care & Education Centre,Midlands,VH0040,Minibus,826,97.2,143.86,291.09,520,954.95
2025-11-01,S008,Leicester Care & Education Centre,Midlands,VH0037,Car,1058,100.8,149.18,0.0,520,669.1800000000001
2025-11-01,S008,Leicester Care & Education Centre,Midlands,VH0064,Van,1213,142.7,211.2,214.86,520,946.06
2025-11-01,S009,Derby Care & Education Centre,Midlands,VH0049,Car,801,76.3,112.92,183.62,520,816.54
2025-11-01,S009,Derby Care & Education Centre,Midlands,VH0125,MPV,835,79.5,117.66,157.81,380,655.47
2025-11-01,S009,Derby Care & Education Centre,Midlands,VH0065,Car,733,69.8,103.3,6.55,320,429.85
2025-11-01,S009,Derby Care & Education Centre,Midlands,VH0003,Car,954,90.9,134.53,140.1,380,654.63
2025-11-01,S009,Derby Care & Education Centre,Midlands,VH0102,Van,950,111.8,165.46,55.28,320,540.74
2025-11-01,S010,Coventry Care & Education Centre,Midlands,VH0138,Van,950,111.8,165.46,171.54,450,787.0
2025-11-01,S010,Coventry Care & Education Centre,Midlands,VH0084,Minibus,1038,122.1,180.71,264.6,450,895.3100000000001
2025-11-01,S010,Coventry Care & Education Centre,Midlands,VH0043,Minibus,882,103.8,153.62,343.74,320,817.36
2025-11-01,S010,Coventry Care & Education Centre,Midlands,VH0066,Car,755,71.9,106.41,189.0,520,815.41
2025-11-01,S011,London Care & Education Centre,South,VH0023,Car,1345,128.1,189.59,188.47,520,898.06
2025-11-01,S011,London Care & Education Centre,South,VH0128,Van,999,117.5,173.9,107.74,320,601.64
2025-11-01,S011,London Care & Education Centre,South,VH0052,Car,1309,124.7,184.56,36.16,380,600.72
2025-11-01,S011,London Care & Education Centre,South,VH0033,Car,807,76.9,113.81,118.2,520,752.01
2025-11-01,S012,Bristol Care & Education Centre,South,VH0022,Minibus,1359,159.9,236.65,280.38,520,1037.03
2025-11-01,S012,Bristol Care & Education Centre,South,VH0018,MPV,807,76.9,113.81,125.18,520,758.99
2025-11-01,S012,Bristol Care & Education Centre,South,VH0062,Car,896,85.3,126.24,93.22,380,599.46
2025-11-01,S012,Bristol Care & Education Centre,South,VH0112,MPV,1294,123.2,182.34,40.26,450,672.6
2025-11-01,S013,Reading Care & Education Centre,South,VH0004,Minibus,1452,170.8,252.78,316.26,380,949.04
2025-11-01,S013,Reading Care & Education Centre,South,VH0040,Minibus,1322,155.5,230.14,212.96,520,963.1
2025-11-01,S013,Reading Care & Education Centre,South,VH0088,MPV,1012,96.4,142.67,35.35,320,498.02
2025-11-01,S014,Southampton Care & Education Centre,South,VH0098,MPV,918,87.4,129.35,189.49,380,698.84
2025-11-01,S014,Southampton Care & Education Centre,South,VH0040,Minibus,1374,161.6,239.17,161.43,520,920.6
2025-11-01,S014,Southampton Care & Education Centre,South,VH0075,Car,958,91.2,134.98,137.9,520,792.88
2025-11-01,S014,Southampton Care & Education Centre,South,VH0130,Car,701,66.8,98.86,197.31,380,676.1700000000001
2025-11-01,S014,Southampton Care & Education Centre,South,VH0017,Minibus,869,102.2,151.26,234.37,380,765.63
2025-11-01,S014,Southampton Care & Education Centre,South,VH0058,MPV,937,89.2,132.02,86.85,450,668.87
2025-11-01,S015,Brighton Care & Education Centre,South,VH0029,Car,1048,99.8,147.7,132.75,380,660.45
2025-11-01,S015,Brighton Care & Education Centre,South,VH0017,Minibus,957,112.6,166.65,191.72,450,808.37
2025-11-01,S015,Brighton Care & Education Centre,South,VH0105,Car,1129,107.5,159.1,282.29,380,821.39
2025-11-01,S016,Cardiff Care & Education Centre,Wales,VH0060,Car,1084,103.2,152.74,229.69,320,702.4300000000001
2025-11-01,S016,Cardiff Care & Education Centre,Wales,VH0002,Van,702,82.6,122.25,162.62,320,604.87
2025-11-01,S016,Cardiff Care & Education Centre,Wales,VH0098,MPV,775,73.8,109.22,31.85,320,461.07
2025-11-01,S017,Swansea Care & Education Centre,Wales,VH0140,Van,865,101.8,150.66,245.35,380,776.01
2025-11-01,S017,Swansea Care & Education Centre,Wales,VH0019,Van,1287,151.4,224.07,169.44,450,843.51
2025-11-01,S017,Swansea Care & Education Centre,Wales,VH0006,Minibus,666,78.4,116.03,234.3,520,870.33
2025-11-01,S017,Swansea Care & Education Centre,Wales,VH0122,Van,1125,132.4,195.95,164.04,380,739.99
2025-11-01,S017,Swansea Care & Education Centre,Wales,VH0099,Van,589,69.3,102.56,78.77,450,631.3299999999999
2025-11-01,S017,Swansea Care & Education Centre,Wales,VH0073,MPV,1033,98.4,145.63,192.9,380,718.53
2025-11-01,S017,Swansea Care & Education Centre,Wales,VH0100,Minibus,500,58.8,87.02,237.03,380,704.05
2025-11-01,S018,Newport Care & Education Centre,Wales,VH0066,MPV,1085,103.3,152.88,217.97,320,690.85
2025-11-01,S018,Newport Care & Education Centre,Wales,VH0042,Van,1223,143.9,212.97,196.61,520,929.58
2025-11-01,S018,Newport Care & Education Centre,Wales,VH0095,MPV,850,81.0,119.88,0.0,520,639.88
2025-11-01,S018,Newport Care & Education Centre,Wales,VH0006,MPV,951,90.6,134.09,230.13,450,814.22
2025-11-01,S018,Newport Care & Education Centre,Wales,VH0111,MPV,1398,133.1,196.99,206.84,520,923.83
2025-11-01,S018,Newport Care & Education Centre,Wales,VH0077,Van,1157,136.1,201.43,180.37,520,901.8
2025-11-01,S019,Wrexham Care & Education Centre,Wales,VH0116,Minibus,910,107.1,158.51,239.6,520,918.11
2025-11-01,S019,Wrexham Care & Education Centre,Wales,VH0114,MPV,1467,139.7,206.76,74.6,380,661.36
2025-11-01,S019,Wrexham Care & Education Centre,Wales,VH0100,MPV,1453,138.4,204.83,124.24,380,709.0699999999999
2025-11-01,S019,Wrexham Care & Education Centre,Wales,VH0119,MPV,1381,131.5,194.62,37.45,380,612.0699999999999
2025-11-01,S019,Wrexham Care & Education Centre,Wales,VH0094,Minibus,1196,140.7,208.24,191.06,520,919.3
2025-11-01,S019,Wrexham Care & Education Centre,Wales,VH0087,Van,696,81.9,121.21,167.48,450,738.69
2025-11-01,S020,Bangor Care & Education Centre,Wales,VH0055,Van,1302,153.2,226.74,82.4,450,759.14
2025-11-01,S020,Bangor Care & Education Centre,Wales,VH0101,Van,675,79.4,117.51,142.65,320,580.1600000000001
2025-11-01,S020,Bangor Care & Education Centre,Wales,VH0037,MPV,1028,97.9,144.89,193.87,380,718.76
2025-11-01,S020,Bangor Care & Education Centre,Wales,VH0121,Minibus,1287,151.4,224.07,245.25,380,849.3199999999999
2025-11-01,S020,Bangor Care & Education Centre,Wales,VH0028,Van,1513,178.0,263.44,167.94,520,951.38
2025-12-01,S001,Preston Care & Education Centre,North,VH0114,MPV,963,91.7,135.72,21.07,450,606.79
2025-12-01,S001,Preston Care & Education Centre,North,VH0007,MPV,984,93.7,138.68,123.09,520,781.77
2025-12-01,S001,Preston Care & Education Centre,North,VH0053,MPV,1290,122.9,181.89,187.0,380,748.89
2025-12-01,S001,Preston Care & Education Centre,North,VH0099,Van,755,88.8,131.42,163.78,450,745.2
2025-12-01,S002,Manchester Care & Education Centre,North,VH0063,Car,1217,115.9,171.53,272.24,320,763.77
2025-12-01,S002,Manchester Care & Education Centre,North,VH0034,Car,1271,121.0,179.08,210.87,320,709.95
2025-12-01,S002,Manchester Care & Education Centre,North,VH0125,Car,1065,101.4,150.07,181.06,320,651.13
2025-12-01,S002,Manchester Care & Education Centre,North,VH0081,Minibus,1362,160.2,237.1,143.38,320,700.48
2025-12-01,S002,Manchester Care & Education Centre,North,VH0136,Minibus,962,113.2,167.54,188.19,450,805.73
2025-12-01,S002,Manchester Care & Education Centre,North,VH0010,MPV,1144,109.0,161.32,248.42,380,789.74
2025-12-01,S003,Leeds Care & Education Centre,North,VH0079,Van,900,105.9,156.73,0.0,520,676.73
2025-12-01,S003,Leeds Care & Education Centre,North,VH0017,Minibus,946,111.3,164.72,323.08,380,867.8
2025-12-01,S003,Leeds Care & Education Centre,North,VH0093,Minibus,1184,139.3,206.16,284.25,450,940.41
2025-12-01,S003,Leeds Care & Education Centre,North,VH0081,Car,980,93.3,138.08,47.68,380,565.76
2025-12-01,S004,Newcastle Care & Education Centre,North,VH0042,Van,1178,138.6,205.13,83.26,380,668.39
2025-12-01,S004,Newcastle Care & Education Centre,North,VH0107,Van,1596,187.8,277.94,195.64,450,923.5799999999999
2025-12-01,S004,Newcastle Care & Education Centre,North,VH0031,MPV,904,86.1,127.43,101.09,320,548.52
2025-12-01,S004,Newcastle Care & Education Centre,North,VH0137,MPV,1026,97.7,144.6,130.84,520,795.44
2025-12-01,S005,Sheffield Care & Education Centre,North,VH0011,Van,1329,156.4,231.47,164.91,520,916.38
2025-12-01,S005,Sheffield Care & Education Centre,North,VH0035,Van,867,102.0,150.96,301.24,380,832.2
2025-12-01,S005,Sheffield Care & Education Centre,North,VH0098,Car,1062,101.1,149.63,211.51,450,811.14
2025-12-01,S006,Birmingham Care & Education Centre,Midlands,VH0047,Car,897,85.4,126.39,179.05,450,755.44
2025-12-01,S006,Birmingham Care & Education Centre,Midlands,VH0115,Car,1127,107.3,158.8,0.0,380,538.8
2025-12-01,S006,Birmingham Care & Education Centre,Midlands,VH0006,MPV,1553,147.9,218.89,253.25,450,922.14
2025-12-01,S006,Birmingham Care & Education Centre,Midlands,VH0126,Van,950,111.8,165.46,61.82,380,607.28
2025-12-01,S006,Birmingham Care & Education Centre,Midlands,VH0089,Car,1136,108.2,160.14,156.94,380,697.0799999999999
2025-12-01,S006,Birmingham Care & Education Centre,Midlands,VH0087,Minibus,1138,133.9,198.17,265.33,450,913.5
2025-12-01,S007,Nottingham Care & Education Centre,Midlands,VH0091,Van,1176,138.4,204.83,265.78,380,850.61
2025-12-01,S007,Nottingham Care & Education Centre,Midlands,VH0127,Minibus,1192,140.2,207.5,166.03,450,823.53
2025-12-01,S007,Nottingham Care & Education Centre,Midlands,VH0005,MPV,1390,132.4,195.95,281.25,450,927.2
2025-12-01,S008,Leicester Care & Education Centre,Midlands,VH0007,Minibus,1838,216.2,319.98,160.12,520,1000.1
2025-12-01,S008,Leicester Care & Education Centre,Midlands,VH0126,Van,1110,130.6,193.29,0.0,450,643.29
2025-12-01,S008,Leicester Care & Education Centre,Midlands,VH0082,Car,1188,113.1,167.39,106.14,450,723.53
2025-12-01,S008,Leicester Care & Education Centre,Midlands,VH0043,Van,1530,180.0,266.4,88.03,320,674.43
2025-12-01,S008,Leicester Care & Education Centre,Midlands,VH0014,Minibus,627,73.8,109.22,212.3,320,641.52
2025-12-01,S008,Leicester Care & Education Centre,Midlands,VH0062,MPV,556,53.0,78.44,210.09,320,608.53
2025-12-01,S008,Leicester Care & Education Centre,Midlands,VH0079,Car,533,50.8,75.18,152.28,450,677.46
2025-12-01,S009,Derby Care & Education Centre,Midlands,VH0052,Van,530,62.4,92.35,124.38,450,666.73
2025-12-01,S009,Derby Care & Education Centre,Midlands,VH0121,Minibus,1460,171.8,254.26,278.85,520,1053.1100000000001
2025-12-01,S009,Derby Care & Education Centre,Midlands,VH0098,Van,834,98.1,145.19,147.5,450,742.69
2025-12-01,S009,Derby Care & Education Centre,Midlands,VH0100,MPV,1054,100.4,148.59,187.81,450,786.4
2025-12-01,S009,Derby Care & Education Centre,Midlands,VH0010,Minibus,708,83.3,123.28,297.41,380,800.69
2025-12-01,S009,Derby Care & Education Centre,Midlands,VH0070,Van,373,43.9,64.97,99.61,450,614.5799999999999
2025-12-01,S010,Coventry Care & Education Centre,Midlands,VH0022,Car,927,88.3,130.68,200.67,380,711.35
2025-12-01,S010,Coventry Care & Education Centre,Midlands,VH0116,Car,1055,100.5,148.74,37.55,380,566.29
2025-12-01,S010,Coventry Care & Education Centre,Midlands,VH0082,Car,803,76.5,113.22,165.89,380,659.11
2025-12-01,S010,Coventry Care & Education Centre,Midlands,VH0131,Minibus,1030,121.2,179.38,203.67,320,703.05
2025-12-01,S010,Coventry Care & Education Centre,Midlands,VH0030,MPV,929,88.5,130.98,205.69,380,716.67
2025-12-01,S011,London Care & Education Centre,South,VH0020,Minibus,920,108.2,160.14,242.95,320,723.0899999999999
2025-12-01,S011,London Care & Education Centre,South,VH0003,MPV,1592,151.6,224.37,36.11,520,780.48
2025-12-01,S011,London Care & Education Centre,South,VH0004,Minibus,587,69.1,102.27,312.69,320,734.96
2025-12-01,S012,Bristol Care & Education Centre,South,VH0032,Car,880,83.8,124.02,124.54,320,568.56
2025-12-01,S012,Bristol Care & Education Centre,South,VH0015,Van,854,100.5,148.74,129.22,380,657.96
2025-12-01,S012,Bristol Care & Education Centre,South,VH0036,MPV,1449,138.0,204.24,214.17,320,738.41
2025-12-01,S012,Bristol Care & Education Centre,South,VH0052,Car,1265,120.5,178.34,36.7,520,735.04
2025-12-01,S012,Bristol Care & Education Centre,South,VH0021,Minibus,762,89.6,132.61,22.87,380,535.48
2025-12-01,S012,Bristol Care & Education Centre,South,VH0048,Van,847,99.6,147.41,226.54,380,753.95
2025-12-01,S012,Bristol Care & Education Centre,South,VH0024,Van,1179,138.7,205.28,132.28,380,717.56
2025-12-01,S013,Reading Care & Education Centre,South,VH0074,Car,1044,99.4,147.11,94.89,380,622.0
2025-12-01,S013,Reading Care & Education Centre,South,VH0016,MPV,1101,104.9,155.25,211.27,450,816.52
2025-12-01,S013,Reading Care & Education Centre,South,VH0114,MPV,646,61.5,91.02,173.97,380,644.99
2025-12-01,S013,Reading Care & Education Centre,South,VH0048,Car,1283,122.2,180.86,116.79,320,617.6500000000001
2025-12-01,S013,Reading Care & Education Centre,South,VH0130,MPV,1225,116.7,172.72,375.17,380,927.89
2025-12-01,S013,Reading Care & Education Centre,South,VH0002,Minibus,1023,120.4,178.19,281.46,380,839.65
2025-12-01,S014,Southampton Care & Education Centre,South,VH0102,Minibus,865,101.8,150.66,264.5,380,795.16
2025-12-01,S014,Southampton Care & Education Centre,South,VH0076,Van,1165,137.1,202.91,165.59,450,818.5
2025-12-01,S014,Southampton Care & Education Centre,South,VH0106,Minibus,795,93.5,138.38,266.51,380,784.89
2025-12-01,S014,Southampton Care & Education Centre,South,VH0130,Car,1415,134.8,199.5,185.89,450,835.39
2025-12-01,S015,Brighton Care & Education Centre,South,VH0042,Car,1290,122.9,181.89,131.04,520,832.93
2025-12-01,S015,Brighton Care & Education Centre,South,VH0017,Car,1237,117.8,174.34,172.34,520,866.6800000000001
2025-12-01,S015,Brighton Care & Education Centre,South,VH0016,Car,812,77.3,114.4,175.48,320,609.88
2025-12-01,S015,Brighton Care & Education Centre,South,VH0127,Minibus,802,94.4,139.71,199.37,450,789.08
2025-12-01,S015,Brighton Care & Education Centre,South,VH0089,Car,1097,104.5,154.66,173.78,450,778.44
2025-12-01,S016,Cardiff Care & Education Centre,Wales,VH0116,Minibus,752,88.5,130.98,334.32,520,985.3
2025-12-01,S016,Cardiff Care & Education Centre,Wales,VH0092,Minibus,1193,140.4,207.79,193.62,380,781.41
2025-12-01,S016,Cardiff Care & Education Centre,Wales,VH0123,MPV,665,63.3,93.68,138.41,380,612.09
2025-12-01,S016,Cardiff Care & Education Centre,Wales,VH0095,Car,938,89.3,132.16,159.05,450,741.21
2025-12-01,S016,Cardiff Care & Education Centre,Wales,VH0128,Van,959,112.8,166.94,0.0,520,686.94
2025-12-01,S017,Swansea Care & Education Centre,Wales,VH0084,Van,952,112.0,165.76,125.55,520,811.31
2025-12-01,S017,Swansea Care & Education Centre,Wales,VH0104,Car,1208,115.0,170.2,94.14,380,644.3399999999999
2025-12-01,S017,Swansea Care & Education Centre,Wales,VH0119,Minibus,1469,172.8,255.74,97.07,520,872.81
2025-12-01,S017,Swansea Care & Education Centre,Wales,VH0116,MPV,1377,131.1,194.03,132.05,520,846.08
2025-12-01,S017,Swansea Care & Education Centre,Wales,VH0040,Minibus,1264,148.7,220.08,256.38,320,796.46
2025-12-01,S017,Swansea Care & Education Centre,Wales,VH0037,Van,1334,156.9,232.21,119.01,380,731.22
2025-12-01,S018,Newport Care & Education Centre,Wales,VH0048,Van,775,91.2,134.98,263.64,520,918.62
2025-12-01,S018,Newport Care & Education Centre,Wales,VH0056,MPV,1021,97.2,143.86,167.72,450,761.58
2025-12-01,S018,Newport Care & Education Centre,Wales,VH0025,Minibus,1358,159.8,236.5,167.44,380,783.94
2025-12-01,S018,Newport Care & Education Centre,Wales,VH0005,Car,1198,114.1,168.87,102.81,520,791.6800000000001
2025-12-01,S019,Wrexham Care & Education Centre,Wales,VH0041,Van,1016,119.5,176.86,155.78,520,852.64
2025-12-01,S019,Wrexham Care & Education Centre,Wales,VH0078,Van,674,79.3,117.36,87.69,380,585.05
2025-12-01,S019,Wrexham Care & Education Centre,Wales,VH0072,Van,1387,163.2,241.54,220.9,320,782.44
2025-12-01,S019,Wrexham Care & Education Centre,Wales,VH0059,Minibus,1034,121.6,179.97,269.45,320,769.42
2025-12-01,S019,Wrexham Care & Education Centre,Wales,VH0049,Car,976,93.0,137.64,258.53,450,846.17
2025-12-01,S019,Wrexham Care & Education Centre,Wales,VH0125,Van,999,117.5,173.9,168.55,450,792.45
2025-12-01,S020,Bangor Care & Education Centre,Wales,VH0061,Van,1336,157.2,232.66,87.81,520,840.47
2025-12-01,S020,Bangor Care & Education Centre,Wales,VH0133,Car,1439,137.0,202.76,27.56,450,680.3199999999999
2025-12-01,S020,Bangor Care & Education Centre,Wales,VH0127,MPV,1457,138.8,205.42,120.19,450,775.61
2025-12-01,S020,Bangor Care & Education Centre,Wales,VH0056,Minibus,989,116.4,172.27,98.8,520,791.0699999999999
